"IMF number","Product description","IE number","PAR level","Comment","REF"
"45","KIT,HUMIDIFIER,DISP","IE211","L:6","test1","HUD006-40"
"79","SET,IRRIGATION,UROLOGIC,Y-TYPE","IE211","L:3","test2","2C4041"
"81","KIT,SUCTION,18FR CATH,WHISTLE","IE211","L:6","","DYND40974"
"166","CELLULOSE,OXIDIZED,4 X 8IN,ABS","IE211","L:10","","1952S"
"178","DRAIN,PLUER,EVAC,CHEST","IE211","L:0","","S-1100-08LF"
"180","STRAW,DRINKING,FLEXIBLE","IE211","L:80","","NON02315"
"214","TAPE,TRANSPORE,1IN,HYPO","IE211","L:6","","1527-1"
"222","SPIROMETER,INCENTIVE,EXCERCISE","IE211","L:6","","8884719010"
"236","NEBULIZER,MICRO MIST,ADAPTER,H","IE211","L:8","","1884"
"246","PITCHER,DRINKING,1QT,FOAM","IE211","L:0","","DYND80412"
"437","MASK,AEROSOL,DISP","IE211","L:8","","1206"
"445","MOUTHWASH,4OZ,MINT,NON-ALCOHOL","IE211","L:16","","CTR000413"
"446","BAG,DRAINAGE,METER","IE211","L:2","","DYND17403"
"468","DIAPER,ADULT,BRIEF,LARGE,TAPE","IE211","L:24","","MSC33505"
"469","DIAPER,ADULT,BRIEF,MED,WHITE,D","IE211","L:12","","60033"
"571","GAUZE,BANDAGE,KERLIX,4.5IN","IE211","L:12","","NON25865"
"588","CATH,URETHRAL,ROBINSON-NELATON","IE211","L:4","","8888492041"
"594","KIT,TRACH,CARE","IE211","L:4","","47890"
"1481","ELECTRODE,EKG,DIAPH,FOAM,WET G","IE211","L:8","","2560"
"1558","VALVE,LOPEZ,ENTERNAL","IE211","L:4","","M9000-T"
"1560","STOCKING,COMPRESSION,BK,SM REG","IE211","L:2","","MDS160624"
"1583","GEL,ULTRASONIC,TRANSMISSION","IE211","L:3","","8-Mar"
"1603","BANDAGE,TUBULAR,NYLON,SZ 6,25Y","IE211","L:2","","MT06"
"1608","STRAINER,CALCULI","IE211","L:2","","2110SA"
"1622","UNDERPAD,BED,30X36IN,TRANQUILI","IE211","L:20","","2710"
"1624","ADAPTER,OXYGEN,W/NUT,STANDARD","IE211","L:20","","2555"
"1625","MASK,ADULT,PERCENTO","IE211","L:6","","1940"
"1626","CONNECTOR,TUBING,OXYGEN","IE211","L:40","","1811"
"1627","MASK,OXYGEN,NON-REBREATHER,ADU","IE211","L:5","","1060"
"1772","BOARD,ARM,DISPOSABLE","IE211","L:0","","NON24290"
"1776","PACK,HOT/COLD","IE211","L:6","","33500"
"1787","BLADE,CLIPPER,SURGICAL,STERILE","IE211","L:10","","9660"
"1825","KIT,REMOVAL,STAPLE,STERILE,DIS","IE211","L:4","","PSX"
"1828","NEEDLE,30GAX1/2IN,DISPOSABLE","IE211","L:30","","305106"
"1906","DRESSING,3X16IN,NONADHERENT,ST","IE211","L:12","","CUR250317"
"1912","GLOVE,SURG,NAT RUBBER,SZ 6,POW","IE211","L:8","","41160"
"1914","GLOVE,NON LATEX BIOGEL,7.5,STE","IE211","L:6","","41175"
"1915","GLOVE,BIOGEL,8,STERILE","IE211","L:6","","41180"
"1917","TUBE,DRAINAGE,LEG BAG","IE211","L:6","","538"
"1919","PLUG,CATHETER","IE211","L:4","","1600"
"1952","SWAB,COLLECTION,AEROBIC,PLSTC,","IE211","L:0","",""
"1954","SCALPEL,#10,W/HANDLE,DISPOSABL","IE211","L:2","","372610"
"1972","TUBE,SUCTION,YANKAUER","IE211","L:8","","K86"
"1975","WOUND,CLOSURE STRIP,1/4IN X 4I","IE211","L:4","","R1546"
"1984","DRESSING,TELFA,NONADHER,3X8,ST","IE211","L:16","","1238"
"1988","GAUZE,IODOFORM,1/2IN","IE211","L:2","","7832"
"1990","CATHETER,FOLEY,14FR,5CC","IE211","L:2","","0165L14"
"1994","SYRINGE,10CC,L/L","IE211","L:20","","302995"
"1998","CUP,DENTURE,8OZ,W/LID,PLASTIC","IE211","L:10","","DYND70293"
"2016","STETHOSCOPE,MANUAL,DUAL HEAD,L","IE211","L:5","","6515-00-NIB-0115"
"2041","DRESSING,TRANSPARENT,4X4 3/4IN","IE211","L:16","","1616"
"2043","DRESSING,IMPREGNATED,3 X 3IN,O","IE211","L:20","","6112"
"2053","BAG,LEG,URINE,32OZ","IE211","L:6","","DYND12578"
"2087","STOCKING,COMPRESSION,BK,LG REG","IE211","L:2","","7203"
"2189","WIPES,PERSONAL,TOWELETTE,PRE-M","IE211","L:20","","MDS094181"
"2234","RESTRAINT,WRIST","IE211","L:4","","MDT829020C"
"2238","MASK,ADULT,TRACH,DISP","IE211","L:2","","1075"
"2242","MASK,OXYGEN,ADULT SZ 6","IE211","L:4","","HUD1930"
"2314","BEDPAN,FRACTURE,PLSTC,REUSABLE","IE211","L:4","","DYNC8522"
"2518","GAUZE,PETROLEUM,3X18I,NONADH","IE211","L:6","","MAY884414600Z"
"2622","CATHETER,3WAY,24FR,30CC","IE211","L:0","","0167L24"
"2629","CATHETER,COUDE,CARSON,14FR,5CC","IE211","L:3","","0168L14"
"2630","CATH,URETHRAL,FOLEY,16FR,2-WAY","IE211","L:3","","0168L16"
"2645","CATHETER,ROBINSON,16FR","IE211","L:3","","277716"
"2648","CATH,URETHRAL,STR,18FR,HOLLOW","IE211","L:2","","277718"
"3413","BAG,FECAL,COLLECTION","IE211","L:3","","9821"
"3769","BANDAGE,COBAN,2IN,NONSTERILE","IE211","L:20","","2082"
"5045","SOLUTION,IRRIGATION,0.9% NACL,","IE211","L:0","","2F7123"
"5047","SOLUTION,IRRIGATION,STER WATER","IE211","L:0","","2F7113"
"5077","SOLUTION,IRRIGATION,0.9% NACL,","IE211","L:0","","R8206"
"5595","GLOVE,BIOGEL,7,STERILE","IE211","L:4","","41170"
"5960","SPONGE,GAUZE,2 X 2IN,STER,8-PL","IE211","L:150","","1806G"
"5991","BAG,BODY,POLYOLEFIN,40 X 96IN,","IE211","L:2","","55701-00-MBC"
"6086","MASK,SURGICAL,W/SHIELD,TIE","IE211","L:25","","15330"
"6147","BIDER,ABDOMINAL,UNIV LONG,HT 9","IE211","L:0","","ORT21110LXL"
"6153","PUNCH,BIOPSY,BAKER,3MM,STERILE","IE211","L:0","","33-32"
"6251","TUBE,FEEDING NG 8FR W/STLET 3G","IE211","L:3","","20-7438"
"6288","SWAB,MOUTH,TOOTHETTE,FOAM TIPP","IE211","L:3","","6120"
"6291","TAPE,ADHESIVE,CLOTH,1IN","IE211","L:6","","1538-1"
"6353","APPLICATOR,TIPPED,COTTO,L 6IN,","IE211","L:20","","MDS202000"
"6357","TISSUE,FACIAL,2-PLY,8 X 8IN,10","IE211","L:12","","48550"
"6555","BAG,TRANSPORT,SPECIMEN,BIOHAZA","IE211","L:200","","AR69P"
"6691","PIN,SAFETY,LARGE,NON STERILE","IE211","L:25","","MDT223025Z"
"7102","FLOSS WAXED","IE211","L:15","","1115A"
"8983","CUFF,B/P,ADULT,25,35CM,H/P,MED","IE211","L:0","","REUSE-11"
"9057","BATTERY,AA,NONRECHARGEABLE,ALK","IE211","L:144","","PC1500"
"9059","CATHETER,EXT,SIL,MED","IE211","L:12","","33102"
"9061","CATHETER,EXT,SIL,LG","IE211","L:6","","36104"
"9295","PAD,ALCOHOL,70% ISOPROPYL","IE211","L:800","","6818"
"9296","BANDAID,ADHESIVE,PLASTIC,STRIP","IE211","L:100","","44101"
"9299","KIT,SUCTION,14FR CATH,WHISTLE","IE211","L:4","","37424"
"9300","DEPRESSOR,TONGUE,WOOD,STL","IE211","L:50","","C1560-006"
"9301","SPONGE,GAUZE,4 X 4IN,100% COTT","IE211","L:100","","3033G"
"9305","DRESSING,GEN USE,ABD PAD,8 X 1","IE211","L:18","","9194A"
"9306","SPONGE,GAUZE,DRAIN,4 X 4IN,6-P","IE211","L:50","","7086"
"9307","CATH,URETHRAL,FOLEY,2-WAY,16FR","IE211","L:3","","DYND11756"
"9308","CATHETER,FOLEY,18FR,5CC","IE211","L:3","","DYND11758"
"9311","BASIN,EMESIS,DISP,PLASTIC","IE211","L:16","","DYND80327N"
"9312","COTTON BALL,UNCOVERED,DIA 2IN,","IE211","L:4","","MDS21463"
"9313","CUP,STYROFOAM,6OZ,DISP","IE211","L:6","","6J6"
"9402","GOWN,SURG,IMPERVIOUS,STER,DISP","IE211","L:0","","C9545"
"9414","TUBING,SUCTION,L 6FT,FEMALE CO","IE211","L:12","","8888301515"
"9415","URINAL,MALE,PLSTC,1000ML,W/LID","IE211","L:16","","DYND80235S"
"9419","TRAY,CATHETERIZATION,FOLEY","IE211","L:4","","5029"
"9420","TRAY,IRRIGATION","IE211","L:4","","68800"
"9427","SYRINGE,3CC,L/L","IE211","L:60","","1180300777"
"9434","SYRINGE,30CC,L/L","IE211","L:2","","8881535762"
"9435","SYRINGE,60CC,L/L","IE211","L:2","","8881560125"
"9436","SYRINGE,60CC,CATH TIP","IE211","L:3","","309620"
"9625","TOWEL,SURGICAL,BARRIER,PACK","IE211","L:0","","3520"
"9627","KIT,REMOVAL,SUTURE,STERILE,DIS","IE211","L:3","","Jun-00"
"9845","CUFF,B/P,ADULT,33,47CM,H/P,LAR","IE211","L:0","","REUSE-12"
"9871","BAG,ENEMA,1500ML,PRE-LUBRICATE","IE211","L:2","","DYND70102"
"9919","BOTTLE,SPECIMEN,URINE,24HR","IE211","L:2","","DYND80024"
"10043","TAPE,MEDICAL,ELASTIC FOAM,SURG","IE211","L:3","","1528-1"
"10310","BATTERY,C,NONRECHARGE","IE211","L:2","","PC1400"
"10377","BATTERY,ALKALINE,SZ D,DURACELL","IE211","L:2","","MN1300CT"
"10931","TAPE,ADHESIVE,PAPER,1I,HYPO","IE211","L:6","","1530-1"
"10934","SNGE,5ML,LUER LOCK","IE211","L:40","","309646"
"10936","SYRINGE,W/O NEEDLE,20ML,LL TIP","IE211","L:2","","1182000777"
"10938","CUP,MEDICINE,10Z,PLASTIC","IE211","L:4","","DYND80000N"
"12075","ADAPTER,MULTIPLE,SAMPLE","IE211","L:40","","367290"
"12112","PLUG,PROTECTION,EAR","IE211","L:30","","MAX-1"
"12205","PAD,SANITARY,MATERNITY,3 X 11I","IE211","L:6","","1380A"
"12562","TOOTHBRUSH,STRAIGHT,ADULT SIZE","IE211","L:15","","55501"
"13308","DRESSING,ALGINATE,4X4IN,CALCIC","IE211","L:1","","529937"
"13310","KIT,IV START,STERILE,L/F,CHLOR","IE211","L:16","","74464"
"13394","SLING,ARM,ENVELOPE,LG,SYNTHETI","IE211","L:0","","TX9902-05"
"13492","COMB,HAIR,PLASTIC,5IN","IE211","L:30","","MDS137007Z"
"13769","COLLAR,CERVICAL,PHILI,MED,4.25","IE211","L:2","","PHP-T4M"
"13843","MASK,FACE,SURG,W/O SHIELD,PLTD","IE211","L:50","","AT74535"
"14527","TUBE,NG,SALEM SUMP,PVC,16FR","IE211","L:2","","8888266130"
"14528","TUBE,NG,SALEM SUMP,PVC,18FR","IE211","L:4","","8888266148"
"14992","STOCKING,THIGH HI,XL/REG","IE211","L:2","","MDS160888"
"15063","TAMPON,CARDBOARD SLEEVE,TAMPAX","IE211","L:6","","822000"
"15911","RING,BARRIER,SKIN","IE211","L:10","","7805"
"16101","BARRIER,1.75IN WITH,FLANGE,2.2","IE211","L:5","","14603"
"16466","STRAP,CATH,LEG,FABRIC,VELCRO C","IE211","L:6","","316"
"16927","LANCET,SAFETY,1.8MM,21GA","IE211","L:2","","8290366577"
"17204","BAG,DRAINAGE,4000ML","IE211","L:2","","153509"
"17597","ELECTRODE,EKG,RESTING,CONDUCTI","IE211","L:8","","31433538"
"18141","DRESSING,GEN USE,ISLAND,4 X 4I","IE211","L:16","","7550"
"18274","REMOVER,ADHESIVE,WIPE","IE211","L:16","","30039"
"18325","SET,IV ADMIN,NITROGLYCERIN,MED","IE211","L:4","","2260-0500"
"18816","PAPER,EKG,THERMAL,RED GRID","IE211","L:2","","1272335"
"18827","HOLDER,TUBE,TRACH,3/4IN,ADJ","IE211","L:4","","240"
"18932","DRESSING,TRANSPARENT,2 3/8INX2","IE211","L:30","","1624W"
"19551","BANDAGE,ELASTIC,SAFEWRAP,LF,4I","IE211","L:6","","MDS087004LF"
"19552","BANDAGE,ELASTIC,COMPRESSION,6I","IE211","L:3","","MDS087006LFG"
"19651","STOCKING,COMPRESSION,THIGH-HIG","IE211","L:2","","MDS160848"
"19676","CATHETER,IV,SAFETY,18GA X1.25I","IE211","L:10","","3065"
"19677","CATHETER,IV,SAFETY,20GAX1.25IN","IE211","L:10","","3066"
"19678","CATHETER,IV,SAFETY,22GAX1IN","IE211","L:10","","306001"
"19845","DRESSING,FOAM,4 X 4IN,SQ,WATER","IE211","L:15","","55544"
"19846","DRESSING,FOAM,4 X 8IN,POLYURET","IE211","L:0","","55548"
"19968","SET,BLOOD ADMIN,200 MICRON FIL","IE211","L:6","","2477-0007"
"20047","SET,EXTENSION,NEEDLELESS,VALVE","IE211","L:15","","MC33150"
"20057","CANNULA,NEEDLELESS,ACCESS VALV","IE211","L:8","","MC100"
"20187","CANISTER,NEG PRESS DRESS SYS,W","IE211","L:0","","M8275071/10"
"20557","WIPES,CLEANING,GERMICIDAL,HARD","IE211","L:0","","P13872"
"20621","WIPES, PDI EASY SCREEN","IE211","L:0","","P03672"
"20629","CUP,URINE,NONSTERILE,BLUE TOP","IE211","L:18","","364975"
"20636","SLEEVE,SKIN,MEDIUM","IE211","L:5","","6000"
"20637","SLEEVE,SKIN,LARGE","IE211","L:5","","6000L"
"22138","NEEDLE,SAFET,18GAX1.5IN,1M","IE211","L:5","","8881850815"
"22140","NEEDLE,SAFETY,25GAX5/8IN","IE211","L:0","","8881850558"
"22141","NEEDLE,SAFETY,23GAX1IN","IE211","L:10","","8881850310"
"22143","NEEDLE,FILTER,18GA X 1 1/2IN","IE211","L:40","","305211"
"22288","TAPE,MEDICAL,SOFT CLOTH,2IN","IE211","L:4","","2862"
"22289","TAPE,MEDICAL,SOFT CLOTH,4IN","IE211","L:2","","2864"
"22351","SYRINGE,TB,1CC,28GAX1/2IN,SAFE","IE211","L:12","","8881882812"
"22352","SYRINGE,INSULIN,1CC,29GAX1/2IN","IE211","L:60","","8881892910"
"22755","DIAPER,ADULT,XLARGE","IE211","L:30","","66035"
"22840","URINE METER CATH TRAY KIT,18FR","IE211","L:0","","A902918"
"22917","TABLET,DENTURE,CLEANSER","IE211","L:18","","MDS136405"
"22929","BRIDLE,PRO,AMT,8F-10F","IE211","L:4","","4-420810"
"22930","BRIDLE,PRO,AMT,16F-18F","IE211","L:4","","4-421618"
"23111","OXYMASK,OXYGEN,MASK","IE211","L:5","","OM11258ML"
"23112","MASK,OXY,PLUS","IE211","L:5","","OP-1125-8"
"23157","STRIP,GLUCOSE TESTING,ACCU-CHE","IE211","L:6","","5942861001"
"23158","EAR PROTECTORS E-Z WRAP","IE211","L:3","","1016050"
"23695","SCISSORS-SHARP/BLUNT-5.5-STERI","IE211","L:6","","65945"
"23927","DEVICE,BLOOD COLLECTION,BLOOD","IE211","L:15","","36488000"
"23967","SENSOR,CHAIR, 6 MO","IE211","L:2","","8309"
"23968","LABEL,GENERAL USE,2 X 1.25IN,1","IE211","L:0","","THERMD50"
"23971","TUBE,SILK,FEEDING,NG,10FR","IE211","L:3","","20-9551"
"23973","STOCKING,COMPRESSION,KNEE-HIGH","IE211","L:4","","7604"
"24113","NEEDLE HOLDER,STACKABLE","IE211","L:24","","364815"
"24168","POWDER,STOMA,ADAPT","IE211","L:1","","7906"
"24352","DRESSING,PRESSURE","IE211","L:3","","2019"
"24811","COVER,THERMOMETER PROBE,SURETE","IE211","L:10","","05031-750"
"26592","STOPCOCK,3-WAY,HI PRES","IE211","L:6","","H3RRC"
"27022","DRESSING,HYDROCOLLOID,4 X 5IN,","IE211","L:3","","422299"
"27065","TAPE,MEDICAL,ELASTIC FOAM,3IN","IE211","L:3","","1528-3"
"27104","PAPER,EKG,FOR ZOLL M SERIES,FA","IE211","L:2","","8000-000877-01"
"27869","DRESSING,BORDER LITE,MEPILEX,1","IE211","L:10","","581011"
"27870","MEPILEX,BORDER LITE,2X5","IE211","L:0","","581100"
"27871","MEPILEX,BORDER LITE,3X3","IE211","L:5","","595200"
"27976","SET,INFUSION,PCA,90IN,LATEX FR","IE211","L:4","","30873"
"28018","DEVICE,CATH SECUREMENT,FOLE,ST","IE211","L:6","","FOL0102"
"29255","RULER,MEASURING,WOUND,PAPER,DI","IE211","L:1","","MSCEDURULER"
"29362","DRESSING,ADHESIVE,4X4,W/ANTIMC","IE211","L:3","","MSC9604"
"29363","DRESSING,NON-ADHE,4X4,ANTIMCRO","IE211","L:3","","MSC9614EP"
"29493","SOLUTION,IRRIGATION,STER WATER","IE211","L:8","","2F7112"
"29494","SOLUTION,IRRIGATION,0.9% NACL,","IE211","L:8","","R5201-01"
"29660","SLEEVE,FULL ARM,SHOWER PROT,RE","IE211","L:5","","12106"
"29845","KIT,ORAL CARE","IE211","L:5","","6429"
"29885","CHLORAPREP,ONE STEP,3ML","IE211","L:20","","930400"
"29988","NEEDLE,SAFETY,27GA,5/8INCH","IE211","L:10","","305921"
"30016","DRESSING,BORDER LITE,MEPILEX,4","IE211","L:10","","595300"
"30039","DRESSING,XEROFORM,PETROLATUM,F","IE211","L:6","","8884433605"
"30042","POWDER,TALCUM,1.5 OZ","IE211","L:10","","5256"
"30058","SWAB,POVIDONE IODINE,10% W/V","IE211","L:10","","S41350"
"30062","WASH,SHAMPOO,BODY,4OZ","IE211","L:17","","MSC092SBW04"
"30091","CUFF,CALF,SCD,DISPOSABLE,VENAF","IE211","L:2","","3040"
"30172","TOOTHPASTE,TUBE,.85 OZ","IE211","L:15","","9782"
"30199","ADHESIVE,CREAM,FIXODENT","IE211","L:10","","80717506"
"30262","SOLUTION,POVIDONE IODINE,10%,1","IE211","L:12","","DYNDA2232A"
"30263","SOLUTION,HYDROGENPEROXIDE,3%,1","IE211","L:6","","APLP1012BK"
"31669","BARRIER,CREAM,PROTEC,4OZ","IE211","L:10","","325614"
"31670","FOAM,CLEANSING,ALOE VESTA,8OZ","IE211","L:6","","MSC092104"
"31896","DEVICE,STATLOCK,325PSI","IE211","L:10","","IV0563P"
"32038","LINER,SUCTION,FLEX ADVANTAGE,1","IE211","L:15","","65651-920C"
"32171","SWAB,SUCTION,ALCOHOL FREE,ORAL","IE211","L:5","","6513"
"32186","DRESSING,FOAM,SILICONE,4X8INCH","IE211","L:8","","496405"
"32401","ELECTRODE,DIAPHORETIC,530 SERI","IE211","L:15","","2660-5"
"32463","ADHESIVE,LIQUID,MASTISOL","IE211","L:10","","0523-48"
"32527","GLOVE,EXAM,NITRILE,SM,LTX-FREE","IE211","L:4","","72-50901"
"32528","GLOVE,EXAM,NITRILE,MED,LTX-FRE","IE211","L:6","","72-50902"
"32529","GLOVE,EXAM,NITRILE,LG,LTX-FREE","IE211","L:6","","72-50903"
"32530","GLOVE,EXAM,NITRILE,XL,LTX-FREE","IE211","L:6","","72-50904"
"32679","CREAM,SKIN REPAIR,REMEDY,4OZ","IE211","L:10","","MSC0924004"
"33830","POUCH,DRAINABLE,1.75X2.25","IE211","L:10","","18183"
"33904","BAD,PATIENT,IDENTIFICATION,SEC","IE211","L:2","","SC-1-LA"
"33930","DIAPER,ADULT,PULL ON BRIEF,LG","IE211","L:16","","2116"
"33996","ELECTRODE,AED,ONESTEP","IE211","L:2","","8900-0214-01"
"34708","DIAPER,BRIEF,ADULT,XXL","IE211","L:12","","2118"
"34972","ADHESIVE,RELEASER,STING FREE","IE211","L:2","","420798"
"35035","WIPES,DISPOSABLE,GERMICIDAL,SA","IE211","L:0","","Q55172"
"35041","CLOTH,CHLORHEXIDINE,GLUCONATE","IE211","L:6","","9717"
"35069","CAP,IV,DISINFECT,CUROS,JET","IE211","L:50","","CFJ5-250"
"35140","DIAPER,ADULT,X-LARGE,PULL-UP,E","IE211","L:28","","2117"
"35362","BAG,PLASTIC,BEDSIDE,6.5X3.5X11","IE211","L:200","","NON24309P"
"35486","FLUSH,SALINE,10ML,IN 10ML SYR,","IE211","L:150","","306546"
"35511","JELLY,SURGILUBE,STERILE,5GM","IE211","L:25","","281020545"
"35655","SPLITTER,TABLET,CUT IN HALF,PL","IE211","L:5","","67015BC1"
"35658","PILL CRUSHER","IE211","L:5","","71091"
"35845","FOOTWEAR,PATIENT,NON-SKID,MED,","IE211","L:5","","68125-TM"
"35846","FOOTWEAR,PATIENT,YELLOW,XL","IE211","L:5","","68125-YXLA"
"35847","FOOTWEAR,PATIENT,3XL","IE211","L:12","","68125-PUR"
"35848","FOOTWEAR,PATIENT,BROWN,BARIATR","IE211","L:5","","68125-BRN"
"35983","CATHETER,COUDE,14FR,LOFRIC,16I","IE211","L:0","","4441440"
"37163","BASIN,WASH,PLASTIC,DISPOSABLE,","IE211","L:15","","DYND80347"
"37293","BAG,EMESIS,BLUE","IE211","L:20","","EME-BAG"
"37636","NEEDLE,HYPO,20GAX1.5IN,SAFETY,","IE211","L:10","","8881850015"
"37957","APPLICATOR,ULTRAMIST","IE211","L:1","","CP-80040"
"37985","WIPES,CLEANING,GERMICIDAL,HARD","IE211","L:0","","P54072"
"38101","GLASSES,SAFETY,PLSTC LES,CLR,U","IE211","L:3","","SV50A"
"38220","MITT,PEAK A BOO","IE211","L:2","","2811"
"38318","SENSOR,ADHESIVE,ADULT,ADTX,LNC","IE211","L:15","","1859"
"38459","CAP,MALE,TIPS,DISINFECTION,3M","IE211","L:50","","CM5-200"
"38682","CONNECTOR,TRANSITION,ENFIT","IE211","L:5","","VED-001"
"38683","SYRINGE,ENTERAL,MONOJET,ENFIT,","IE211","L:5","","460SE"
"38866","SYRINGE,ENFIT,12ML,MONOJECT","IE211","L:5","","412SE"
"38875","TRAY,CATHETER,ITNTERMITTENT,14","IE211","L:2","","DYND10402"
"39014","CATHETER,MALE EXTERNAL,LIBERTY","IE211","L:4","","2102610"
"39152","KIT,HEMOCULT,MAILER,OCPU-VA1","IE211","L:0","","OCPU"
"39199","CUFF,BP,1 PIECE,ADULT,TUBELESS","IE211","L:20","","SOFT-11"
"39201","CUFF,BP,1 PIECE,ADULT,LARGE,TU","IE211","L:12","","30503-14A"
"39202","CUFF,BP,1 PIECE,ADULT,SMALL,TU","IE211","L:12","","30503-12A"
"39203","CUFF,BP,1 PIECE,ADULT,LONG,TUB","IE211","L:20","","SOFT-11L"
"39218","HOLDER,LIMB,FOAM","IE211","L:3","","2532"
"39230","POSEY SELF RELEASING ROLL BELT","IE211","L:2","","1135QR"
"39581","MEPILEX,BORDER,SACRUM,16X20CM","IE211","L:10","","282055"
"39961","BARRIER FILM,CAVILION,1.0ML WI","IE211","L:24","","3344"
"40480","CONECTOR,ACE,W/ ENTERNAL ACCES","IE211","L:5","","485"
"40483","SYRINGE,FEEDING,ENFIT,60CC","IE211","L:3","","ENF60"
"40668","NEEDLE,BUTTERFLY,ULTRATOUCH,25","IE211","L:4","","367363"
"40909","DEODORANT,ROLL ON,1.5 OZ","IE211","L:15","","MSC095010"
"40947","POUCH,TELEMETRY,WHITE POLYESTE","IE211","L:6","","9.89803E+11"
"41271","TUBING,OXYGEN CONNECTING,L 7FT","IE211","L:16","","1925"
"41341","CONTAINER,URINE COLLECTION,COM","IE211","L:12","","2500SA"
"41402","TUBE,FEEDING,NASOGASTRIC,NASOI","IE211","L:3","","40-9551"
"41592","DRESSING,GEL,TEGADERM CHG","IE211","L:3","","1877-2100"
"41595","CANNULA,NASAL,O2,NON-FLARE TIP","IE211","L:15","","1365"
"41960","PULSE,OXIMETER","IE211","L:4","","81560630"
"42036","LINER,PITCHER,PLSTC,CARAFE,1QT","IE211","L:100","","DYND80528"
"42037","PITCHER,HANDLE,W/LID,GRAPHITE","IE211","L:20","","DYND80535N"
"42180","LINERS,COMMODE","IE211","L:2","","MDSBSPROBE"
"42667","EAR BUD,WHT,MAXELL,EB95","IE211","L:20","","AE-215"
"42684","MASK,EYE,SLEEPING,BLACK","IE211","L:15","","SPMASKB"
"42720","CATHETER,FEMALE,PUREWICK","IE211","L:5","","PWF030F"
"42735","MASK,FACE,PROCEDURE,FULL PLTD,","IE211","L:150","","PPE-M-AS-SUR-S"
"42781","PACK,GEL,HOT,COLD,LRG,REUSABLE","IE211","L:4","","80104"
"43117","SLIPPER,FALL PREVENTION,YELLOW","IE211","L:10","","M3044-B"
"43118","SLIPPER,FALL PREVENTION,YELLOW","IE211","L:5","","MDTPS4B05FPY"
"43145","SLIPPER,FALL PREVENTION,YELLOW","IE211","L:10","","80184"
"45122","KIT,CATH,FOLE,16FR,SIL,LTX-FRE","IE211","L:2","","URO170816"
"48228","NOSA,MENTHOL,NASAL,PLUG,PK/100","IE211","L:10","","NO110901"
"48367","BARRIER,SKIN,MOISTURE,ADH SHT,","IE211","L:1","","LPC50015CSE"
"48478","WRAP,INCONTINENCE,QUICKCHANGE","IE211","L:25","","UIM1025"
"48763","SHIELD,SHOWER,7 X 7,DISP","IE211","L:5","","SS77"
"48862","PACK,HOT,INSTANT,5X7","IE211","L:10","","MDS149010"
"49831","SWAB UTM ULT MINITIP FLK FLXB","IE211","L:5","","3C057N"
"49967","CATHETER,MALE,PUREWICK","IE211","L:8","","PWM030"
"50056","SET,FEEDING,THICK FORMULA W/FL","IE211","L:2","","E10FFR"
"50166","DRESSING,SACRUM,OPTIVIEW","IE211","L:10","","MSCOV77EP"
"50188","SOLUTION,CONTACT LENS,10OZ,OPT","IE211","L:0","",""
"50189","SOLUTION,CONTACT LENS,2OZ,OPTI","IE211","L:0","",""
"50203","SOLUTION,IRRIGATION,0.9% NACL,","IE211","L:0","","2B7477"
"50209","BAG,ENTERAL,KANGAROO,OMNI,W/FL","IE211","L:6","","BSPFF"
"50210","BAG,ENTERAL,DUAL,KANGAROO,OMNI","IE211","L:4","","B10FF"
"50294","CREAM,SKIN,PHYTOPLEX,12.5% DMT","IE211","L:4","","MSC092562"
"50295","PROTECTOR,HEEL,FOOTCHECK,W WE","IE211","L:0","",""
"50348","WEDGE,POSITIONING,16X11X5IN,CO","IE211","L:0","",""
"50416","OINTMENT, ANTIFUNGAL, PHYTOPLE","IE211","L:0","",""
"50417","BARRIER,SKIN,36X10IN,DRIGO-HP,","IE211","L:0","",""
"50419","CLEANSER DERMAL OR PERINEAL NE","IE211","L:10","","MSC095311"
"50420","WIPES,PERSONAL,SKIN CLEANSING/","IE211","L:30","","MSC092503"
"50421","WIPE,PERSONAL,CLEANSING,PRE-MO","IE211","L:6","","MSC095102"
"50422","CAP,SHAMPOO/CONDITIONER,ALL IN","IE211","L:6","",""
"50423","LIPBALM,REMEDY,PHYTOPLEX,0.15","IE211","L:20","",""
"50545","CULTURE,VENIPUNCTURE,23GA,BLOO","IE211","L:4","","CA58825"
"50613","UNDERPAD INCONTINENCE COMFORTG","IE211","L:0","",""
"50617","SET,IV ADMIN,INF,SMARTSITE,NEE","IE211","L:15","","2420-0007"
"50636","DRESSING,FOAM,9 X 9.125IN,SIL,","IE211","L:0","",""
"50641","IV ADMIN SET,SECONDARY,40 W/ H","IE211","L:17","","DYNDTA1540"
"50803","KIT,DRESSING,CENTRAL LINE,PICC","IE211","L:2","",""
"59215","HYPICHLOROUS,WOUND,WASH","IE211","L:3","","6517"
"59596","BAG,EMESIS,WHITE,HDPE","IE211","L:20","","NON80331"
"59597","CUP,SPECIMEN,WHT","IE211","L:10","",""
"59795","SET,SURELEAD,PHILIPS 5 COMPAT","IE211","L:20","","DLS-PHP5L-4F"
"59848","SWAB COLLECTION ANALYZER PART","IE211","L:10","",""
"60061","KIT,SHAVING,1.5OZ,CREAM DISPOS","IE211","L:6","","DYKD2001S"
"61269","SLING,COMFORT HIGH,POLYPROPYLE","IE211","L:10","",""
"61270","SLING,COMFORT,LARGE,POLY,DISPO","IE211","L:5","",""
"61271","SLING,COMFORT,X-LARGE,POLY,DIS","IE211","L:5","",""
"61404","BOTTLE,DRAINAGE,1000ML,SPIKE-A","IE211","L:5","","JGGSV1000SSP"
"96017","FORCEP,KELLY,CVD,5.5IN,DISP","IE211","L:4","","SS09-0627 F"
"98006","BATTERY,AAA,NONRECHARGEABLE,AL","IE211","L:16","","PC2400"
"99015","BAG,PATIENT,BELONGING","IE211","L:50","","BIOBAGGY1820"
"129613","CANNULA,BLUNT,PLASTIC","IE211","L:80","","8881540111"
"129805","LABEL,BARCODE,1INX3IN","IE211","L:3","","DTL893"
"463","TUBE,VACUUMBLOOD,13 X 100MM,5M","IE219","L:5","","367986"
"1606","SPONGE,GAUZE,GEN USE,2 X 2IN,8","IE219","L:20","","NON25208"
"1994","SYRINGE,10CC,L/L","IE219","L:0","","302995"
"2189","WIPES,PERSONAL,TOWELETTE,PRE-M","IE219","L:300","","MDS094181"
"3769","BANDAGE,COBAN,2IN,NONSTERILE","IE219","L:30","","2082"
"6348","LOOP,STERILE,DISPOSABLE,INOCUL","IE219","L:0","","220215"
"6357","TISSUE,FACIAL,2-PLY,8 X 8IN,10","IE219","L:6","","48550"
"6555","BAG,TRANSPORT,SPECIMEN,BIOHAZA","IE219","L:400","","AR69P"
"9295","PAD,ALCOHOL,70% ISOPROPYL","IE219","L:1600","","6818"
"9296","BANDAID,ADHESIVE,PLASTIC,STRIP","IE219","L:500","","44101"
"9300","DEPRESSOR,TONGUE,WOOD,STL","IE219","L:100","","C1560-006"
"9309","BAG,PAPER,GROCERY,# 25","IE219","L:50","","NONBPB25H"
"9313","CUP,STYROFOAM,6OZ,DISP","IE219","L:2","","6J6"
"9415","URINAL,MALE,PLSTC,1000ML,W/LID","IE219","L:10","","DYND80235S"
"9630","BAG,PAPER,KRAFT,10.75X5.25","IE219","L:50","","NONBPB5"
"9919","BOTTLE,SPECIMEN,URINE,24HR","IE219","L:12","","DYND80024"
"9922","MASK,SURG,MOLDED","IE219","L:50","","NON27381"
"10934","SNGE,5ML,LUER LOCK","IE219","L:0","","309646"
"12075","ADAPTER,MULTIPLE,SAMPLE","IE219","L:0","","367290"
"12730","BANDAGE,COBAN,1IN,NONSTERILE","IE219","L:100","","CAH15LF"
"17723","TUBE,VACUUM BLOOD,13 X 100MM,4","IE219","L:5","","367962"
"20194","NEEDLE,BLOOD COLLECTION,VACUUM","IE219","L:12","","368607"
"20195","TUBE,VACUUM BLOOD,13 X 75MM,4M","IE219","L:6","","367884"
"20557","WIPES,CLEANING,GERMICIDAL,HARD","IE219","L:2","","P13872"
"20621","WIPES, PDI EASY SCREEN","IE219","L:2","","P03672"
"20629","CUP,URINE,NONSTERILE,BLUE TOP","IE219","L:200","","364975"
"20630","TUBE,8ML,CONICAL,16X100,UA,W/P","IE219","L:3","","364992"
"20631","TUBE,URINE,PLASTIC,13X75","IE219","L:4","","364951"
"20632","TUBE,13X100MMX6.0ML,VACUTAINER","IE219","L:10","","366408"
"22699","TUBE,VACUUM BLOOD,13 X 75MM,2.","IE219","L:5","","363083"
"23008","MASK,EAR LOOP,LV2,DISP,FACE","IE219","L:0","","15900"
"23725","TOURNIQUET,.75X18INCH,LATEX FR","IE219","L:24","","367203"
"23880","TUBE,VACUUM BLOOD,13 X 75MM,3M","IE219","L:5","","367856"
"23968","LABEL,GENERAL USE,2 X 1.25IN,1","IE219","L:6","","THERMD50"
"24113","NEEDLE HOLDER,STACKABLE","IE219","L:750","","364815"
"24114","NEEDLE,BLOOD COLLECTION,MULTI-","IE219","L:12","","368608"
"24564","TUBE,VACUUM BLOOD,13 X 100MM,5","IE219","L:5","","362788"
"26930","MASK,FACE,PROCEDURE,FULL PLTD,","IE219","L:50","","15111"
"29885","CHLORAPREP,ONE STEP,3ML","IE219","L:0","","930400"
"31132","TUBE,VACUUM BLOOD,DK GRN 6ML,N","IE219","L:5","","367878"
"32527","GLOVE,EXAM,NITRILE,SM,LTX-FREE","IE219","L:8","","72-50901"
"32528","GLOVE,EXAM,NITRILE,MED,LTX-FRE","IE219","L:8","","72-50902"
"32529","GLOVE,EXAM,NITRILE,LG,LTX-FREE","IE219","L:8","","72-50903"
"32530","GLOVE,EXAM,NITRILE,XL,LTX-FREE","IE219","L:4","","72-50904"
"35035","WIPES,DISPOSABLE,GERMICIDAL,SA","IE219","L:2","","Q55172"
"37985","WIPES,CLEANING,GERMICIDAL,HARD","IE219","L:2","","P54072"
"39152","KIT,HEMOCULT,MAILER,OCPU-VA1","IE219","L:0","","OCPU"
"40149","BAG,TRANSPRT,6X9IN,BIOHZRD,ZI","IE219","L:4","","CH6X9REDF"
"40668","NEEDLE,BUTTERFLY,ULTRATOUCH,25","IE219","L:300","","367363"
"40669","NEEDLE,BUTTERFLY,ULTRATOUCH,23","IE219","L:300","","367364"
"41270","WARMER,HAND,CHEMICAL","IE219","L:30","","ML7891"
"41341","CONTAINER,URINE COLLECTION,COM","IE219","L:20","","2500SA"
"42735","MASK,FACE,PROCEDURE,FULL PLTD,","IE219","L:0","","PPE-M-AS-SUR-S"
"45027","TUBE,VACUUM BLOOD,16X100MM,K2E","IE219","L:0","","366643"
"45134","NEEDLE,BUTTERFLY,ULTRATOUCH,21","IE219","L:200","","367365"
"50545","CULTURE,VENIPUNCTURE,23GA,BLOO","IE219","L:2","","CA58825"
"59597","CUP,SPECIMEN,WHT","IE219","L:75","",""
"129618","TUBE,VACUUM BLOOD,16 X 100MM,9","IE219","L:5","","455036"
"129777","TUBE,VACUUM BLOOD,13 X 100MM,6","IE219","L:5","","367815"
"48","TIE, CABLE, 5X5, 8I","IE286","L:2","","TY524M"
"89","COVER,SHOE,SIZE 8 TO 12","IE286","L:1","","4852"
"1571","CAP/HOOD,SURGEON,CAP/HOOD,UNIV","IE286","L:0","","4359"
"1914","GLOVE,NON LATEX BIOGEL,7.5,STE","IE286","L:50","","41175"
"1994","SYRINGE,10CC,L/L","IE286","L:30","","302995"
"2764","COVER-BEARD","IE286","L:2","","NONSH400"
"2800","GLOVE,BIOGEL,8.5,STERILE","IE286","L:50","","41185"
"5047","SOLUTION,IRRIGATION,STER WATER","IE286","L:48","","2F7113"
"5071","SOLUTION,INTRAVENOUS,STER WATE","IE286","L:0","","2B0304X"
"5076","SOLUTION,IRRIGATION,STER WATER","IE286","L:0","","2B7117"
"5595","GLOVE,BIOGEL,7,STERILE","IE286","L:50","","41170"
"6086","MASK,SURGICAL,W/SHIELD,TIE","IE286","L:100","","15330"
"9057","BATTERY,AA,NONRECHARGEABLE,ALK","IE286","L:0","","PC1500"
"9434","SYRINGE,30CC,L/L","IE286","L:10","","8881535762"
"10938","CUP,MEDICINE,10Z,PLASTIC","IE286","L:2","","DYND80000N"
"12954","COVER,SHOE,UNIV,POLYPRO,ANKLE","IE286","L:6","","8457"
"18274","REMOVER,ADHESIVE,WIPE","IE286","L:100","","30039"
"20621","WIPES, PDI EASY SCREEN","IE286","L:0","","P03672"
"20658","STERILE WATER,IRRIGATION,1000M","IE286","L:0","","2F7114"
"24375","SHIELD,FACE,SPLASH MASK,FULL,C","IE286","L:100","","41204"
"27434","BRUSH,CLEANING,AUTOCLAVABLE,22","IE286","L:3","","BW-20T"
"28481","TOWEL,RAYPAQUE,SAFETY,STERILE,","IE286","L:6","","AVID262"
"31510","COVERALL,XLARGE","IE286","L:0","","60023"
"31512","COVERALL,XXL,WHITE,DISPOSABLE","IE286","L:0","","NONCV940XXL"
"32527","GLOVE,EXAM,NITRILE,SM,LTX-FREE","IE286","L:4","","72-50901"
"32528","GLOVE,EXAM,NITRILE,MED,LTX-FRE","IE286","L:4","","72-50902"
"32529","GLOVE,EXAM,NITRILE,LG,LTX-FREE","IE286","L:4","","72-50903"
"32530","GLOVE,EXAM,NITRILE,XL,LTX-FREE","IE286","L:0","","72-50904"
"34109","COVERALL,3XL,WHITE,DISPOSABLE","IE286","L:0","","NONCV940XXXL"
"35035","WIPES,DISPOSABLE,GERMICIDAL,SA","IE286","L:0","","Q55172"
"37985","WIPES,CLEANING,GERMICIDAL,HARD","IE286","L:0","","P54072"
"41815","CAP,BOUFFANT,24IN,BLUE,FLUID P","IE286","L:3","","B24HD"
"42735","MASK,FACE,PROCEDURE,FULL PLTD,","IE286","L:200","","PPE-M-AS-SUR-S"
"48301","CLNR,INST 13.5OZ,PREKLN,TRNSPT","IE286","L:20","",""
"49154","BRUSH,ENDO CLEANING,PLSTC TIP,","IE286","L:100","","BW-411B"
"59134","COVER,SHOE,XL,ANTISKID","IE286","L:2","","ICP-SCNS0003"
"59357","MASK,PROCEDURE,W/EYESHIELD","IE286","L:100","","AT74631"
"59439","MAT,ABSORBANT,W/EVAC,36X48INCH","IE286","L:0","","80522"
"59440","MAT,ABSORBENT,CAMEL,32X56INCHE","IE286","L:0","","80530"
"78668","TIPS,SUCTION,7FR","IE286","L:4","","31070"
"177","TUBING,SUCTION,1/4IN X 12FT","IE288","L:12","","8888301622"
"180","STRAW,DRINKING,FLEXIBLE","IE288","L:50","","NON02315"
"1607","SPONGE,GAUZE,4 X 4IN,NON-STER","IE288","L:6","","2556G"
"1972","TUBE,SUCTION,YANKAUER","IE288","L:6","","K86"
"2343","SPECULA,OTOSCOPE,SMALL,4.25MM","IE288","L:24","","52434-U"
"2550","CATHETER,COUDE,TIEMANN,16FR","IE288","L:3","","10116"
"2553","CATH,URETHRAL,TIEMANN,18FR,COU","IE288","L:3","","10118"
"2565","CATH,URETHRAL,TIEMANN,20FR,COU","IE288","L:3","","10120"
"2648","CATH,URETHRAL,STR,18FR,HOLLOW","IE288","L:3","","277718"
"6288","SWAB,MOUTH,TOOTHETTE,FOAM TIPP","IE288","L:3","","6120"
"6357","TISSUE,FACIAL,2-PLY,8 X 8IN,10","IE288","L:15","","48550"
"6555","BAG,TRANSPORT,SPECIMEN,BIOHAZA","IE288","L:100","","AR69P"
"6632","PUNCH,BIOPSY,BAKER,4MM,STERILE","IE288","L:3","","P450"
"9295","PAD,ALCOHOL,70% ISOPROPYL","IE288","L:400","","6818"
"9296","BANDAID,ADHESIVE,PLASTIC,STRIP","IE288","L:25","","44101"
"9300","DEPRESSOR,TONGUE,WOOD,STL","IE288","L:10","","C1560-006"
"9311","BASIN,EMESIS,DISP,PLASTIC","IE288","L:4","","DYND80327N"
"9313","CUP,STYROFOAM,6OZ,DISP","IE288","L:5","","6J6"
"9432","SYRINGE,W/O NEEDLE,10ML,SLIP-T","IE288","L:30","","303134"
"9922","MASK,SURG,MOLDED","IE288","L:50","","NON27381"
"10938","CUP,MEDICINE,10Z,PLASTIC","IE288","L:6","","DYND80000N"
"11320","BLOCK OTO MD WHITE 50/PG","IE288","L:1","","122M"
"11323","TUBING QUILL PREFORMED #13 THI","IE288","L:1","","2085-13T"
"12107","BLOCK OTO LG BLUE 50/PG","IE288","L:1","","122L"
"12112","PLUG,PROTECTION,EAR","IE288","L:200","","MAX-1"
"12562","TOOTHBRUSH,STRAIGHT,ADULT SIZE","IE288","L:10","","55501"
"12619","TIP EAR TYMPANOGRAM 11MM 12/PG","IE288","L:0","","KR011"
"12620","TIP EAR TYMPANOGRAM 12MM 12/PG","IE288","L:0","","KR012"
"13238","GERMICIDAL SANITIZE H&H SPRAY","IE288","L:1","","2820"
"13566","EARTIP FOAM FOR EARPHONE SIZE","IE288","L:1","","420-2028"
"13800","ADHESIVE,CYANOACRYLATE,201,20G","IE288","L:6","","APOLLO 2002"
"15160","TUBING QUILL PREFORMED #13 MED","IE288","L:5","",""
"15320","TIP,EAR,13MM,ADULT,YEL W/BLK T","IE288","L:3","","420-2005"
"17418","LUBRICANT,EARMOLD,LIQ,DROPS,1/","IE288","L:1","","AUDGEL"
"19640","VALVE,SPEAKING,TRACHEOSTOMY","IE288","L:6","","PMV007"
"20557","WIPES,CLEANING,GERMICIDAL,HARD","IE288","L:0","","P13872"
"20621","WIPES, PDI EASY SCREEN","IE288","L:0","","P03672"
"20943","GOWN,ISOLATION,DISPOSABLE,FULL","IE288","L:20","","A69961-C"
"23359","TUBE,LARYNGECTOMY,PROVOX,LARYT","IE288","L:3","","7611"
"26930","MASK,FACE,PROCEDURE,FULL PLTD,","IE288","L:100","","15111"
"30172","TOOTHPASTE,TUBE,.85 OZ","IE288","L:20","","9782"
"30263","SOLUTION,HYDROGENPEROXIDE,3%,1","IE288","L:2","","APLP1012BK"
"30264","ALCOHOL,ISOPROPYL,70%,4OZ BOTT","IE288","L:6","","I0020"
"30814","SPONGE,ENZYMATIC,DUAL,RED","IE288","L:12","","345OSP"
"32527","GLOVE,EXAM,NITRILE,SM,LTX-FREE","IE288","L:4","","72-50901"
"32528","GLOVE,EXAM,NITRILE,MED,LTX-FRE","IE288","L:4","","72-50902"
"32529","GLOVE,EXAM,NITRILE,LG,LTX-FREE","IE288","L:4","","72-50903"
"32530","GLOVE,EXAM,NITRILE,XL,LTX-FREE","IE288","L:3","","72-50904"
"34257","CURETTE EAR DISPOSABLE","IE288","L:1","","2245"
"34258","SYRINGE,SPECIALTY,EAR IMPRESSI","IE288","L:1","","232A"
"34631","MATERIAL,IMPRESSION,PERFORM,(O","IE288","L:1","","OTO80"
"34633","LOCTITE CYANOACRYLATE ACCELERA","IE288","L:2","","712"
"34635","AUDIOSCAN PROBES","IE288","L:1","","1330090"
"34636","ELECTRODE,EMG,WET GEL,SM SURFA","IE288","L:1","","8500060"
"34715","TIP,EAR,9.7MM,SM,BEIGE,FOAM,DI","IE288","L:1","","420-2007"
"34716","LOCK,BRASS,TUGE,W/13T,TUBING","IE288","L:5","","30281"
"34717","OTO BLOCK,FOAM,SM,GRAY,DISP","IE288","L:1","","122S"
"34718","TIP,PROBE,STRAIGHT,FOR WA PENL","IE288","L:10","","WA-TIP"
"34720","PENLIGHT,W/PROBE TIP,WELCH ALL","IE288","L:10","","12AAAPEN-B"
"34964","GEL,DREVE,FOTOPLAST","IE288","L:1","",""
"34965","NEEDLE,SUCTION,BLACK,1IN,22GA","IE288","L:30","","5122-1-B"
"34967","TUBING,13,THICK,SINGLE,BEND","IE288","L:1","","13SBT"
"34968","TUBING,13,MEDIUM,SINGLE,BEND","IE288","L:1","","13SBM"
"34969","NEEDLE,SUCTION,ORANGE,1IN,15GA","IE288","L:30","","51151B"
"34970","NEEDLE,SUCTION,PINK,1IN,15GA","IE288","L:30","","5118-1-B"
"35004","TUBING,QUILL,PREF,#13,STD","IE288","L:1","","208513S"
"35035","WIPES,DISPOSABLE,GERMICIDAL,SA","IE288","L:0","","Q55172"
"35071","PULLER,TUBING,WIRE,LOOP","IE288","L:2","","30432"
"35072","CEMENT,TUBING,THICK,.05 BOTTLE","IE288","L:2","","102H"
"35073","DEBONDER,GLUE,SUPER","IE288","L:2","","340-640"
"35074","TUBING,THICK,13,DOUBLE,BEND","IE288","L:1","","13T"
"35077","TIP,OAE,PED,FOAM BIO","IE288","L:1","","203211"
"35078","TIP,OAE,ADULT FOAM BIO","IE288","L:1","","8102681"
"35246","TAPE,MEDICAL,ELECTRODE TAPE,3/","IE288","L:2","","M2236"
"35248","TIP,JUMBO,FOAM,OAE","IE288","L:1","","203210"
"35249","TUBING,TRS,13 THICK","IE288","L:2","","30263"
"35250","EARGENE,(.5OZ)","IE288","L:1","","1002"
"35442","GLOVE,EXAM,NITRILE,XSM,LTX-FRE","IE288","L:3","","72-50900"
"35511","JELLY,SURGILUBE,STERILE,5GM","IE288","L:144","","281020545"
"35576","SOFT TISSUE MASSAGE CREAM","IE288","L:2","","2970009150"
"36143","SPECULA,OTOSCOPE,4MM,PLSTC,DIS","IE288","L:1","","42.18.20.15"
"36145","IMPRESSION MATERIAL,DENTAL,VIN","IE288","L:1","","10113"
"36146","SYRINGE,WESTONE BEST,ADULT","IE288","L:1","","232L"
"36504","SYRINGE,NEEDLELESS,W/TEXIUM CL","IE288","L:15","","MY8010"
"37163","BASIN,WASH,PLASTIC,DISPOSABLE,","IE288","L:4","","DYND80347"
"37985","WIPES,CLEANING,GERMICIDAL,HARD","IE288","L:0","","P54072"
"42735","MASK,FACE,PROCEDURE,FULL PLTD,","IE288","L:100","","PPE-M-AS-SUR-S"
"43240","BANDAGE,COMPRESSION,COMPRILAN,","IE288","L:5","","BI01029000"
"43241","LYMPHEDEMA BANDAGE,GRAY FOAM","IE288","L:2","","81237957"
"43715","TUBULAR,BANDAGE,TG,SIZE 7","IE288","L:2","","81139435"
"43716","TUBULAR,BANDAGE,TG,SIZE 9","IE288","L:1","","81139443"
"43799","MUSHROOM,EARTIPS,12MM","IE288","L:1","","ITA-8012976"
"43800","MUSHROOMS,EARTIPS,13MM","IE288","L:1","","ITA-8012978"
"43801","MUSHROO,.EARTIPS,14MM","IE288","L:1","","ITA-8012980"
"43802","MUSHROOM,EARTIPS,15MM","IE288","L:1","","ITA-8012982"
"43803","MUSHROOM,EARTIPS,19MM","IE288","L:1","","ITA-8012984"
"43822","MUSHROOM,EARTIP,11MM","IE288","L:1","","ITA-8012974"
"47370","TRAINER,STRENGTH,MUSCLE,EXPIRA","IE288","L:5","","EMST75LITE"
"47371","TRAINER,STRENGTH,MUSCLE,EXP,CA","IE288","L:5","","EMST150"
"78758","BANDAGE,COMPRESSION,10CM X 5M,","IE288","L:3","","81164292"
"177","TUBING,SUCTION,1/4IN X 12FT","IE289","L:1","","8888301622"
"180","STRAW,DRINKING,FLEXIBLE","IE289","L:10","","NON02315"
"214","TAPE,TRANSPORE,1IN,HYPO","IE289","L:4","","1527-1"
"222","SPIROMETER,INCENTIVE,EXCERCISE","IE289","L:5","","8884719010"
"236","NEBULIZER,MICRO MIST,ADAPTER,H","IE289","L:4","","1884"
"571","GAUZE,BANDAGE,KERLIX,4.5IN","IE289","L:5","","NON25865"
"588","CATH,URETHRAL,ROBINSON-NELATON","IE289","L:4","","8888492041"
"865","PETROATUM,WHITE,5GM,FOILPAC","IE289","L:5","","8884433200"
"1583","GEL,ULTRASONIC,TRANSMISSION","IE289","L:2","","8-Mar"
"1608","STRAINER,CALCULI","IE289","L:5","","2110SA"
"1614","PIN,SAFETY,SMALL UNSTERILE","IE289","L:25","","MDT223020H"
"1622","UNDERPAD,BED,30X36IN,TRANQUILI","IE289","L:40","","2710"
"1776","PACK,HOT/COLD","IE289","L:2","","33500"
"1825","KIT,REMOVAL,STAPLE,STERILE,DIS","IE289","L:3","","PSX"
"1917","TUBE,DRAINAGE,LEG BAG","IE289","L:4","","538"
"1919","PLUG,CATHETER","IE289","L:3","","1600"
"1954","SCALPEL,#10,W/HANDLE,DISPOSABL","IE289","L:10","","372610"
"1955","SCALPEL,#11,W/HANDLE,DISPOSABL","IE289","L:5","","MDS15311"
"1956","SCALPEL,SURG,SZ #15,BARD PARKE","IE289","L:10","","372615"
"1972","TUBE,SUCTION,YANKAUER","IE289","L:5","","K86"
"1975","WOUND,CLOSURE STRIP,1/4IN X 4I","IE289","L:5","","R1546"
"1986","PACKING,WOUND,PLN,1/2IN X 5YD,","IE289","L:4","","7632"
"1988","GAUZE,IODOFORM,1/2IN","IE289","L:5","","7832"
"1990","CATHETER,FOLEY,14FR,5CC","IE289","L:4","","0165L14"
"1991","CATHETER,FOLEY,20FR,5CC","IE289","L:3","","DYND11760"
"1994","SYRINGE,10CC,L/L","IE289","L:20","","302995"
"2032","WOUND,CLOSURE STRIP,1/2IN X 4I","IE289","L:6","","R1547"
"2041","DRESSING,TRANSPARENT,4X4 3/4IN","IE289","L:5","","1616"
"2043","DRESSING,IMPREGNATED,3 X 3IN,O","IE289","L:5","","6112"
"2047","CATHETER,FOLEY,22FR,5CC","IE289","L:3","","0165L22"
"2053","BAG,LEG,URINE,32OZ","IE289","L:5","","DYND12578"
"2058","TUBE,TRACH,CUFFED,SIZE 6","IE289","L:0","","6CN75A"
"2343","SPECULA,OTOSCOPE,SMALL,4.25MM","IE289","L:4","","52434-U"
"2517","CATH,URETHRAL,FOLEY,20FR,2-WAY","IE289","L:2","","33620"
"2547","CATH,URETHRAL,TIEMANN,14FR,COU","IE289","L:2","","10114"
"2550","CATHETER,COUDE,TIEMANN,16FR","IE289","L:2","","10116"
"2553","CATH,URETHRAL,TIEMANN,18FR,COU","IE289","L:3","","10118"
"2575","CATH,URETHRAL,FOLEY,16FR,2-WAY","IE289","L:2","","33616"
"2578","CATH,URETHRAL,FOLEY,18FR,2-WAY","IE289","L:2","","33618"
"2629","CATHETER,COUDE,CARSON,14FR,5CC","IE289","L:2","","0168L14"
"2630","CATH,URETHRAL,FOLEY,16FR,2-WAY","IE289","L:4","","0168L16"
"2644","CATHETER,ROBINSON,12FR","IE289","L:2","","56112"
"2645","CATHETER,ROBINSON,16FR","IE289","L:4","","277716"
"3769","BANDAGE,COBAN,2IN,NONSTERILE","IE289","L:10","","2082"
"5047","SOLUTION,IRRIGATION,STER WATER","IE289","L:5","","2F7113"
"5960","SPONGE,GAUZE,2 X 2IN,STER,8-PL","IE289","L:50","","1806G"
"6353","APPLICATOR,TIPPED,COTTO,L 6IN,","IE289","L:10","","MDS202000"
"6357","TISSUE,FACIAL,2-PLY,8 X 8IN,10","IE289","L:10","","48550"
"6555","BAG,TRANSPORT,SPECIMEN,BIOHAZA","IE289","L:100","","AR69P"
"8429","CANNULA,INNER,DISP,#6","IE289","L:0","","6IC75"
"9057","BATTERY,AA,NONRECHARGEABLE,ALK","IE289","L:10","","PC1500"
"9059","CATHETER,EXT,SIL,MED","IE289","L:5","","33102"
"9061","CATHETER,EXT,SIL,LG","IE289","L:4","","36104"
"9295","PAD,ALCOHOL,70% ISOPROPYL","IE289","L:200","","6818"
"9296","BANDAID,ADHESIVE,PLASTIC,STRIP","IE289","L:50","","44101"
"9299","KIT,SUCTION,14FR CATH,WHISTLE","IE289","L:10","","37424"
"9300","DEPRESSOR,TONGUE,WOOD,STL","IE289","L:10","","C1560-006"
"9301","SPONGE,GAUZE,4 X 4IN,100% COTT","IE289","L:20","","3033G"
"9305","DRESSING,GEN USE,ABD PAD,8 X 1","IE289","L:10","","9194A"
"9306","SPONGE,GAUZE,DRAIN,4 X 4IN,6-P","IE289","L:50","","7086"
"9307","CATH,URETHRAL,FOLEY,2-WAY,16FR","IE289","L:4","","DYND11756"
"9308","CATHETER,FOLEY,18FR,5CC","IE289","L:4","","DYND11758"
"9311","BASIN,EMESIS,DISP,PLASTIC","IE289","L:5","","DYND80327N"
"9312","COTTON BALL,UNCOVERED,DIA 2IN,","IE289","L:2","","MDS21463"
"9313","CUP,STYROFOAM,6OZ,DISP","IE289","L:2","","6J6"
"9414","TUBING,SUCTION,L 6FT,FEMALE CO","IE289","L:5","","8888301515"
"9415","URINAL,MALE,PLSTC,1000ML,W/LID","IE289","L:8","","DYND80235S"
"9418","CATH,URETHRAL,FOLEY,24FR,2-WAY","IE289","L:4","","0165L24"
"9419","TRAY,CATHETERIZATION,FOLEY","IE289","L:6","","5029"
"9420","TRAY,IRRIGATION","IE289","L:1","","68800"
"9427","SYRINGE,3CC,L/L","IE289","L:10","","1180300777"
"9432","SYRINGE,W/O NEEDLE,10ML,SLIP-T","IE289","L:12","","303134"
"9434","SYRINGE,30CC,L/L","IE289","L:6","","8881535762"
"9435","SYRINGE,60CC,L/L","IE289","L:6","","8881560125"
"9436","SYRINGE,60CC,CATH TIP","IE289","L:5","","309620"
"9627","KIT,REMOVAL,SUTURE,STERILE,DIS","IE289","L:5","","Jun-00"
"9871","BAG,ENEMA,1500ML,PRE-LUBRICATE","IE289","L:2","","DYND70102"
"9919","BOTTLE,SPECIMEN,URINE,24HR","IE289","L:2","","DYND80024"
"9922","MASK,SURG,MOLDED","IE289","L:50","","NON27381"
"10377","BATTERY,ALKALINE,SZ D,DURACELL","IE289","L:4","","MN1300CT"
"10931","TAPE,ADHESIVE,PAPER,1I,HYPO","IE289","L:6","","1530-1"
"10932","TAPE,ADHESIVE,PAPER,2IN","IE289","L:7","","1530-2"
"10934","SNGE,5ML,LUER LOCK","IE289","L:10","","309646"
"10936","SYRINGE,W/O NEEDLE,20ML,LL TIP","IE289","L:4","","1182000777"
"12075","ADAPTER,MULTIPLE,SAMPLE","IE289","L:10","","367290"
"13308","DRESSING,ALGINATE,4X4IN,CALCIC","IE289","L:10","","529937"
"16466","STRAP,CATH,LEG,FABRIC,VELCRO C","IE289","L:10","","316"
"17597","ELECTRODE,EKG,RESTING,CONDUCTI","IE289","L:2","","31433538"
"18141","DRESSING,GEN USE,ISLAND,4 X 4I","IE289","L:50","","7550"
"18172","BANDAGE,ELASTIC,4IN X 5YD,LTX-","IE289","L:6","","DYNJ05154LF"
"18173","BANDAGE,ELASTIC,6IN X 5YD,LF","IE289","L:6","","DYNJ05156LF"
"18274","REMOVER,ADHESIVE,WIPE","IE289","L:10","","30039"
"18932","DRESSING,TRANSPARENT,2 3/8INX2","IE289","L:10","","1624W"
"19374","MONOFILAMENT,SENSORY TOUCH,5.0","IE289","L:1","","VA40"
"19565","CATHETER,SILICONE,14FR,10CC,FO","IE289","L:3","","DYND11501"
"19845","DRESSING,FOAM,4 X 4IN,SQ,WATER","IE289","L:10","","55544"
"20047","SET,EXTENSION,NEEDLELESS,VALVE","IE289","L:5","","MC33150"
"20057","CANNULA,NEEDLELESS,ACCESS VALV","IE289","L:6","","MC100"
"20103","CATHETER, SILICONE, 22FR, 5CC","IE289","L:2","","165822"
"20557","WIPES,CLEANING,GERMICIDAL,HARD","IE289","L:0","","P13872"
"20621","WIPES, PDI EASY SCREEN","IE289","L:0","","P03672"
"20629","CUP,URINE,NONSTERILE,BLUE TOP","IE289","L:20","","364975"
"22140","NEEDLE,SAFETY,25GAX5/8IN","IE289","L:10","","8881850558"
"22141","NEEDLE,SAFETY,23GAX1IN","IE289","L:40","","8881850310"
"22142","NEEDLE,SAFETY,21GAX1IN,1M","IE289","L:10","","305915"
"22288","TAPE,MEDICAL,SOFT CLOTH,2IN","IE289","L:5","","2862"
"22351","SYRINGE,TB,1CC,28GAX1/2IN,SAFE","IE289","L:10","","8881882812"
"22843","BAG,DRAINAGE,2000ML","IE289","L:4","","154002"
"23157","STRIP,GLUCOSE TESTING,ACCU-CHE","IE289","L:2","","5942861001"
"23695","SCISSORS-SHARP/BLUNT-5.5-STERI","IE289","L:15","","65945"
"23725","TOURNIQUET,.75X18INCH,LATEX FR","IE289","L:2","","367203"
"24113","NEEDLE HOLDER,STACKABLE","IE289","L:40","","364815"
"24313","CATH,URETHRAL,FOLEY,24FR,2-WAY","IE289","L:2","","33624"
"24811","COVER,THERMOMETER PROBE,SURETE","IE289","L:5","","05031-750"
"26660","CATHETER,22FR,5CC,SILASTIC,FOL","IE289","L:2","","33622"
"26661","CATHETER,SILICONE,18FR,5CC,FOL","IE289","L:2","","165818"
"26662","CATH,URETHRAL,FOLEY,20FR,2-WAY","IE289","L:1","","165820"
"27022","DRESSING,HYDROCOLLOID,4 X 5IN,","IE289","L:30","","422299"
"27104","PAPER,EKG,FOR ZOLL M SERIES,FA","IE289","L:2","","8000-000877-01"
"27274","DRESSING,HYDROCOLLOID,4.34SQ I","IE289","L:0","","MA028"
"28018","DEVICE,CATH SECUREMENT,FOLE,ST","IE289","L:6","","FOL0102"
"29255","RULER,MEASURING,WOUND,PAPER,DI","IE289","L:2","","MSCEDURULER"
"29371","BANDAGE,GAUZE,3IN X 75IN,STER,","IE289","L:10","","Nov-93"
"29988","NEEDLE,SAFETY,27GA,5/8INCH","IE289","L:5","","305921"
"30016","DRESSING,BORDER LITE,MEPILEX,4","IE289","L:5","","595300"
"30039","DRESSING,XEROFORM,PETROLATUM,F","IE289","L:5","","8884433605"
"30058","SWAB,POVIDONE IODINE,10% W/V","IE289","L:20","","S41350"
"30085","DRESSING STERILE 4INX4IN","IE289","L:5","","187971"
"31348","CANISTER,DOLPHIN,3000CC","IE289","L:2","","65651-230"
"31432","KIT,METER,INSPIRATORY,NEGATIVE","IE289","L:5","","10-340-01"
"31896","DEVICE,STATLOCK,325PSI","IE289","L:5","","IV0563P"
"32527","GLOVE,EXAM,NITRILE,SM,LTX-FREE","IE289","L:2","","72-50901"
"32528","GLOVE,EXAM,NITRILE,MED,LTX-FRE","IE289","L:4","","72-50902"
"32529","GLOVE,EXAM,NITRILE,LG,LTX-FREE","IE289","L:6","","72-50903"
"32530","GLOVE,EXAM,NITRILE,XL,LTX-FREE","IE289","L:6","","72-50904"
"32679","CREAM,SKIN REPAIR,REMEDY,4OZ","IE289","L:10","","MSC0924004"
"33030","CLEANSER,WOUND,VASHE","IE289","L:2","","jrs00314"
"33919","TIP,EAR,IRRIGATION","IE289","L:3","","7200"
"35035","WIPES,DISPOSABLE,GERMICIDAL,SA","IE289","L:0","","Q55172"
"35069","CAP,IV,DISINFECT,CUROS,JET","IE289","L:8","","CFJ5-250"
"35486","FLUSH,SALINE,10ML,IN 10ML SYR,","IE289","L:15","","306546"
"37163","BASIN,WASH,PLASTIC,DISPOSABLE,","IE289","L:2","","DYND80347"
"37636","NEEDLE,HYPO,20GAX1.5IN,SAFETY,","IE289","L:10","","8881850015"
"37678","DRESSING,ALLEVYN LIFE,5X5","IE289","L:10","","66021068"
"37957","APPLICATOR,ULTRAMIST","IE289","L:10","","CP-80040"
"37985","WIPES,CLEANING,GERMICIDAL,HARD","IE289","L:0","","P54072"
"38058","DRESSING,FOAM,3 X 3IN,ADH BORD","IE289","L:20","","66020402"
"38083","SCISSORS,IRIS,CVD,STERILE,SING","IE289","L:6","","66150"
"38085","SCISSORS,IRIS,ST,STERILE KIT,S","IE289","L:5","","66155"
"38682","CONNECTOR,TRANSITION,ENFIT","IE289","L:6","","VED-001"
"38683","SYRINGE,ENTERAL,MONOJET,ENFIT,","IE289","L:2","","460SE"
"38866","SYRINGE,ENFIT,12ML,MONOJECT","IE289","L:5","","412SE"
"39152","KIT,HEMOCULT,MAILER,OCPU-VA1","IE289","L:5","","OCPU"
"39199","CUFF,BP,1 PIECE,ADULT,TUBELESS","IE289","L:20","","SOFT-11"
"39201","CUFF,BP,1 PIECE,ADULT,LARGE,TU","IE289","L:15","","30503-14A"
"39202","CUFF,BP,1 PIECE,ADULT,SMALL,TU","IE289","L:5","","30503-12A"
"39581","MEPILEX,BORDER,SACRUM,16X20CM","IE289","L:10","","282055"
"40483","SYRINGE,FEEDING,ENFIT,60CC","IE289","L:5","","ENF60"
"40668","NEEDLE,BUTTERFLY,ULTRATOUCH,25","IE289","L:20","","367363"
"41392","TUBE,FEEDING GASTROSTOMY,MIC,2","IE289","L:2","","8100-20"
"41393","SET,EXTENSION,TUBE,FEEDING,GAS","IE289","L:2","","8140-16-3.5"
"41394","SET,EXTENSION,TUBE,FEEDING,GAS","IE289","L:2","","8140-18-3.0"
"41395","SET,EXTENSION,TUBE,FEEDING,GAS","IE289","L:2","","8140-20-3.5"
"41562","TUBE,GASTROSTOMY,PEG,16FR,W/EN","IE289","L:5","","8110-16LV"
"41563","TUBE,FEEDING GASTROSTOMY,MIC,1","IE289","L:2","","8100-18"
"41592","DRESSING,GEL,TEGADERM CHG","IE289","L:3","","1877-2100"
"41595","CANNULA,NASAL,O2,NON-FLARE TIP","IE289","L:4","","1365"
"42735","MASK,FACE,PROCEDURE,FULL PLTD,","IE289","L:50","","PPE-M-AS-SUR-S"
"49079","NEEDLE,SURECAN,SAFETY II,20GAX","IE289","L:10","","1091148"
"49170","SET,EXTENSION,TUBE,FEEDING,GAS","IE289","L:2","","8140-20-3.0"
"50294","CREAM,SKIN,PHYTOPLEX,12.5% DMT","IE289","L:6","","MSC092562"
"50295","PROTECTOR,HEEL,FOOTCHECK,W WE","IE289","L:2","",""
"50420","WIPES,PERSONAL,SKIN CLEANSING/","IE289","L:10","","MSC092503"
"50617","SET,IV ADMIN,INF,SMARTSITE,NEE","IE289","L:0","","2420-0007"
"50683","ADH PORT ACCESS KIT","IE289","L:6","","DYNPAK06"
"50930","CLEANSER,WOUND,SPRAY,BOTTLE,8O","IE289","L:4","",""
"59042","LUER-LOK ACCESS,DEVICE BD,LATE","IE289","L:8","","36490200"
"59848","SWAB COLLECTION ANALYZER PART","IE289","L:10","",""
"61269","SLING,COMFORT HIGH,POLYPROPYLE","IE289","L:0","",""
"61270","SLING,COMFORT,LARGE,POLY,DISPO","IE289","L:0","",""
"61271","SLING,COMFORT,X-LARGE,POLY,DIS","IE289","L:0","",""
"96017","FORCEP,KELLY,CVD,5.5IN,DISP","IE289","L:4","","SS09-0627 F"
"98006","BATTERY,AAA,NONRECHARGEABLE,AL","IE289","L:10","","PC2400"
"98010","BAG,AMBU,W/PEEP VALVE,DISP","IE289","L:3","","520-611-001"
"15","SYRINGE,BULB,EAR,3 OZ","IE293","L:2","","DYND70277"
"81","KIT,SUCTION,18FR CATH,WHISTLE","IE293","L:2","","DYND40974"
"177","TUBING,SUCTION,1/4IN X 12FT","IE293","L:4","","8888301622"
"180","STRAW,DRINKING,FLEXIBLE","IE293","L:30","","NON02315"
"214","TAPE,TRANSPORE,1IN,HYPO","IE293","L:5","","1527-1"
"215","TAPE,TRANSPORE,3IN","IE293","L:5","","1527-3"
"222","SPIROMETER,INCENTIVE,EXCERCISE","IE293","L:3","","8884719010"
"236","NEBULIZER,MICRO MIST,ADAPTER,H","IE293","L:10","","1884"
"434","GAUZE,OR,4X4,STERILE","IE293","L:20","","8045"
"437","MASK,AEROSOL,DISP","IE293","L:1","","1206"
"439","SOLUTION,POVIDONE-IODINE 10%,T","IE293","L:6","","MDS093944"
"468","DIAPER,ADULT,BRIEF,LARGE,TAPE","IE293","L:10","","MSC33505"
"564","GAUZE,RAYTEC,4X8,STERILE","IE293","L:2","","7318"
"571","GAUZE,BANDAGE,KERLIX,4.5IN","IE293","L:25","","NON25865"
"1107","BENZOIN,TINCUTRE,2/3CC","IE293","L:5","","C1544"
"1520","BANDAGE,GAUZE,2 X 75IN,STER,1-","IE293","L:12","","2231"
"1583","GEL,ULTRASONIC,TRANSMISSION","IE293","L:4","","8-Mar"
"1600","SURGIFIX,SZ#2","IE293","L:2","","MT02"
"1601","SURGIFIX,SZ#3","IE293","L:2","","MT03"
"1603","BANDAGE,TUBULAR,NYLON,SZ 6,25Y","IE293","L:2","","MT06"
"1604","SURGIFIX,SZ#8","IE293","L:2","","MT08"
"1606","SPONGE,GAUZE,GEN USE,2 X 2IN,8","IE293","L:3","","NON25208"
"1607","SPONGE,GAUZE,4 X 4IN,NON-STER","IE293","L:2","","2556G"
"1608","STRAINER,CALCULI","IE293","L:4","","2110SA"
"1613","CLAMP,INCONTIENCE,CUNNINGHAM","IE293","L:1","","4053"
"1614","PIN,SAFETY,SMALL UNSTERILE","IE293","L:10","","MDT223020H"
"1622","UNDERPAD,BED,30X36IN,TRANQUILI","IE293","L:20","","2710"
"1624","ADAPTER,OXYGEN,W/NUT,STANDARD","IE293","L:15","","2555"
"1625","MASK,ADULT,PERCENTO","IE293","L:4","","1940"
"1626","CONNECTOR,TUBING,OXYGEN","IE293","L:10","","1811"
"1627","MASK,OXYGEN,NON-REBREATHER,ADU","IE293","L:3","","1060"
"1771","BANDAGE,COBAN,4IN,NONSTERILE","IE293","L:3","","2084"
"1776","PACK,HOT/COLD","IE293","L:5","","33500"
"1787","BLADE,CLIPPER,SURGICAL,STERILE","IE293","L:10","","9660"
"1789","STAPLER,SKIN,SS,35 WIDE,W/SS S","IE293","L:5","","PXW35"
"1825","KIT,REMOVAL,STAPLE,STERILE,DIS","IE293","L:10","","PSX"
"1826","NEEDLE,HYPO,25GA X 1 1/2IN,REG","IE293","L:100","","305127"
"1827","NEEDLE,27GA X 1.5IN,DISPOSABLE","IE293","L:100","","1188827112"
"1828","NEEDLE,30GAX1/2IN,DISPOSABLE","IE293","L:200","","305106"
"1833","NEEDLE,SPINAL,18GAX3 1/2IN","IE293","L:2","","405184"
"1849","NEEDLE,SPINIAL,22GA X 3.5IN","IE293","L:30","","405181"
"1850","NEEDLE, SPINAL, 25 GA X 3.5 IN","IE293","L:10","","405180"
"1906","DRESSING,3X16IN,NONADHERENT,ST","IE293","L:30","","CUR250317"
"1912","GLOVE,SURG,NAT RUBBER,SZ 6,POW","IE293","L:10","","41160"
"1913","GLOVE,BIOGEL,6.5,STERILE","IE293","L:20","","41165"
"1914","GLOVE,NON LATEX BIOGEL,7.5,STE","IE293","L:20","","41175"
"1915","GLOVE,BIOGEL,8,STERILE","IE293","L:20","","41180"
"1917","TUBE,DRAINAGE,LEG BAG","IE293","L:6","","538"
"1919","PLUG,CATHETER","IE293","L:6","","1600"
"1954","SCALPEL,#10,W/HANDLE,DISPOSABL","IE293","L:25","","372610"
"1955","SCALPEL,#11,W/HANDLE,DISPOSABL","IE293","L:25","","MDS15311"
"1956","SCALPEL,SURG,SZ #15,BARD PARKE","IE293","L:30","","372615"
"1967","SHIELD,EYE,FOX,ALUMINUM","IE293","L:12","","1276"
"1972","TUBE,SUCTION,YANKAUER","IE293","L:6","","K86"
"1975","WOUND,CLOSURE STRIP,1/4IN X 4I","IE293","L:30","","R1546"
"1984","DRESSING,TELFA,NONADHER,3X8,ST","IE293","L:30","","1238"
"1986","PACKING,WOUND,PLN,1/2IN X 5YD,","IE293","L:2","","7632"
"1988","GAUZE,IODOFORM,1/2IN","IE293","L:8","","7832"
"1990","CATHETER,FOLEY,14FR,5CC","IE293","L:5","","0165L14"
"1994","SYRINGE,10CC,L/L","IE293","L:50","","302995"
"1998","CUP,DENTURE,8OZ,W/LID,PLASTIC","IE293","L:6","","DYND70293"
"2010","DRAPE,TOWEL,18X24,STERILE","IE293","L:4","","D1010"
"2016","STETHOSCOPE,MANUAL,DUAL HEAD,L","IE293","L:4","","6515-00-NIB-0115"
"2032","WOUND,CLOSURE STRIP,1/2IN X 4I","IE293","L:30","","R1547"
"2041","DRESSING,TRANSPARENT,4X4 3/4IN","IE293","L:25","","1616"
"2042","DRESSING,TRANSPARENT,10INX5 1/","IE293","L:10","","1628"
"2043","DRESSING,IMPREGNATED,3 X 3IN,O","IE293","L:30","","6112"
"2045","GAUZE,IODOFORM,PACKING,STERILE","IE293","L:2","","7833"
"2053","BAG,LEG,URINE,32OZ","IE293","L:5","","DYND12578"
"2086","AIRWAY,BERMAN,100MM","IE293","L:4","","312100"
"2087","STOCKING,COMPRESSION,BK,LG REG","IE293","L:3","","7203"
"2093","DRAPE,APERUTURE,SMALL","IE293","L:10","","DYNJSD1020"
"2189","WIPES,PERSONAL,TOWELETTE,PRE-M","IE293","L:66","","MDS094181"
"2242","MASK,OXYGEN,ADULT SZ 6","IE293","L:6","","HUD1930"
"2342","SUTURE,NYLON,BLK MONO,SZ 3-0,L","IE293","L:20","","1663H"
"2343","SPECULA,OTOSCOPE,SMALL,4.25MM","IE293","L:8","","52434-U"
"2344","SUTURE,NYLON,BLK MONO,SZ 2-0,L","IE293","L:20","","585H"
"2350","SUTURE,NYLON,PLIABILIZED,BLK M","IE293","L:20","","1667H"
"2351","SUTURE,ETHILON,6-0,697H,P1","IE293","L:8","","697H"
"2353","SUTURE,ETHILON,5 0,698H,P3","IE293","L:12","","698H"
"2530","CAUTERY,LOW TEMP,STERILE","IE293","L:2","","ESCT000"
"2627","CATHETER,COUDE,CARSON,12FR,5CC","IE293","L:5","","0168L12"
"2630","CATH,URETHRAL,FOLEY,16FR,2-WAY","IE293","L:5","","0168L16"
"2645","CATHETER,ROBINSON,16FR","IE293","L:5","","277716"
"2800","GLOVE,BIOGEL,8.5,STERILE","IE293","L:15","","41185"
"3769","BANDAGE,COBAN,2IN,NONSTERILE","IE293","L:16","","2082"
"5045","SOLUTION,IRRIGATION,0.9% NACL,","IE293","L:10","","2F7123"
"5047","SOLUTION,IRRIGATION,STER WATER","IE293","L:10","","2F7113"
"5410","BRUSH,SURGICAL,DRY,W/O DETERGE","IE293","L:30","","371603"
"5416","SUTURE, PROLENE, 6.0, P3 NEEDL","IE293","L:12","","8695G"
"5595","GLOVE,BIOGEL,7,STERILE","IE293","L:20","","41170"
"5645","IV,STAT,2","IE293","L:4","","MFS132"
"5960","SPONGE,GAUZE,2 X 2IN,STER,8-PL","IE293","L:200","","1806G"
"6144","BINDER,ABDOMINAL,UNIV LONG,HT","IE293","L:2","","79-89091"
"6147","BIDER,ABDOMINAL,UNIV LONG,HT 9","IE293","L:1","","ORT21110LXL"
"6153","PUNCH,BIOPSY,BAKER,3MM,STERILE","IE293","L:4","","33-32"
"6154","PUNCH,BIOPSY,BAKER,3.5MM,STERI","IE293","L:4","","33-33"
"6291","TAPE,ADHESIVE,CLOTH,1IN","IE293","L:6","","1538-1"
"6292","TAPE,ADHESIVE,CLOTH,2IN","IE293","L:14","","1538-2"
"6353","APPLICATOR,TIPPED,COTTO,L 6IN,","IE293","L:200","","MDS202000"
"6357","TISSUE,FACIAL,2-PLY,8 X 8IN,10","IE293","L:9","","48550"
"6555","BAG,TRANSPORT,SPECIMEN,BIOHAZA","IE293","L:200","","AR69P"
"6632","PUNCH,BIOPSY,BAKER,4MM,STERILE","IE293","L:4","","P450"
"6691","PIN,SAFETY,LARGE,NON STERILE","IE293","L:50","","MDT223025Z"
"8772","ELECTRODE,PATIENT,RETURN,VALLE","IE293","L:5","","E7507"
"8983","CUFF,B/P,ADULT,25,35CM,H/P,MED","IE293","L:0","","REUSE-11"
"9057","BATTERY,AA,NONRECHARGEABLE,ALK","IE293","L:25","","PC1500"
"9295","PAD,ALCOHOL,70% ISOPROPYL","IE293","L:800","","6818"
"9296","BANDAID,ADHESIVE,PLASTIC,STRIP","IE293","L:200","","44101"
"9300","DEPRESSOR,TONGUE,WOOD,STL","IE293","L:100","","C1560-006"
"9301","SPONGE,GAUZE,4 X 4IN,100% COTT","IE293","L:150","","3033G"
"9305","DRESSING,GEN USE,ABD PAD,8 X 1","IE293","L:36","","9194A"
"9306","SPONGE,GAUZE,DRAIN,4 X 4IN,6-P","IE293","L:50","","7086"
"9308","CATHETER,FOLEY,18FR,5CC","IE293","L:5","","DYND11758"
"9309","BAG,PAPER,GROCERY,# 25","IE293","L:15","","NONBPB25H"
"9311","BASIN,EMESIS,DISP,PLASTIC","IE293","L:20","","DYND80327N"
"9312","COTTON BALL,UNCOVERED,DIA 2IN,","IE293","L:6","","MDS21463"
"9313","CUP,STYROFOAM,6OZ,DISP","IE293","L:5","","6J6"
"9414","TUBING,SUCTION,L 6FT,FEMALE CO","IE293","L:4","","8888301515"
"9415","URINAL,MALE,PLSTC,1000ML,W/LID","IE293","L:8","","DYND80235S"
"9419","TRAY,CATHETERIZATION,FOLEY","IE293","L:6","","5029"
"9420","TRAY,IRRIGATION","IE293","L:2","","68800"
"9427","SYRINGE,3CC,L/L","IE293","L:100","","1180300777"
"9432","SYRINGE,W/O NEEDLE,10ML,SLIP-T","IE293","L:10","","303134"
"9434","SYRINGE,30CC,L/L","IE293","L:20","","8881535762"
"9435","SYRINGE,60CC,L/L","IE293","L:6","","8881560125"
"9436","SYRINGE,60CC,CATH TIP","IE293","L:6","","309620"
"9625","TOWEL,SURGICAL,BARRIER,PACK","IE293","L:30","","3520"
"9627","KIT,REMOVAL,SUTURE,STERILE,DIS","IE293","L:10","","Jun-00"
"9630","BAG,PAPER,KRAFT,10.75X5.25","IE293","L:50","","NONBPB5"
"9719","TUBING,OXYGEN CONNECTING,7FT,N","IE293","L:40","","1350"
"9720","RAZOR,SURGICAL,DBLE EDGED","IE293","L:10","","BRN1312"
"9744","PAPER,EXAM,TABLE,18IN X 150FT,","IE293","L:12","","3-06-0002"
"9845","CUFF,B/P,ADULT,33,47CM,H/P,LAR","IE293","L:5","","REUSE-12"
"9871","BAG,ENEMA,1500ML,PRE-LUBRICATE","IE293","L:2","","DYND70102"
"10250","SYRINGE,1CC,LUER LOCK","IE293","L:120","","309628"
"10310","BATTERY,C,NONRECHARGE","IE293","L:3","","PC1400"
"10377","BATTERY,ALKALINE,SZ D,DURACELL","IE293","L:4","","MN1300CT"
"10931","TAPE,ADHESIVE,PAPER,1I,HYPO","IE293","L:6","","1530-1"
"10932","TAPE,ADHESIVE,PAPER,2IN","IE293","L:8","","1530-2"
"10934","SNGE,5ML,LUER LOCK","IE293","L:40","","309646"
"10936","SYRINGE,W/O NEEDLE,20ML,LL TIP","IE293","L:10","","1182000777"
"12075","ADAPTER,MULTIPLE,SAMPLE","IE293","L:10","","367290"
"12730","BANDAGE,COBAN,1IN,NONSTERILE","IE293","L:20","","CAH15LF"
"13310","KIT,IV START,STERILE,L/F,CHLOR","IE293","L:5","","74464"
"13392","SLING,ARM,ENVELOPE,MED,SYNTHET","IE293","L:3","","TX9902-04"
"13394","SLING,ARM,ENVELOPE,LG,SYNTHETI","IE293","L:3","","TX9902-05"
"13395","SLING,ARM,ENVELOPE,XL,SYNTHETI","IE293","L:3","","79-84008"
"14169","IMMOBILIZER,KNEE,UNIV,19IN,MED","IE293","L:1","","79-96019"
"14313","SPLINT, DELTA, LITE, 4 X 30 IN","IE293","L:3","","OG-430PC"
"14992","STOCKING,COMPRESSION,THIGH-HIG","IE293","L:3","","MDS160888"
"15218","SUTURE,PROLENE,4 0,8682G,PS2","IE293","L:10","","8682G"
"16466","STRAP,CATH,LEG,FABRIC,VELCRO C","IE293","L:4","","316"
"16927","LANCET,SAFETY,1.8MM,21GA","IE293","L:1","","8290366577"
"17193","SPLINT, DELTA, LITE, 5 X 45 IN","IE293","L:3","","OG-545PC"
"17416","FLOWMETER,PEAK,TRU ZONE","IE293","L:3","","96510"
"17597","ELECTRODE,EKG,RESTING,CONDUCTI","IE293","L:10","","31433538"
"18141","DRESSING,GEN USE,ISLAND,4 X 4I","IE293","L:16","","7550"
"18274","REMOVER,ADHESIVE,WIPE","IE293","L:50","","30039"
"18275","REMOVER,ADHESIVE,4OZ","IE293","L:2","","32404"
"18677","NEEDLE, 16GA X 1 1/2","IE293","L:10","","305198"
"18816","PAPER,EKG,THERMAL,RED GRID","IE293","L:2","","1272335"
"18932","DRESSING,TRANSPARENT,2 3/8INX2","IE293","L:10","","1624W"
"19113","SCRUB,PREP,4% CHG,TOPICAL,4OZ","IE293","L:30","","MDS098710"
"19374","MONOFILAMENT,SENSORY TOUCH,5.0","IE293","L:5","","VA40"
"19550","BANDAGE,ELASTIC,SAFEWRAP,3X5YD","IE293","L:5","","MDS087003LFG"
"19551","BANDAGE,ELASTIC,SAFEWRAP,LF,4I","IE293","L:40","","MDS087004LF"
"19552","BANDAGE,ELASTIC,COMPRESSION,6I","IE293","L:20","","MDS087006LFG"
"19565","CATHETER,SILICONE,14FR,10CC,FO","IE293","L:2","","DYND11501"
"19566","CATHETER,SILICONE,16FR,5CC","IE293","L:3","","165816"
"19676","CATHETER,IV,SAFETY,18GA X1.25I","IE293","L:5","","3065"
"19678","CATHETER,IV,SAFETY,22GAX1IN","IE293","L:2","","306001"
"19824","PADDING,CAST,6IN X 4YD","IE293","L:2","","9046"
"19825","PADDING,CAST,CRIMPED,COTTON,4I","IE293","L:2","","3175"
"19845","DRESSING,FOAM,4 X 4IN,SQ,WATER","IE293","L:40","","55544"
"19846","DRESSING,FOAM,4 X 8IN,POLYURET","IE293","L:20","","55548"
"19973","PIN,ADAPTER,ACCESS VIAL,2202E","IE293","L:15","","2202E"
"20047","SET,EXTENSION,NEEDLELESS,VALVE","IE293","L:10","","MC33150"
"20048","SET,IV ADMIN EXT,LTX-FREE,L 6I","IE293","L:4","","20019E"
"20074","CAP,ALARIS","IE293","L:33","","70804"
"20189","DRESSING,TRAC,FOAM,KCI,LG,BLAC","IE293","L:6","","M8275053/10"
"20557","WIPES,CLEANING,GERMICIDAL,HARD","IE293","L:0","","P13872"
"20621","WIPES, PDI EASY SCREEN","IE293","L:0","","P03672"
"20629","CUP,URINE,NONSTERILE,BLUE TOP","IE293","L:16","","364975"
"22138","NEEDLE,SAFET,18GAX1.5IN,1M","IE293","L:30","","8881850815"
"22139","NEEDLE,SAFETY,22GAX1.5,1M","IE293","L:40","","8881850215"
"22140","NEEDLE,SAFETY,25GAX5/8IN","IE293","L:40","","8881850558"
"22141","NEEDLE,SAFETY,23GAX1IN","IE293","L:40","","8881850310"
"22142","NEEDLE,SAFETY,21GAX1IN,1M","IE293","L:30","","305915"
"22288","TAPE,MEDICAL,SOFT CLOTH,2IN","IE293","L:12","","2862"
"22289","TAPE,MEDICAL,SOFT CLOTH,4IN","IE293","L:10","","2864"
"22290","TAPE,MEDICAL,SOFT CLOTH,6IN","IE293","L:5","","2866"
"22323","ARMBAND, ID, PATIENT, GREEN","IE293","L:5","","140-15-PDM"
"22350","SOAP, SURGICAL HAND PREP, AVAG","IE293","L:3","","9200"
"22351","SYRINGE,TB,1CC,28GAX1/2IN,SAFE","IE293","L:100","","8881882812"
"22352","SYRINGE,INSULIN,1CC,29GAX1/2IN","IE293","L:20","","8881892910"
"22546","ADHESIVE,SKIN CLOSURE,TOPICAL","IE293","L:20","","LX6"
"22695","DEVICE,URINARY CATH SECURING,S","IE293","L:6","","680ME"
"22734","SPLINT,DELTA,SYNTHETIC,4IN X 1","IE293","L:2","","OG-4L2"
"22843","BAG,DRAINAGE,2000ML","IE293","L:2","","154002"
"22967","CENTURION SEWN","IE293","L:10","","67535"
"22974","RETRACTOR,6.5IN,SENN","IE293","L:10","","66795"
"23157","STRIP,GLUCOSE TESTING,ACCU-CHE","IE293","L:4","","5942861001"
"23217","FORCEPS DISSECTING ADSON SERRA","IE293","L:5","","SS11-1020 F"
"23465","SWABSTICK,CHG 3.15%,ISOPROPYL","IE293","L:2","","B10800"
"23695","SCISSORS-SHARP/BLUNT-5.5-STERI","IE293","L:10","","65945"
"23725","TOURNIQUET,.75X18INCH,LATEX FR","IE293","L:5","","367203"
"23910","PUNCH,BIOPSY,2MM,STERILE","IE293","L:8","","9033502"
"23927","DEVICE,BLOOD COLLECTION,BLOOD","IE293","L:5","","36488000"
"23980","BATTERY,9V,NON-RECHRG,ALKALINE","IE293","L:3","","PC1604"
"24044","CASTING TAPE, 4 YD LONG X 3 IN","IE293","L:10","","82003"
"24113","NEEDLE HOLDER,STACKABLE","IE293","L:10","","364815"
"24320","INTRODUCER,SHEATH,STD,7FR,L 11","IE293","L:5","","PSI-7F-11-038"
"24568","COVER,PROBE,3D","IE293","L:5","","20-P3D548"
"24811","COVER,THERMOMETER PROBE,SURETE","IE293","L:12","","05031-750"
"26930","MASK,FACE,PROCEDURE,FULL PLTD,","IE293","L:100","","15111"
"27022","DRESSING,HYDROCOLLOID,4 X 5IN,","IE293","L:8","","422299"
"27089","CUFF,BLOOD PRESSURE,SMALL ADUL","IE293","L:5","","REUSE-11-1HP"
"27104","PAPER,EKG,FOR ZOLL M SERIES,FA","IE293","L:6","","8000-000877-01"
"27274","DRESSING,HYDROCOLLOID,4.34SQ I","IE293","L:10","","MA028"
"27870","MEPILEX,BORDER LITE,2X5","IE293","L:20","","581100"
"27871","MEPILEX,BORDER LITE,3X3","IE293","L:10","","595200"
"27894","SUTURE,VICRYL PLUS,SH,VCP417H","IE293","L:20","","VCP417H"
"27898","GEL,AQUASONIC,20MG","IE293","L:30","","1-Jan"
"27936","SUTURE,BRAIDED VICRYL,4-0,18IN","IE293","L:10","","J496H"
"27956","SUTURE,VICRYL PLUS,UND BRD,SZ","IE293","L:12","","VCP493G"
"27967","SUTURE,3/0 VICRYL PLUS,SH,VCP4","IE293","L:50","","VCP416H"
"28018","DEVICE,CATH SECUREMENT,FOLE,ST","IE293","L:6","","FOL0102"
"28481","TOWEL,RAYPAQUE,SAFETY,STERILE,","IE293","L:6","","AVID262"
"28829","CORD,12FT,BIOPOLAR,FOOTSWITCHI","IE293","L:4","","E0512"
"29094","MARKER,SKIN,MINI MARKER,PRE SU","IE293","L:3","","2715BN"
"29160","SUTURE,MONOCRYL PLUS,PS-2,MCP4","IE293","L:50","","MCP426H"
"29255","RULER,MEASURING,WOUND,PAPER,DI","IE293","L:4","","MSCEDURULER"
"29363","DRESSING,NON-ADHE,4X4,ANTIMCRO","IE293","L:10","","MSC9614EP"
"29371","BANDAGE,GAUZE,3IN X 75IN,STER,","IE293","L:6","","Nov-93"
"29451","VIAL,PREFILLED,BUFFERED,FORMAL","IE293","L:3","","NB0507"
"29493","SOLUTION,IRRIGATION,STER WATER","IE293","L:10","","2F7112"
"29611","CHLORAPREP,26ML,HI LITE,ORANGE","IE293","L:5","","930815"
"29637","DRESSING,TRANSPARENT,2 3/8 X 4","IE293","L:30","","3584"
"29660","SLEEVE,FULL ARM,SHOWER PROT,RE","IE293","L:6","","12106"
"29662","SLEEVE,FOOT TO THIGH,SHOWER,PR","IE293","L:5","","03202-THIGH HI"
"29885","CHLORAPREP,ONE STEP,3ML","IE293","L:75","","930400"
"29922","DRESSING,WOUND,4X4,HYDROFERA B","IE293","L:8","","HB4414"
"29976","SUTURE,PDS,3.0,27INCH","IE293","L:36","","PDP316H"
"30015","DRESSING,BORDER LITE,MEPILEX,6","IE293","L:10","","581500"
"30016","DRESSING,BORDER LITE,MEPILEX,4","IE293","L:10","","595300"
"30039","DRESSING,XEROFORM,PETROLATUM,F","IE293","L:20","","8884433605"
"30058","SWAB,POVIDONE IODINE,10% W/V","IE293","L:100","","S41350"
"30085","DRESSING STERILE 4INX4IN","IE293","L:10","","187971"
"30262","SOLUTION,POVIDONE IODINE,10%,1","IE293","L:40","","DYNDA2232A"
"30263","SOLUTION,HYDROGENPEROXIDE,3%,1","IE293","L:12","","APLP1012BK"
"30264","ALCOHOL,ISOPROPYL,70%,4OZ BOTT","IE293","L:5","","I0020"
"31670","FOAM,CLEANSING,ALOE VESTA,8OZ","IE293","L:4","","MSC092104"
"32038","LINER,SUCTION,FLEX ADVANTAGE,1","IE293","L:3","","65651-920C"
"32094","DRESSING,ALGINATE,MEDIHONEY,4X","IE293","L:10","","31045"
"32128","SKIN TEST DEVICE,QUINTIP,STERI","IE293","L:10","","OM203C"
"32186","DRESSING,FOAM,SILICONE,4X8INCH","IE293","L:10","","496405"
"32450","UNDERWEAR,MESH,DISPOSABLE,XL","IE293","L:10","","MSC86400"
"32463","ADHESIVE,LIQUID,MASTISOL","IE293","L:15","","0523-48"
"32527","GLOVE,EXAM,NITRILE,SM,LTX-FREE","IE293","L:4","","72-50901"
"32528","GLOVE,EXAM,NITRILE,MED,LTX-FRE","IE293","L:4","","72-50902"
"32529","GLOVE,EXAM,NITRILE,LG,LTX-FREE","IE293","L:4","","72-50903"
"32530","GLOVE,EXAM,NITRILE,XL,LTX-FREE","IE293","L:2","","72-50904"
"32553","SPLINT,FINGER,CURVED,MD","IE293","L:6","","ORT32300M"
"32554","SPLINT,FINGER,CURVED,LG","IE293","L:10","","ORT32300L"
"32555","SPLINT,FINGER,COT,SM","IE293","L:6","","ORT32400S"
"32556","SPLINT,FINGER,COT,MD","IE293","L:6","","ORT32400M"
"32679","CREAM,SKIN REPAIR,REMEDY,4OZ","IE293","L:5","","MSC0924004"
"32815","TAPE,CASTING,FIBERGLASS,2INCHX","IE293","L:10","","82002"
"33057","SPLINT,FINGER,COT,LG","IE293","L:12","","ORT32400L"
"33115","GEL,MEDIHONEY,TUBE,1.5FL OZ,TW","IE293","L:12","","31815"
"33188","NEEDLE,SEIRIN,PYONEX,.2GAX.6MM","IE293","L:2","","PYON.N.06YW"
"33552","SHORTS,ORTHO,BLUE,X-LRG,38X48","IE293","L:2","","45410-105"
"33748","TOWEL,PATIENT,2PLY,POLY,19X13,","IE293","L:125","","1126749"
"33919","TIP,EAR,IRRIGATION","IE293","L:4","","7200"
"34473","DRESSING,5 X 12.5IN,MEPILEX BO","IE293","L:5","","496605"
"34729","DRESSING,WOUND,6IN X 12.6IN,AN","IE293","L:5","","ABS-4050"
"35035","WIPES,DISPOSABLE,GERMICIDAL,SA","IE293","L:0","","Q55172"
"35041","CLOTH,CHLORHEXIDINE,GLUCONATE","IE293","L:10","","9717"
"35069","CAP,IV,DISINFECT,CUROS,JET","IE293","L:30","","CFJ5-250"
"35121","SYRINGE,1ML,SLIP,TIP","IE293","L:100","","309659"
"35122","SYRINGE,3ML,25GA X 5/8,LUER LO","IE293","L:100","","309570"
"35123","NEEDLE,21GA X 2IN,NON SAFETY","IE293","L:50","","305129"
"35372","ANOSCOPE,BUILT IN LIGHT SOURCE","IE293","L:10","","C060100"
"35486","FLUSH,SALINE,10ML,IN 10ML SYR,","IE293","L:30","","306546"
"35511","JELLY,SURGILUBE,STERILE,5GM","IE293","L:100","","281020545"
"35785","PACK,LUMPNBUMP,CUSTOM SURGICAL","IE293","L:12","","VAPX033-02"
"36310","HEMOSTAT,STRT,SATIN,STERILE,DI","IE293","L:30","","66485"
"36812","APPLICATOR,OBGN SWAB,8 INCH,NO","IE293","L:20","","C15052-008"
"36893","CAUTERY,SURGICAL,HIGH TEMP,ELO","IE293","L:10","","AA21"
"37163","BASIN,WASH,PLASTIC,DISPOSABLE,","IE293","L:10","","DYND80347"
"37636","NEEDLE,HYPO,20GAX1.5IN,SAFETY,","IE293","L:100","","8881850015"
"37655","PROBE,TEL-SHIN,BASIC","IE293","L:2","","TEI.SHIN"
"37656","PELLETS,TIE-SHIN,KORYO SILVER","IE293","L:2","","KOR.1.S"
"37657","PELLETS,TIE-SHIN,KORYO,GOLD","IE293","L:2","","KOR.1.G"
"37985","WIPES,CLEANING,GERMICIDAL,HARD","IE293","L:0","","P54072"
"38083","SCISSORS,IRIS,CVD,STERILE,SING","IE293","L:30","","66150"
"38084","HOLDER,NEEDLE,WEBSTER,STERILE,","IE293","L:10","","67120"
"38085","SCISSORS,IRIS,ST,STERILE KIT,S","IE293","L:14","","66155"
"38101","GLASSES,SAFETY,PLSTC LES,CLR,U","IE293","L:3","","SV50A"
"38324","NEEDLE,SAFETY,BD ECLIPSE,25G X","IE293","L:5","","305838"
"38362","FORCEP,ADSON BROWN,DRESSING,ST","IE293","L:20","","66195"
"38381","VAGINAL SPEC,KLEENSPEC,SINGLE-","IE293","L:5","","59004-LED"
"38459","CAP,MALE,TIPS,DISINFECTION,3M","IE293","L:10","","CM5-200"
"38934","SET,PODIATRY BASIC CARE","IE293","L:6","","BSDP-04UK F"
"39152","KIT,HEMOCULT,MAILER,OCPU-VA1","IE293","L:20","","OCPU"
"39199","CUFF,BP,1 PIECE,ADULT,TUBELESS","IE293","L:20","","SOFT-11"
"39203","CUFF,BP,1 PIECE,ADULT,LONG,TUB","IE293","L:5","","SOFT-11L"
"39217","SOLUTION 30ML,CYTOLYT,TUBES 50","IE293","L:20","","ASY-15208"
"39581","MEPILEX,BORDER,SACRUM,16X20CM","IE293","L:20","","282055"
"40620","SCISSOR,LISTER BANDAGE,18.5CM","IE293","L:5","","SS07-0291 F"
"40668","NEEDLE,BUTTERFLY,ULTRATOUCH,25","IE293","L:10","","367363"
"40669","NEEDLE,BUTTERFLY,ULTRATOUCH,23","IE293","L:10","","367364"
"41271","TUBING,OXYGEN CONNECTING,L 7FT","IE293","L:2","","1925"
"41341","CONTAINER,URINE COLLECTION,COM","IE293","L:10","","2500SA"
"41528","SOLUTION,IRRIGATION,STERILE WA","IE293","L:10","","RDI30295"
"41595","CANNULA,NASAL,O2,NON-FLARE TIP","IE293","L:5","","1365"
"41731","FILTER,EXCHANGE,HEAT,MOISTURE","IE293","L:10","","157"
"41815","CAP,BOUFFANT,24IN,BLUE,FLUID P","IE293","L:2","","B24HD"
"41960","PULSE,OXIMETER","IE293","L:5","","81560630"
"42036","LINER,PITCHER,PLSTC,CARAFE,1QT","IE293","L:10","","DYND80528"
"42037","PITCHER,HANDLE,W/LID,GRAPHITE","IE293","L:10","","DYND80535N"
"42145","THERMOMETER,ORAL,30 SECOND,DIG","IE293","L:20","","MDS9950"
"42148","FORCEP,BIPOLAR ADSON,SERRATED","IE293","L:3","","20-1080I"
"42593","DEVICE,BIOP,CYTOCORE,ROTATION","IE293","L:3","","C0025"
"42735","MASK,FACE,PROCEDURE,FULL PLTD,","IE293","L:100","","PPE-M-AS-SUR-S"
"44476","SPLINT,PRECUT,ORTHOGLASS,3X38I","IE293","L:3","","7296402"
"44714","TEST,COVID19,ANTIGEN,OTC,SELF-","IE293","L:6","","195264"
"45111","FLUSH,SALINE,10ML,STERILE,IN 1","IE293","L:10","","306553"
"45134","NEEDLE,BUTTERFLY,ULTRATOUCH,21","IE293","L:25","","367365"
"47333","TURBINE FLOWMIR","IE293","L:10","","910004"
"47334","FLOWMIR TURBINE MOUTHPIECE","IE293","L:10","","910304"
"48301","CLNR,INST 13.5OZ,PREKLN,TRNSPT","IE293","L:2","",""
"48385","BAND,HEMORRHOID,STRL,LF","IE293","L:5","","18006/20"
"48482","BCA-SET3,REGEN,ACCESSORY KIT","IE293","L:10","","BCA-SET3"
"48483","RK-BCT-3,REGENKIT,10ML","IE293","L:10","","RK-BCT-3"
"48683","REGENKIT,THT-3,THREE TUBES (10","IE293","L:10","","RK-THT-3"
"48684","REGENKIT,THT-3,THREE TUBES (20","IE293","L:5","","RK-THT-3-20"
"48862","PACK,HOT,INSTANT,5X7","IE293","L:10","","MDS149010"
"49400","SYRINGE,TB,1ML,27GA X 1/2IN,SA","IE293","L:100","","305945"
"49801","BANDAGE,ELASTIC,2IN X 5YD,LTX-","IE293","L:10","","MDS087002LF"
"50292","KIT,XPERT,SWB,SPEC CLT","IE293","L:25","","SWAB/G-50"
"50294","CREAM,SKIN,PHYTOPLEX,12.5% DMT","IE293","L:5","","MSC092562"
"50420","WIPES,PERSONAL,SKIN CLEANSING/","IE293","L:10","","MSC092503"
"50506","PENCIL,CAUTERY,ROCKER SWITCH,S","IE293","L:10","","703046000"
"50930","CLEANSER,WOUND,SPRAY,BOTTLE,8O","IE293","L:12","",""
"59197","KLEENSPEC,DISPOSABLE,590 SERIE","IE293","L:10","","59000-LED"
"59357","MASK,PROCEDURE,W/EYESHIELD","IE293","L:50","","AT74631"
"59400","STOCKINET,CAST,1IN X 25YD","IE293","L:1","",""
"59596","BAG,EMESIS,WHITE,HDPE","IE293","L:24","","NON80331"
"59597","CUP,SPECIMEN,WHT","IE293","L:16","",""
"59848","SWAB COLLECTION ANALYZER PART","IE293","L:10","",""
"96001","COTTON,BALL,STERILE","IE293","L:10","","30-030"
"98006","BATTERY,AAA,NONRECHARGEABLE,AL","IE293","L:16","","PC2400"
"99015","BAG,PATIENT,BELONGING","IE293","L:25","","BIOBAGGY1820"
"129613","CANNULA,BLUNT,PLASTIC","IE293","L:50","","8881540111"
"89","COVER,SHOE,SIZE 8 TO 12","IE301","L:2","","4852"
"1913","GLOVE,BIOGEL,6.5,STERILE","IE301","L:50","","41165"
"1914","GLOVE,NON LATEX BIOGEL,7.5,STE","IE301","L:50","","41175"
"1915","GLOVE,BIOGEL,8,STERILE","IE301","L:50","","41180"
"1994","SYRINGE,10CC,L/L","IE301","L:200","","302995"
"2764","COVER-BEARD","IE301","L:2","","NONSH400"
"2800","GLOVE,BIOGEL,8.5,STERILE","IE301","L:50","","41185"
"5010","SOLUTION,INTRAVENOUS,D5W,250ML","IE301","L:18","","2B0062Q"
"5027","SOLUTION,INTRAVENOUS,D5W,100ML","IE301","L:12","","2B0082"
"5028","SOLUTION,INTRAVENOUS,D5W,500ML","IE301","L:12","","2B0063Q"
"5030","SOLUTION,INTRAVENOUS,D5W,IN 0.","IE301","L:4","","2B1064X"
"5033","SOLUTION,INTRAVENOUS,D5W,0.45%","IE301","L:4","","2B1074X"
"5035","SOLUTION,INTRAVENOUS,D10W,1000","IE301","L:5","","2B0164X"
"5037","SOLUTION,INTRAVENOUS,IN 0.9% N","IE301","L:24","","2B1302"
"5038","SOLUTION,INTRAVENOUS,IN 0.9% N","IE301","L:24","","2B1323Q"
"5039","SOLUTION,INTRAVENOUS,IN 0.9% N","IE301","L:28","","2B1324X"
"5041","SOLUTION,INTRAVENOUS,0.45% NAC","IE301","L:5","","2B1314X"
"5042","SOLUTION,INTRAVENOUS,LR,1000ML","IE301","L:3","","2B2324X"
"5043","SOLUTION,INTRAVENOUS,D5W,LR,10","IE301","L:0","","2B2074X"
"5047","SOLUTION,IRRIGATION,STER WATER","IE301","L:4","","2F7113"
"5070","SOLUTION,INTRAVENOUS,IN 0.9% N","IE301","L:36","","2B1322Q"
"5071","SOLUTION,INTRAVENOUS,STER WATE","IE301","L:7","","2B0304X"
"5077","SOLUTION,IRRIGATION,0.9% NACL,","IE301","L:4","","R8206"
"5595","GLOVE,BIOGEL,7,STERILE","IE301","L:50","","41170"
"6086","MASK,SURGICAL,W/SHIELD,TIE","IE301","L:50","","15330"
"6357","TISSUE,FACIAL,2-PLY,8 X 8IN,10","IE301","L:8","","48550"
"9295","PAD,ALCOHOL,70% ISOPROPYL","IE301","L:400","","6818"
"9296","BANDAID,ADHESIVE,PLASTIC,STRIP","IE301","L:100","","44101"
"9427","SYRINGE,3CC,L/L","IE301","L:250","","1180300777"
"9434","SYRINGE,30CC,L/L","IE301","L:80","","8881535762"
"9435","SYRINGE,60CC,L/L","IE301","L:60","","8881560125"
"10934","SNGE,5ML,LUER LOCK","IE301","L:200","","309646"
"10936","SYRINGE,W/O NEEDLE,20ML,LL TIP","IE301","L:120","","1182000777"
"18325","SET,IV ADMIN,NITROGLYCERIN,MED","IE301","L:10","","2260-0500"
"20641","SOLUTION,INTRAVENOUS,IN 0.9% N","IE301","L:0","","2B0042"
"20658","STERILE WATER,IRRIGATION,1000M","IE301","L:4","","2F7114"
"20659","DEXTROSE,INJECTION,5% PVC FREE","IE301","L:8","","L5101"
"20660","DEXTROSE, INJECTION 5%, PVC FR","IE301","L:6","","L5100"
"22138","NEEDLE,SAFET,18GAX1.5IN,1M","IE301","L:300","","8881850815"
"22143","NEEDLE,FILTER,18GA X 1 1/2IN","IE301","L:200","","305211"
"22845","SPONGE,ABSORBABLE,GELATIN,SURG","IE301","L:0","","1974"
"23008","MASK,EAR LOOP,LV2,DISP,FACE","IE301","L:0","","15900"
"27526","SOLUTION,SODIUM CHLORIDE,INJEC","IE301","L:160","","2B0043"
"29493","SOLUTION,IRRIGATION,STER WATER","IE301","L:6","","2F7112"
"29494","SOLUTION,IRRIGATION,0.9% NACL,","IE301","L:6","","R5201-01"
"30058","SWAB,POVIDONE IODINE,10% W/V","IE301","L:0","","S41350"
"32527","GLOVE,EXAM,NITRILE,SM,LTX-FREE","IE301","L:2","","72-50901"
"32528","GLOVE,EXAM,NITRILE,MED,LTX-FRE","IE301","L:2","","72-50902"
"32529","GLOVE,EXAM,NITRILE,LG,LTX-FREE","IE301","L:2","","72-50903"
"32530","GLOVE,EXAM,NITRILE,XL,LTX-FREE","IE301","L:2","","72-50904"
"34069","AEROCHAMBER,PLUS ZSTAT","IE301","L:0","","79750"
"35486","FLUSH,SALINE,10ML,IN 10ML SYR,","IE301","L:30","","306546"
"35623","SET,IFUSION,2-PIECE,MALE,LUER","IE301","L:0","","10942011"
"35655","SPLITTER,TABLET,CUT IN HALF,PL","IE301","L:0","","67015BC1"
"36432","DEVICE,TRANSFER,ACCESS,VENTED,","IE301","L:30","","MV0420"
"36433","DEVICE,VIAL,ACCESS,13MM","IE301","L:20","","2203E"
"41815","CAP,BOUFFANT,24IN,BLUE,FLUID P","IE301","L:2","","B24HD"
"42735","MASK,FACE,PROCEDURE,FULL PLTD,","IE301","L:50","","PPE-M-AS-SUR-S"
"50148","ADAPTER TUBING VIAL ONGUARD 20","IE301","L:40","","412161"
"50149","ADAPTER,SPIKE,PORT,ONGUARD","IE301","L:35","","412143"
"50150","LOCK ADAPTOR SYRINGE ONGUARD","IE301","L:40","","412174"
"50151","ADAPTER IV ONGUARD 2 FEMALE LU","IE301","L:20","","412160"
"50152","ADAPTER TUBING SYRINGE ONGUARD","IE301","L:40","","412163"
"50203","SOLUTION,IRRIGATION,0.9% NACL,","IE301","L:0","","2B7477"
"50547","ADAPTOR,ONGUARD,VAIL,28MM","IE301","L:40","","412162"
"50641","IV ADMIN SET,SECONDARY,40 W/ H","IE301","L:10","","DYNDTA1540"
"59134","COVER,SHOE,XL,ANTISKID","IE301","L:0","","ICP-SCNS0003"
"78669","PUMP,ELASTOMERIC","IE301","L:12","","C270050"
"15","SYRINGE,BULB,EAR,3 OZ","IE305","L:6","","DYND70277"
"214","TAPE,TRANSPORE,1IN,HYPO","IE305","L:36","","1527-1"
"215","TAPE,TRANSPORE,3IN","IE305","L:15","","1527-3"
"223","TUBING,CORRUGATED,100FT","IE305","L:2","","1426"
"445","MOUTHWASH,4OZ,MINT,NON-ALCOHOL","IE305","L:4","","CTR000413"
"594","KIT,TRACH,CARE","IE305","L:10","","47890"
"1600","SURGIFIX,SZ#2","IE305","L:3","","MT02"
"1601","SURGIFIX,SZ#3","IE305","L:3","","MT03"
"1603","BANDAGE,TUBULAR,NYLON,SZ 6,25Y","IE305","L:3","","MT06"
"1604","SURGIFIX,SZ#8","IE305","L:3","","MT08"
"1606","SPONGE,GAUZE,GEN USE,2 X 2IN,8","IE305","L:4","","NON25208"
"1607","SPONGE,GAUZE,4 X 4IN,NON-STER","IE305","L:4","","2556G"
"1608","STRAINER,CALCULI","IE305","L:5","","2110SA"
"1771","BANDAGE,COBAN,4IN,NONSTERILE","IE305","L:24","","2084"
"1826","NEEDLE,HYPO,25GA X 1 1/2IN,REG","IE305","L:100","","305127"
"1827","NEEDLE,27GA X 1.5IN,DISPOSABLE","IE305","L:100","","1188827112"
"1828","NEEDLE,30GAX1/2IN,DISPOSABLE","IE305","L:100","","305106"
"1912","GLOVE,SURG,NAT RUBBER,SZ 6,POW","IE305","L:50","","41160"
"1913","GLOVE,BIOGEL,6.5,STERILE","IE305","L:50","","41165"
"1914","GLOVE,NON LATEX BIOGEL,7.5,STE","IE305","L:50","","41175"
"1915","GLOVE,BIOGEL,8,STERILE","IE305","L:50","","41180"
"1917","TUBE,DRAINAGE,LEG BAG","IE305","L:15","","538"
"1963","TUBE,TRACH,CUFFLESS,6CFS","IE305","L:2","","6UN75R"
"1972","TUBE,SUCTION,YANKAUER","IE305","L:20","","K86"
"1984","DRESSING,TELFA,NONADHER,3X8,ST","IE305","L:200","","1238"
"1986","PACKING,WOUND,PLN,1/2IN X 5YD,","IE305","L:8","","7632"
"1987","GAUZE,PACKING,STERILE,PLAIN,1I","IE305","L:8","","7633"
"1988","GAUZE,IODOFORM,1/2IN","IE305","L:8","","7832"
"1994","SYRINGE,10CC,L/L","IE305","L:100","","302995"
"2014","CONNECTOR,TUBING,5IN1,PLASTIC,","IE305","L:20","","501"
"2032","WOUND,CLOSURE STRIP,1/2IN X 4I","IE305","L:10","","R1547"
"2041","DRESSING,TRANSPARENT,4X4 3/4IN","IE305","L:100","","1616"
"2042","DRESSING,TRANSPARENT,10INX5 1/","IE305","L:50","","1628"
"2043","DRESSING,IMPREGNATED,3 X 3IN,O","IE305","L:150","","6112"
"2045","GAUZE,IODOFORM,PACKING,STERILE","IE305","L:8","","7833"
"2046","NUGAUZE-IODOFORM-2IN-5YD/BT-ST","IE305","L:8","","NON256025"
"2053","BAG,LEG,URINE,32OZ","IE305","L:30","","DYND12578"
"2189","WIPES,PERSONAL,TOWELETTE,PRE-M","IE305","L:300","","MDS094181"
"2238","MASK,ADULT,TRACH,DISP","IE305","L:12","","1075"
"2245","BAG,DRAINAGE,T","IE305","L:12","","1740"
"2518","GAUZE,PETROLEUM,3X18I,NONADH","IE305","L:40","","MAY884414600Z"
"2800","GLOVE,BIOGEL,8.5,STERILE","IE305","L:15","","41185"
"3413","BAG,FECAL,COLLECTION","IE305","L:20","","9821"
"3769","BANDAGE,COBAN,2IN,NONSTERILE","IE305","L:18","","2082"
"5045","SOLUTION,IRRIGATION,0.9% NACL,","IE305","L:18","","2F7123"
"5047","SOLUTION,IRRIGATION,STER WATER","IE305","L:18","","2F7113"
"5595","GLOVE,BIOGEL,7,STERILE","IE305","L:50","","41170"
"6288","SWAB,MOUTH,TOOTHETTE,FOAM TIPP","IE305","L:6","","6120"
"6291","TAPE,ADHESIVE,CLOTH,1IN","IE305","L:20","","1538-1"
"6292","TAPE,ADHESIVE,CLOTH,2IN","IE305","L:16","","1538-2"
"6353","APPLICATOR,TIPPED,COTTO,L 6IN,","IE305","L:600","","MDS202000"
"9295","PAD,ALCOHOL,70% ISOPROPYL","IE305","L:4000","","6818"
"9296","BANDAID,ADHESIVE,PLASTIC,STRIP","IE305","L:400","","44101"
"9300","DEPRESSOR,TONGUE,WOOD,STL","IE305","L:200","","C1560-006"
"9306","SPONGE,GAUZE,DRAIN,4 X 4IN,6-P","IE305","L:150","","7086"
"9307","CATH,URETHRAL,FOLEY,2-WAY,16FR","IE305","L:20","","DYND11756"
"9312","COTTON BALL,UNCOVERED,DIA 2IN,","IE305","L:10","","MDS21463"
"9414","TUBING,SUCTION,L 6FT,FEMALE CO","IE305","L:15","","8888301515"
"9419","TRAY,CATHETERIZATION,FOLEY","IE305","L:20","","5029"
"9427","SYRINGE,3CC,L/L","IE305","L:100","","1180300777"
"9434","SYRINGE,30CC,L/L","IE305","L:32","","8881535762"
"9435","SYRINGE,60CC,L/L","IE305","L:24","","8881560125"
"9436","SYRINGE,60CC,CATH TIP","IE305","L:32","","309620"
"9554","SYRINGE,CATH TIP,BULB,60ML,PLS","IE305","L:5","","67000"
"9625","TOWEL,SURGICAL,BARRIER,PACK","IE305","L:150","","3520"
"9871","BAG,ENEMA,1500ML,PRE-LUBRICATE","IE305","L:10","","DYND70102"
"10250","SYRINGE,1CC,LUER LOCK","IE305","L:0","","309628"
"10931","TAPE,ADHESIVE,PAPER,1I,HYPO","IE305","L:36","","1530-1"
"10932","TAPE,ADHESIVE,PAPER,2IN","IE305","L:20","","1530-2"
"10934","SNGE,5ML,LUER LOCK","IE305","L:100","","309646"
"10936","SYRINGE,W/O NEEDLE,20ML,LL TIP","IE305","L:50","","1182000777"
"10938","CUP,MEDICINE,10Z,PLASTIC","IE305","L:2","","DYND80000N"
"16466","STRAP,CATH,LEG,FABRIC,VELCRO C","IE305","L:30","","316"
"18827","HOLDER,TUBE,TRACH,3/4IN,ADJ","IE305","L:30","","240"
"19551","BANDAGE,ELASTIC,SAFEWRAP,LF,4I","IE305","L:40","","MDS087004LF"
"19552","BANDAGE,ELASTIC,COMPRESSION,6I","IE305","L:40","","MDS087006LFG"
"19846","DRESSING,FOAM,4 X 8IN,POLYURET","IE305","L:30","","55548"
"20557","WIPES,CLEANING,GERMICIDAL,HARD","IE305","L:0","","P13872"
"20657","SODIUM CHLORIDE,1000ML,IRRIGAT","IE305","L:12","","2F7124"
"20658","STERILE WATER,IRRIGATION,1000M","IE305","L:12","","2F7114"
"22138","NEEDLE,SAFET,18GAX1.5IN,1M","IE305","L:100","","8881850815"
"22139","NEEDLE,SAFETY,22GAX1.5,1M","IE305","L:100","","8881850215"
"22140","NEEDLE,SAFETY,25GAX5/8IN","IE305","L:100","","8881850558"
"22141","NEEDLE,SAFETY,23GAX1IN","IE305","L:100","","8881850310"
"22142","NEEDLE,SAFETY,21GAX1IN,1M","IE305","L:100","","305915"
"22351","SYRINGE,TB,1CC,28GAX1/2IN,SAFE","IE305","L:100","","8881882812"
"22843","BAG,DRAINAGE,2000ML","IE305","L:30","","154002"
"26930","MASK,FACE,PROCEDURE,FULL PLTD,","IE305","L:50","","15111"
"28018","DEVICE,CATH SECUREMENT,FOLE,ST","IE305","L:20","","FOL0102"
"29493","SOLUTION,IRRIGATION,STER WATER","IE305","L:24","","2F7112"
"29494","SOLUTION,IRRIGATION,0.9% NACL,","IE305","L:24","","R5201-01"
"30058","SWAB,POVIDONE IODINE,10% W/V","IE305","L:0","","S41350"
"30062","WASH,SHAMPOO,BODY,4OZ","IE305","L:3","","MSC092SBW04"
"32527","GLOVE,EXAM,NITRILE,SM,LTX-FREE","IE305","L:6","","72-50901"
"32528","GLOVE,EXAM,NITRILE,MED,LTX-FRE","IE305","L:8","","72-50902"
"32529","GLOVE,EXAM,NITRILE,LG,LTX-FREE","IE305","L:8","","72-50903"
"32530","GLOVE,EXAM,NITRILE,XL,LTX-FREE","IE305","L:8","","72-50904"
"35035","WIPES,DISPOSABLE,GERMICIDAL,SA","IE305","L:0","","Q55172"
"37636","NEEDLE,HYPO,20GAX1.5IN,SAFETY,","IE305","L:100","","8881850015"
"98003","SET,DRESSING,CENTRAL LINE","IE305","L:6","","DT14675"
"180","STRAW,DRINKING,FLEXIBLE","IE309","L:100","","NON02315"
"236","NEBULIZER,MICRO MIST,ADAPTER,H","IE309","L:1","","1884"
"246","PITCHER,DRINKING,1QT,FOAM","IE309","L:25","","DYND80412"
"445","MOUTHWASH,4OZ,MINT,NON-ALCOHOL","IE309","L:25","","CTR000413"
"571","GAUZE,BANDAGE,KERLIX,4.5IN","IE309","L:1","","NON25865"
"1560","STOCKING,COMPRESSION,BK,SM REG","IE309","L:2","","MDS160624"
"1622","UNDERPAD,BED,30X36IN,TRANQUILI","IE309","L:40","","2710"
"1776","PACK,HOT/COLD","IE309","L:4","","33500"
"1984","DRESSING,TELFA,NONADHER,3X8,ST","IE309","L:10","","1238"
"1998","CUP,DENTURE,8OZ,W/LID,PLASTIC","IE309","L:10","","DYND70293"
"2087","STOCKING,COMPRESSION,BK,LG REG","IE309","L:2","","7203"
"2343","SPECULA,OTOSCOPE,SMALL,4.25MM","IE309","L:6","","52434-U"
"5960","SPONGE,GAUZE,2 X 2IN,STER,8-PL","IE309","L:50","","1806G"
"6291","TAPE,ADHESIVE,CLOTH,1IN","IE309","L:4","","1538-1"
"6292","TAPE,ADHESIVE,CLOTH,2IN","IE309","L:4","","1538-2"
"6353","APPLICATOR,TIPPED,COTTO,L 6IN,","IE309","L:30","","MDS202000"
"6357","TISSUE,FACIAL,2-PLY,8 X 8IN,10","IE309","L:16","","48550"
"6555","BAG,TRANSPORT,SPECIMEN,BIOHAZA","IE309","L:100","","AR69P"
"8983","CUFF,B/P,ADULT,25,35CM,H/P,MED","IE309","L:2","","REUSE-11"
"9057","BATTERY,AA,NONRECHARGEABLE,ALK","IE309","L:8","","PC1500"
"9295","PAD,ALCOHOL,70% ISOPROPYL","IE309","L:600","","6818"
"9296","BANDAID,ADHESIVE,PLASTIC,STRIP","IE309","L:100","","44101"
"9300","DEPRESSOR,TONGUE,WOOD,STL","IE309","L:30","","C1560-006"
"9301","SPONGE,GAUZE,4 X 4IN,100% COTT","IE309","L:40","","3033G"
"9311","BASIN,EMESIS,DISP,PLASTIC","IE309","L:20","","DYND80327N"
"9312","COTTON BALL,UNCOVERED,DIA 2IN,","IE309","L:1","","MDS21463"
"9313","CUP,STYROFOAM,6OZ,DISP","IE309","L:12","","6J6"
"9415","URINAL,MALE,PLSTC,1000ML,W/LID","IE309","L:6","","DYND80235S"
"9427","SYRINGE,3CC,L/L","IE309","L:5","","1180300777"
"9720","RAZOR,SURGICAL,DBLE EDGED","IE309","L:30","","BRN1312"
"9744","PAPER,EXAM,TABLE,18IN X 150FT,","IE309","L:2","","3-06-0002"
"9845","CUFF,B/P,ADULT,33,47CM,H/P,LAR","IE309","L:2","","REUSE-12"
"10377","BATTERY,ALKALINE,SZ D,DURACELL","IE309","L:4","","MN1300CT"
"10931","TAPE,ADHESIVE,PAPER,1I,HYPO","IE309","L:3","","1530-1"
"10932","TAPE,ADHESIVE,PAPER,2IN","IE309","L:2","","1530-2"
"10934","SNGE,5ML,LUER LOCK","IE309","L:5","","309646"
"12112","PLUG,PROTECTION,EAR","IE309","L:10","","MAX-1"
"12205","PAD,SANITARY,MATERNITY,3 X 11I","IE309","L:10","","1380A"
"12562","TOOTHBRUSH,STRAIGHT,ADULT SIZE","IE309","L:20","","55501"
"13492","COMB,HAIR,PLASTIC,5IN","IE309","L:12","","MDS137007Z"
"15063","TAMPON,CARDBOARD SLEEVE,TAMPAX","IE309","L:6","","822000"
"16927","LANCET,SAFETY,1.8MM,21GA","IE309","L:1","","8290366577"
"22138","NEEDLE,SAFET,18GAX1.5IN,1M","IE309","L:10","","8881850815"
"22139","NEEDLE,SAFETY,22GAX1.5,1M","IE309","L:5","","8881850215"
"22141","NEEDLE,SAFETY,23GAX1IN","IE309","L:5","","8881850310"
"22142","NEEDLE,SAFETY,21GAX1IN,1M","IE309","L:5","","305915"
"22288","TAPE,MEDICAL,SOFT CLOTH,2IN","IE309","L:4","","2862"
"22289","TAPE,MEDICAL,SOFT CLOTH,4IN","IE309","L:4","","2864"
"22352","SYRINGE,INSULIN,1CC,29GAX1/2IN","IE309","L:30","","8881892910"
"23157","STRIP,GLUCOSE TESTING,ACCU-CHE","IE309","L:4","","5942861001"
"23413","CABLE,TIE,11.8IN,BLACK","IE309","L:2","","36J164"
"23980","BATTERY,9V,NON-RECHRG,ALKALINE","IE309","L:6","","PC1604"
"24811","COVER,THERMOMETER PROBE,SURETE","IE309","L:5","","05031-750"
"27089","CUFF,BLOOD PRESSURE,SMALL ADUL","IE309","L:2","","REUSE-11-1HP"
"27104","PAPER,EKG,FOR ZOLL M SERIES,FA","IE309","L:2","","8000-000877-01"
"30062","WASH,SHAMPOO,BODY,4OZ","IE309","L:25","","MSC092SBW04"
"30172","TOOTHPASTE,TUBE,.85 OZ","IE309","L:25","","9782"
"30199","ADHESIVE,CREAM,FIXODENT","IE309","L:4","","80717506"
"30262","SOLUTION,POVIDONE IODINE,10%,1","IE309","L:10","","DYNDA2232A"
"32450","UNDERWEAR,MESH,DISPOSABLE,XL","IE309","L:5","","MSC86400"
"32527","GLOVE,EXAM,NITRILE,SM,LTX-FREE","IE309","L:4","","72-50901"
"32528","GLOVE,EXAM,NITRILE,MED,LTX-FRE","IE309","L:4","","72-50902"
"32529","GLOVE,EXAM,NITRILE,LG,LTX-FREE","IE309","L:4","","72-50903"
"32530","GLOVE,EXAM,NITRILE,XL,LTX-FREE","IE309","L:4","","72-50904"
"33823","DIAPER,ADULT,PULL ON BRIEF,MED","IE309","L:15","","2975-100"
"33930","DIAPER,ADULT,PULL ON BRIEF,LG","IE309","L:4","","2116"
"34708","DIAPER,BRIEF,ADULT,XXL","IE309","L:5","","2118"
"35035","WIPES,DISPOSABLE,GERMICIDAL,SA","IE309","L:0","","Q55172"
"35140","DIAPER,ADULT,X-LARGE,PULL-UP,E","IE309","L:14","","2117"
"35362","BAG,PLASTIC,BEDSIDE,6.5X3.5X11","IE309","L:100","","NON24309P"
"35655","SPLITTER,TABLET,CUT IN HALF,PL","IE309","L:5","","67015BC1"
"35658","PILL CRUSHER","IE309","L:5","","71091"
"35845","FOOTWEAR,PATIENT,NON-SKID,MED,","IE309","L:20","","68125-TM"
"35846","FOOTWEAR,PATIENT,YELLOW,XL","IE309","L:40","","68125-YXLA"
"35847","FOOTWEAR,PATIENT,3XL","IE309","L:40","","68125-PUR"
"35848","FOOTWEAR,PATIENT,BROWN,BARIATR","IE309","L:30","","68125-BRN"
"37163","BASIN,WASH,PLASTIC,DISPOSABLE,","IE309","L:6","","DYND80347"
"37636","NEEDLE,HYPO,20GAX1.5IN,SAFETY,","IE309","L:5","","8881850015"
"39199","CUFF,BP,1 PIECE,ADULT,TUBELESS","IE309","L:10","","SOFT-11"
"39201","CUFF,BP,1 PIECE,ADULT,LARGE,TU","IE309","L:5","","30503-14A"
"39202","CUFF,BP,1 PIECE,ADULT,SMALL,TU","IE309","L:5","","30503-12A"
"39203","CUFF,BP,1 PIECE,ADULT,LONG,TUB","IE309","L:10","","SOFT-11L"
"40909","DEODORANT,ROLL ON,1.5 OZ","IE309","L:12","","MSC095010"
"41341","CONTAINER,URINE COLLECTION,COM","IE309","L:4","","2500SA"
"41595","CANNULA,NASAL,O2,NON-FLARE TIP","IE309","L:4","","1365"
"42735","MASK,FACE,PROCEDURE,FULL PLTD,","IE309","L:100","","PPE-M-AS-SUR-S"
"50294","CREAM,SKIN,PHYTOPLEX,12.5% DMT","IE309","L:14","","MSC092562"
"50347","DETERGENT,LIQUID,LAUNDRY,PUREX","IE309","L:2","",""
"50420","WIPES,PERSONAL,SKIN CLEANSING/","IE309","L:12","","MSC092503"
"50422","CAP,SHAMPOO/CODITIONER,ALL IN","IE309","L:6","",""
"50423","LIPBALM,REMEDY,PHYTOPLEX,0.15","IE309","L:0","",""
"50613","UNDERPAD INCONTINENCE COMFORTG","IE309","L:5","",""
"50614","UNDERPAD INCONTINENCE XL 80X40","IE309","L:5","",""
"59146","CUP,SOUFFLE,PAPER,1OZ","IE309","L:3","","NON024220"
"59354","CUP,PAPER,WAXED,3 OZ,DISPOSABL","IE309","L:8","","NON05003"
"59597","CUP,SPECIMEN,WHT","IE309","L:20","",""
"60061","KIT,SHAVING,1.5OZ,CREAM DISPOS","IE309","L:10","","DYKD2001S"
"98006","BATTERY,AAA,NONRECHARGEABLE,AL","IE309","L:8","","PC2400"
"99015","BAG,PATIENT,BELONGING","IE309","L:20","","BIOBAGGY1820"
"129805","LABEL,BARCODE,1INX3IN","IE309","L:2","","DTL893"
"214","TAPE,TRANSPORE,1IN,HYPO","IE315","L:12","","1527-1"
"215","TAPE,TRANSPORE,3IN","IE315","L:3","","1527-3"
"434","GAUZE,OR,4X4,STERILE","IE315","L:10","","8045"
"571","GAUZE,BANDAGE,KERLIX,4.5IN","IE315","L:6","","NON25865"
"865","PETROATUM,WHITE,5GM,FOILPAC","IE315","L:0","","8884433200"
"1571","CAP/HOOD,SURGEON,CAP/HOOD,UNIV","IE315","L:1","","4359"
"1583","GEL,ULTRASONIC,TRANSMISSION","IE315","L:4","","8-Mar"
"1603","BANDAGE,TUBULAR,NYLON,SZ 6,25Y","IE315","L:3","","MT06"
"1606","SPONGE,GAUZE,GEN USE,2 X 2IN,8","IE315","L:3","","NON25208"
"1787","BLADE,CLIPPER,SURGICAL,STERILE","IE315","L:10","","9660"
"1821","TUBE,EXTENSION,K51","IE315","L:10","","2C6226"
"1913","GLOVE,BIOGEL,6.5,STERILE","IE315","L:0","","41165"
"1915","GLOVE,BIOGEL,8,STERILE","IE315","L:100","","41180"
"1994","SYRINGE,10CC,L/L","IE315","L:20","","302995"
"2041","DRESSING,TRANSPARENT,4X4 3/4IN","IE315","L:50","","1616"
"3769","BANDAGE,COBAN,2IN,NONSTERILE","IE315","L:10","","2082"
"5960","SPONGE,GAUZE,2 X 2IN,STER,8-PL","IE315","L:50","","1806G"
"6291","TAPE,ADHESIVE,CLOTH,1IN","IE315","L:3","","1538-1"
"6357","TISSUE,FACIAL,2-PLY,8 X 8IN,10","IE315","L:2","","48550"
"9295","PAD,ALCOHOL,70% ISOPROPYL","IE315","L:600","","6818"
"9296","BANDAID,ADHESIVE,PLASTIC,STRIP","IE315","L:100","","44101"
"9301","SPONGE,GAUZE,4 X 4IN,100% COTT","IE315","L:25","","3033G"
"9333","GOWN,SURG,REINFORCED,LG","IE315","L:10","","9011EL"
"9427","SYRINGE,3CC,L/L","IE315","L:100","","1180300777"
"9720","RAZOR,SURGICAL,DBLE EDGED","IE315","L:5","","BRN1312"
"10377","BATTERY,ALKALINE,SZ D,DURACELL","IE315","L:12","","MN1300CT"
"13310","KIT,IV START,STERILE,L/F,CHLOR","IE315","L:50","","74464"
"15299","CATHETER,IV,INTROCAN,SAFETY,18","IE315","L:50","","4252551-020"
"17853","DEVICE, ANCHORING, STATLOCK","IE315","L:20","","VPPDFP"
"18274","REMOVER,ADHESIVE,WIPE","IE315","L:100","","30039"
"18275","REMOVER,ADHESIVE,4OZ","IE315","L:2","","32404"
"19671","CATHETER,IV,SAFETY,16GA X 1.25","IE315","L:50","","3062"
"19676","CATHETER,IV,SAFETY,18GA X1.25I","IE315","L:50","","3065"
"19677","CATHETER,IV,SAFETY,20GAX1.25IN","IE315","L:150","","3066"
"19678","CATHETER,IV,SAFETY,22GAX1IN","IE315","L:100","","306001"
"20047","SET,EXTENSION,NEEDLELESS,VALVE","IE315","L:0","","MC33150"
"20048","SET,IV ADMIN EXT,LTX-FREE,L 6I","IE315","L:15","","20019E"
"20057","CANNULA,NEEDLELESS,ACCESS VALV","IE315","L:50","","MC100"
"20074","CAP,ALARIS","IE315","L:5","","70804"
"20557","WIPES,CLEANING,GERMICIDAL,HARD","IE315","L:0","","P13872"
"22138","NEEDLE,SAFET,18GAX1.5IN,1M","IE315","L:50","","8881850815"
"22546","ADHESIVE,SKIN CLOSURE,TOPICAL","IE315","L:10","","LX6"
"23422","SECURACATH,4F","IE315","L:5","","400140"
"23423","SET,CATH SECURING,SQ,SECURACAT","IE315","L:10","","400110"
"23465","SWABSTICK,CHG 3.15%,ISOPROPYL","IE315","L:10","","B10800"
"23725","TOURNIQUET,.75X18INCH,LATEX FR","IE315","L:10","","367203"
"23927","DEVICE,BLOOD COLLECTION,BLOOD","IE315","L:10","","36488000"
"24113","NEEDLE HOLDER,STACKABLE","IE315","L:10","","364815"
"24497","DEVICE,ARTERIAL PLUS,STATLOCK","IE315","L:10","","ART0420"
"24568","COVER,PROBE,3D","IE315","L:10","","20-P3D548"
"27831","DRESSING,ANTIMICROBIAL,BIOPATC","IE315","L:40","","4150"
"27832","DRESSING,ANTIMICROBIAL,BIOPATC","IE315","L:10","","ET4151"
"29885","CHLORAPREP,ONE STEP,3ML","IE315","L:100","","930400"
"30515","DRESSING,FILM,IV,W/BORDER,TEGA","IE315","L:25","","1683"
"31896","DEVICE,STATLOCK,325PSI","IE315","L:30","","IV0563P"
"32528","GLOVE,EXAM,NITRILE,MED,LTX-FRE","IE315","L:0","","72-50902"
"32529","GLOVE,EXAM,NITRILE,LG,LTX-FREE","IE315","L:0","","72-50903"
"32530","GLOVE,EXAM,NITRILE,XL,LTX-FREE","IE315","L:4","","72-50904"
"35069","CAP,IV,DISINFECT,CUROS,JET","IE315","L:8","","CFJ5-250"
"35486","FLUSH,SALINE,10ML,IN 10ML SYR,","IE315","L:150","","306546"
"35511","JELLY,SURGILUBE,STERILE,5GM","IE315","L:0","","281020545"
"36472","NEEDLE,GRIPPER PLUS,HUBER,.75I","IE315","L:4","","21-3465-24"
"37162","CATHETER,SAFETY,TEFLON,20GAX1.","IE315","L:100","","4252527-020"
"38459","CAP,MALE,TIPS,DISINFECTION,3M","IE315","L:40","","CM5-200"
"39229","DRESSING,CENTRAL,CHG","IE315","L:5","","1659"
"39911","KIT,DOT,POLY,MIDLINE,4FR","IE315","L:3","","P4154108D"
"39918","KIT,4FR,SINGLE LUMEN,3CG MAX","IE315","L:0","","1174108D"
"39919","KIT,5FR,DUAL FT,TAPER 3CG","IE315","L:2","","1275108FD"
"39961","BARRIER FILM,CAVILION,1.0ML WI","IE315","L:0","","3344"
"41592","DRESSING,GEL,TEGADERM CHG","IE315","L:50","","1877-2100"
"41815","CAP,BOUFFANT,24IN,BLUE,FLUID P","IE315","L:1","","B24HD"
"50683","ADH PORT ACCESS KIT","IE315","L:2","","DYNPAK06"
"50803","KIT,DRESSING,CENTRAL LINE,PICC","IE315","L:6","",""
"59042","LUER-LOK ACCESS,DEVICE BD,LATE","IE315","L:0","","36490200"
"98003","SET,DRESSING,CENTRAL LINE","IE315","L:20","","DT14675"
"180","STRAW,DRINKING,FLEXIBLE","IE318","L:25","","NON02315"
"214","TAPE,TRANSPORE,1IN,HYPO","IE318","L:4","","1527-1"
"1603","BANDAGE,TUBULAR,NYLON,SZ 6,25Y","IE318","L:2","","MT06"
"1606","SPONGE,GAUZE,GEN USE,2 X 2IN,8","IE318","L:3","","NON25208"
"1627","MASK,OXYGEN,NON-REBREATHER,ADU","IE318","L:4","","1060"
"1776","PACK,HOT/COLD","IE318","L:5","","33500"
"1914","GLOVE,NON LATEX BIOGEL,7.5,STE","IE318","L:16","","41175"
"1915","GLOVE,BIOGEL,8,STERILE","IE318","L:5","","41180"
"1994","SYRINGE,10CC,L/L","IE318","L:20","","302995"
"2041","DRESSING,TRANSPARENT,4X4 3/4IN","IE318","L:40","","1616"
"2189","WIPES,PERSONAL,TOWELETTE,PRE-M","IE318","L:20","","MDS094181"
"2242","MASK,OXYGEN,ADULT SZ 6","IE318","L:5","","HUD1930"
"3769","BANDAGE,COBAN,2IN,NONSTERILE","IE318","L:12","","2082"
"5010","SOLUTION,INTRAVENOUS,D5W,250ML","IE318","L:20","","2B0062Q"
"5020","KIT,CHEMOTHERAPY ADMINISTRATIO","IE318","L:10","","DYK200CHA"
"5037","SOLUTION,INTRAVENOUS,IN 0.9% N","IE318","L:96","","2B1302"
"5038","SOLUTION,INTRAVENOUS,IN 0.9% N","IE318","L:20","","2B1323Q"
"5039","SOLUTION,INTRAVENOUS,IN 0.9% N","IE318","L:15","","2B1324X"
"5070","SOLUTION,INTRAVENOUS,IN 0.9% N","IE318","L:20","","2B1322Q"
"5595","GLOVE,BIOGEL,7,STERILE","IE318","L:10","","41170"
"5960","SPONGE,GAUZE,2 X 2IN,STER,8-PL","IE318","L:100","","1806G"
"6357","TISSUE,FACIAL,2-PLY,8 X 8IN,10","IE318","L:3","","48550"
"6555","BAG,TRANSPORT,SPECIMEN,BIOHAZA","IE318","L:100","","AR69P"
"9057","BATTERY,AA,NONRECHARGEABLE,ALK","IE318","L:8","","PC1500"
"9295","PAD,ALCOHOL,70% ISOPROPYL","IE318","L:600","","6818"
"9296","BANDAID,ADHESIVE,PLASTIC,STRIP","IE318","L:100","","44101"
"9301","SPONGE,GAUZE,4 X 4IN,100% COTT","IE318","L:50","","3033G"
"9313","CUP,STYROFOAM,6OZ,DISP","IE318","L:1","","6J6"
"9415","URINAL,MALE,PLSTC,1000ML,W/LID","IE318","L:6","","DYND80235S"
"9427","SYRINGE,3CC,L/L","IE318","L:40","","1180300777"
"9625","TOWEL,SURGICAL,BARRIER,PACK","IE318","L:20","","3520"
"9744","PAPER,EXAM,TABLE,18IN X 150FT,","IE318","L:5","","3-06-0002"
"10931","TAPE,ADHESIVE,PAPER,1I,HYPO","IE318","L:4","","1530-1"
"10936","SYRINGE,W/O NEEDLE,20ML,LL TIP","IE318","L:10","","1182000777"
"10938","CUP,MEDICINE,10Z,PLASTIC","IE318","L:2","","DYND80000N"
"12075","ADAPTER,MULTIPLE,SAMPLE","IE318","L:100","","367290"
"13310","KIT,IV START,STERILE,L/F,CHLOR","IE318","L:50","","74464"
"14774","STOPCOCK,4WAY,LUER LOCK","IE318","L:10","","1168336"
"18274","REMOVER,ADHESIVE,WIPE","IE318","L:50","","30039"
"18932","DRESSING,TRANSPARENT,2 3/8INX2","IE318","L:25","","1624W"
"19671","CATHETER,IV,SAFETY,16GA X 1.25","IE318","L:10","","3062"
"19968","SET,BLOOD ADMIN,200 MICRON FIL","IE318","L:12","","2477-0007"
"20047","SET,EXTENSION,NEEDLELESS,VALVE","IE318","L:50","","MC33150"
"20057","CANNULA,NEEDLELESS,ACCESS VALV","IE318","L:40","","MC100"
"20074","CAP,ALARIS","IE318","L:10","","70804"
"20557","WIPES,CLEANING,GERMICIDAL,HARD","IE318","L:0","","P13872"
"20621","WIPES, PDI EASY SCREEN","IE318","L:0","","P03672"
"20629","CUP,URINE,NONSTERILE,BLUE TOP","IE318","L:8","","364975"
"22138","NEEDLE,SAFET,18GAX1.5IN,1M","IE318","L:15","","8881850815"
"22139","NEEDLE,SAFETY,22GAX1.5,1M","IE318","L:25","","8881850215"
"22140","NEEDLE,SAFETY,25GAX5/8IN","IE318","L:40","","8881850558"
"22141","NEEDLE,SAFETY,23GAX1IN","IE318","L:30","","8881850310"
"22142","NEEDLE,SAFETY,21GAX1IN,1M","IE318","L:30","","305915"
"22288","TAPE,MEDICAL,SOFT CLOTH,2IN","IE318","L:3","","2862"
"22990","CATHETER,IV,22GA,INTROCAN SAFE","IE318","L:36","","4251128-02"
"22991","CATHETER,IV,18GA,INTROCAN SAFE","IE318","L:20","","4251131-02"
"22992","CATHETER,IV,24GAUGE,INTROCAN S","IE318","L:35","","425112702"
"22994","CATHETER,IV,20GAUGE,INTROCAN S","IE318","L:20","","4251129-02"
"22996","600ML BLOOD COLLECTION BAG WIT","IE318","L:12","","BK-64A"
"22997","TRANSFER PACK CONT. W/NDL ADPT","IE318","L:25","","4R2024"
"23157","STRIP,GLUCOSE TESTING,ACCU-CHE","IE318","L:4","","5942861001"
"23491","SET,IV ADMIN,SAFETY,POWERLOC M","IE318","L:12","","132075"
"23725","TOURNIQUET,.75X18INCH,LATEX FR","IE318","L:4","","367203"
"24113","NEEDLE HOLDER,STACKABLE","IE318","L:25","","364815"
"24574","DEVICE,IV,CV PLUS,STATLOCK","IE318","L:6","","BRDCV0220H"
"24811","COVER,THERMOMETER PROBE,SURETE","IE318","L:10","","05031-750"
"26592","STOPCOCK,3-WAY,HI PRES","IE318","L:10","","H3RRC"
"27104","PAPER,EKG,FOR ZOLL M SERIES,FA","IE318","L:5","","8000-000877-01"
"29503","SET,EXTENSION,8IN,STD BORE,0.2","IE318","L:50","","BC697"
"29885","CHLORAPREP,ONE STEP,3ML","IE318","L:15","","930400"
"30020","GOWN,CHEMO PLUS,XLG","IE318","L:30","","NON25457XL"
"30515","DRESSING,FILM,IV,W/BORDER,TEGA","IE318","L:40","","1683"
"31669","BARRIER,CREAM,PROTEC,4OZ","IE318","L:0","","325614"
"31896","DEVICE,STATLOCK,325PSI","IE318","L:10","","IV0563P"
"32527","GLOVE,EXAM,NITRILE,SM,LTX-FREE","IE318","L:2","","72-50901"
"32528","GLOVE,EXAM,NITRILE,MED,LTX-FRE","IE318","L:4","","72-50902"
"32529","GLOVE,EXAM,NITRILE,LG,LTX-FREE","IE318","L:2","","72-50903"
"32679","CREAM,SKIN REPAIR,REMEDY,4OZ","IE318","L:5","","MSC0924004"
"35035","WIPES,DISPOSABLE,GERMICIDAL,SA","IE318","L:9","","Q55172"
"35069","CAP,IV,DISINFECT,CUROS,JET","IE318","L:25","","CFJ5-250"
"35427","KIT,SPILL,CHEMO,SAFETY,(LARGE)","IE318","L:2","","DYK200CHC"
"35486","FLUSH,SALINE,10ML,IN 10ML SYR,","IE318","L:160","","306546"
"35511","JELLY,SURGILUBE,STERILE,5GM","IE318","L:20","","281020545"
"36472","NEEDLE,GRIPPER PLUS,HUBER,.75I","IE318","L:20","","21-3465-24"
"36473","NEEDLE,HUBER,INSERTER/INF SITE","IE318","L:5","","132010"
"37162","CATHETER,SAFETY,TEFLON,20GAX1.","IE318","L:20","","4252527-020"
"37985","WIPES,CLEANING,GERMICIDAL,HARD","IE318","L:0","","P54072"
"38459","CAP,MALE,TIPS,DISINFECTION,3M","IE318","L:20","","CM5-200"
"38682","CONNECTOR,TRANSITION,ENFIT","IE318","L:6","","VED-001"
"40483","SYRINGE,FEEDING,ENFIT,60CC","IE318","L:3","","ENF60"
"40669","NEEDLE,BUTTERFLY,ULTRATOUCH,23","IE318","L:10","","367364"
"41595","CANNULA,NASAL,O2,NON-FLARE TIP","IE318","L:5","","1365"
"42145","THERMOMETER,ORAL,30 SECOND,DIG","IE318","L:10","","MDS9950"
"42735","MASK,FACE,PROCEDURE,FULL PLTD,","IE318","L:100","","PPE-M-AS-SUR-S"
"45473","POUCH CARRYING CASE FOR 250-50","IE318","L:6","","5001097"
"48862","PACK,HOT,INSTANT,5X7","IE318","L:10","","MDS149010"
"49079","NEEDLE,SURECAN,SAFETY II,20GAX","IE318","L:10","","1091148"
"50136","CATHETER,INTROCAN SAFETY 3 PUR","IE318","L:50","","4251137-02"
"50150","LOCK ADAPTOR SYRINGE ONGUARD","IE318","L:20","","412174"
"50151","ADAPTER IV ONGUARD 2 FEMALE LU","IE318","L:40","","412160"
"50617","SET,IV ADMIN,INF,SMARTSITE,NEE","IE318","L:50","","2420-0007"
"50641","IV ADMIN SET,SECONDARY,40 W/ H","IE318","L:30","","DYNDTA1540"
"50683","ADH PORT ACCESS KIT","IE318","L:12","","DYNPAK06"
"50803","KIT,DRESSING,CENTRAL LINE,PICC","IE318","L:4","",""
"59042","LUER-LOK ACCESS,DEVICE BD,LATE","IE318","L:40","","36490200"
"59596","BAG,EMESIS,WHITE,HDPE","IE318","L:20","","NON80331"
"98006","BATTERY,AAA,NONRECHARGEABLE,AL","IE318","L:8","","PC2400"
"99015","BAG,PATIENT,BELONGING","IE318","L:5","","BIOBAGGY1820"
"129613","CANNULA,BLUNT,PLASTIC","IE318","L:100","","8881540111"
"214","TAPE,TRANSPORE,1IN,HYPO","IE320","L:8","","1527-1"
"215","TAPE,TRANSPORE,3IN","IE320","L:2","","1527-3"
"434","GAUZE,OR,4X4,STERILE","IE320","L:20","","8045"
"865","PETROATUM,WHITE,5GM,FOILPAC","IE320","L:20","","8884433200"
"1481","ELECTRODE,EKG,DIAPH,FOAM,WET G","IE320","L:6","","2560"
"1520","BANDAGE,GAUZE,2 X 75IN,STER,1-","IE320","L:12","","2231"
"1583","GEL,ULTRASONIC,TRANSMISSION","IE320","L:3","","8-Mar"
"1607","SPONGE,GAUZE,4 X 4IN,NON-STER","IE320","L:2","","2556G"
"1622","UNDERPAD,BED,30X36IN,TRANQUILI","IE320","L:10","","2710"
"1774","BANDAGE,ELASTIC,6IN X 5YD,LTX,","IE320","L:3","","SCS02597002H"
"1826","NEEDLE,HYPO,25GA X 1 1/2IN,REG","IE320","L:50","","305127"
"1827","NEEDLE,27GA X 1.5IN,DISPOSABLE","IE320","L:20","","1188827112"
"1828","NEEDLE,30GAX1/2IN,DISPOSABLE","IE320","L:20","","305106"
"1849","NEEDLE,SPINIAL,22GA X 3.5IN","IE320","L:20","","405181"
"1914","GLOVE,NON LATEX BIOGEL,7.5,STE","IE320","L:20","","41175"
"1915","GLOVE,BIOGEL,8,STERILE","IE320","L:30","","41180"
"1994","SYRINGE,10CC,L/L","IE320","L:15","","302995"
"2010","DRAPE,TOWEL,18X24,STERILE","IE320","L:30","","D1010"
"2198","BANDAGE,ADH,PLSTC,ABSORB PAD,F","IE320","L:10","","44120"
"2800","GLOVE,BIOGEL,8.5,STERILE","IE320","L:12","","41185"
"5595","GLOVE,BIOGEL,7,STERILE","IE320","L:10","","41170"
"5638","DRAPE,STERI,U,STERILE","IE320","L:5","","D1015"
"5960","SPONGE,GAUZE,2 X 2IN,STER,8-PL","IE320","L:50","","1806G"
"6086","MASK,SURGICAL,W/SHIELD,TIE","IE320","L:50","","15330"
"6291","TAPE,ADHESIVE,CLOTH,1IN","IE320","L:6","","1538-1"
"6353","APPLICATOR,TIPPED,COTTO,L 6IN,","IE320","L:10","","MDS202000"
"6357","TISSUE,FACIAL,2-PLY,8 X 8IN,10","IE320","L:6","","48550"
"8983","CUFF,B/P,ADULT,25,35CM,H/P,MED","IE320","L:2","","REUSE-11"
"9057","BATTERY,AA,NONRECHARGEABLE,ALK","IE320","L:12","","PC1500"
"9295","PAD,ALCOHOL,70% ISOPROPYL","IE320","L:600","","6818"
"9296","BANDAID,ADHESIVE,PLASTIC,STRIP","IE320","L:200","","44101"
"9300","DEPRESSOR,TONGUE,WOOD,STL","IE320","L:100","","C1560-006"
"9301","SPONGE,GAUZE,4 X 4IN,100% COTT","IE320","L:50","","3033G"
"9313","CUP,STYROFOAM,6OZ,DISP","IE320","L:3","","6J6"
"9415","URINAL,MALE,PLSTC,1000ML,W/LID","IE320","L:4","","DYND80235S"
"9423","NEEDLE,20GAX1 1/2IN,DISPOSABLE","IE320","L:20","","SYR100207"
"9427","SYRINGE,3CC,L/L","IE320","L:60","","1180300777"
"9434","SYRINGE,30CC,L/L","IE320","L:10","","8881535762"
"9627","KIT,REMOVAL,SUTURE,STERILE,DIS","IE320","L:4","","Jun-00"
"9845","CUFF,B/P,ADULT,33,47CM,H/P,LAR","IE320","L:2","","REUSE-12"
"10250","SYRINGE,1CC,LUER LOCK","IE320","L:20","","309628"
"10932","TAPE,ADHESIVE,PAPER,2IN","IE320","L:6","","1530-2"
"10934","SNGE,5ML,LUER LOCK","IE320","L:30","","309646"
"10938","CUP,MEDICINE,10Z,PLASTIC","IE320","L:2","","DYND80000N"
"11100","EXERCISE BAND,YELLOW,LTX FREE","IE320","L:3","","566165"
"11101","EXERCISE BAND,RED,X-LIGHT","IE320","L:3","","566166"
"11102","EXERCISE BAND,GREEN,MED","IE320","L:3","","11728"
"11103","EXERCISE BAND,BLUE,MED,HEAVY","IE320","L:3","","566169"
"11104","EXERCISE BAND,BLACK","IE320","L:3","","566170"
"12205","PAD,SANITARY,MATERNITY,3 X 11I","IE320","L:10","","1380A"
"12730","BANDAGE,COBAN,1IN,NONSTERILE","IE320","L:25","","CAH15LF"
"17164","KIT,COMPRESSION BANDAGE,4-LAER","IE320","L:6","","66020626"
"17294","SKIN PREP,ELECTROMEDICAL,ELECT","IE320","L:2","","30806726"
"18125","PHYSIOBALL,THERAPY,65CM,GREEN","IE320","L:8","","NC50102"
"18174","BANDAGE,COBAN,4IN,STERILE","IE320","L:5","","2084S"
"18314","CUFF,B/P,ADULT,17,27CM,H/P,SMA","IE320","L:0","","REUSE-09-1HP"
"18511","KOMPREX FOAM RUBBER SHEET","IE320","L:4","",""
"19374","MONOFILAMENT,SENSORY TOUCH,5.0","IE320","L:2","","VA40"
"19551","BANDAGE,ELASTIC,SAFEWRAP,LF,4I","IE320","L:4","","MDS087004LF"
"19552","BANDAGE,ELASTIC,COMPRESSION,6I","IE320","L:3","","MDS087006LFG"
"20557","WIPES,CLEANING,GERMICIDAL,HARD","IE320","L:6","","P13872"
"22138","NEEDLE,SAFET,18GAX1.5IN,1M","IE320","L:50","","8881850815"
"22139","NEEDLE,SAFETY,22GAX1.5,1M","IE320","L:30","","8881850215"
"22140","NEEDLE,SAFETY,25GAX5/8IN","IE320","L:10","","8881850558"
"22141","NEEDLE,SAFETY,23GAX1IN","IE320","L:10","","8881850310"
"22142","NEEDLE,SAFETY,21GAX1IN,1M","IE320","L:10","","305915"
"23695","SCISSORS-SHARP/BLUNT-5.5-STERI","IE320","L:5","","65945"
"23980","BATTERY,9V,NON-RECHRG,ALKALINE","IE320","L:4","","PC1604"
"24568","COVER,PROBE,3D","IE320","L:40","","20-P3D548"
"24811","COVER,THERMOMETER PROBE,SURETE","IE320","L:5","","05031-750"
"26930","MASK,FACE,PROCEDURE,FULL PLTD,","IE320","L:100","","15111"
"27898","GEL,AQUASONIC,20MG","IE320","L:5","","1-Jan"
"29885","CHLORAPREP,ONE STEP,3ML","IE320","L:50","","930400"
"30039","DRESSING,XEROFORM,PETROLATUM,F","IE320","L:10","","8884433605"
"30058","SWAB,POVIDONE IODINE,10% W/V","IE320","L:5","","S41350"
"30264","ALCOHOL,ISOPROPYL,70%,4OZ BOTT","IE320","L:10","","I0020"
"31608","NEEDLE,MONOPOLAR,W/ATTACHED CA","IE320","L:50","","743 38-36/40"
"32527","GLOVE,EXAM,NITRILE,SM,LTX-FREE","IE320","L:4","","72-50901"
"32528","GLOVE,EXAM,NITRILE,MED,LTX-FRE","IE320","L:6","","72-50902"
"32529","GLOVE,EXAM,NITRILE,LG,LTX-FREE","IE320","L:6","","72-50903"
"32530","GLOVE,EXAM,NITRILE,XL,LTX-FREE","IE320","L:6","","72-50904"
"32700","NEEDLE,MONOPOLAR,50MM,26GA","IE320","L:20","","74350-45/40"
"33062","EXERCISE BAND,ORANGE","IE320","L:2","","10-1090"
"33570","NEEDLE,MONOPLAR,75MM X 25G,W/L","IE320","L:40","","74375-50/40"
"33618","ELECTRODES 2X2 FLEX PLUS BLACK","IE320","L:12","","PROM-022"
"33836","BAND,PATIENT,IDENTIFICATION,SH","IE320","L:2","","LDL-1-LA"
"33930","DIAPER,ADULT,PULL ON BRIEF,LG","IE320","L:16","","2116"
"35035","WIPES,DISPOSABLE,GERMICIDAL,SA","IE320","L:12","","Q55172"
"35123","NEEDLE,21GA X 2IN,NON SAFETY","IE320","L:40","","305129"
"35576","SOFT TISSUE MASSAGE CREAM","IE320","L:4","","2970009150"
"35591","NEEDLES,BOTOX,EMG","IE320","L:30","","1145068"
"36297","TAPE,MEDICAL,COTTON FIBER,2IN","IE320","L:20","","GKT15024"
"36356","IONTOPATCH,SP,40","IE320","L:36","","27080"
"36760","EXERCISE BAND,SILVER,XX HEAVY","IE320","L:1","","Oct-26"
"37164","PACK,HOT/COLD,UNIVERSAL PLUS,M","IE320","L:5","","22100VA"
"37165","PACK,HOT/COLD,UNIVERSAL,SMALL,","IE320","L:5","","93100VA"
"37166","PACKS,HOT/COLD,MEDITEMP,UNIVER","IE320","L:3","","93105VA"
"37167","PACK,HOT/COLD,HEAD/NECK,MEDITE","IE320","L:4","","93115VA"
"37168","PACK,HOT/COLD,SHOULDER/HIP,MED","IE320","L:4","","93150VA"
"37169","PILLOW,MICRO FLEECE,HOT/COLD,M","IE320","L:5","","25045VA"
"37636","NEEDLE,HYPO,20GAX1.5IN,SAFETY,","IE320","L:20","","8881850015"
"38324","NEEDLE,SAFETY,BD ECLIPSE,25G X","IE320","L:30","","305838"
"40620","SCISSOR,LISTER BANDAGE,18.5CM","IE320","L:5","","SS07-0291 F"
"41986","GEL,LTO,5.5OZ TUBE,LASER","IE320","L:8","","505LTOGEL"
"42527","HOOD,FIT TESTING,W/INTEGRATED","IE320","L:5","","S-433L-5"
"42735","MASK,FACE,PROCEDURE,FULL PLTD,","IE320","L:150","","PPE-M-AS-SUR-S"
"43029","LITHIUM BATTERY,AAA,1.5V","IE320","L:24","","EVRL92BP4"
"43239","BANDAGE,COMPRESSION,COMPRILAN,","IE320","L:6","","1026000"
"43240","BANDAGE,COMPRESSION,COMPRILAN,","IE320","L:15","","BI01029000"
"43241","LYMPHEDEMA BANDAGE,GRAY FOAM","IE320","L:4","","81237957"
"43242","CELLONA,SYNTHETIC PADDING,6CM,","IE320","L:5","","81139351"
"43243","CELLONA,SYNTHETIC PADDING,10CM","IE320","L:2","","81139369"
"43245","BANDAGE,COMPRESSION,FIXING,6IN","IE320","L:2","","81139088"
"43246","STRETCH,STRAP,DYNAMIC,CANDO","IE320","L:24","","10-1385"
"43251","GRAY FOAM","IE320","L:3","",""
"43697","BAKBALL,MANUAL,MASSAGER,MOBILI","IE320","L:20","","14-1420"
"43714","TUBULAR,BANDAGE,TG,SIZE 6","IE320","L:1","","24004"
"43715","TUBULAR,BANDAGE,TG,SIZE 7","IE320","L:3","","81139435"
"43716","TUBULAR,BANDAGE,TG,SIZE 9","IE320","L:10","","81139443"
"45840","NEEDLE,ACUPUN,.23X30MM,J-TYPE","IE320","L:2","","LHASJ23X30"
"48482","BCA-SET3,REGEN,ACCESSORY KIT","IE320","L:10","","BCA-SET3"
"48483","RK-BCT-3,REGENKIT,10ML","IE320","L:10","","RK-BCT-3"
"48758","NEEDLE,ACUPUNCTURE,J TYPE,SEIR","IE320","L:2","","SJ.30X50"
"48759","NEEDLE,ACUPUNCTURE,J TYPE,SEIR","IE320","L:2","","LHASJ30X60100"
"50938","PAD,GROUNDING,ELECTROSURGICAL,","IE320","L:5","","0406-650-210"
"50952","SPRAY,PAIN EASE,MIST,3.9 OZ","IE320","L:4","","OTC000802"
"59772","NEUROTIP,IDENTIFY-SENSATION,ST","IE320","L:1","",""
"59882","TRAY,ULTRASOUND","IE320","L:10","","DYNJRA2721"
"78758","BANDAGE,COMPRESSION,10CM X 5M,","IE320","L:10","","81164292"
"78759","BANDAGE,COMPRESSION,COMPRILAN,","IE320","L:6","","1027000"
"78871","ELECTRODES,EMG,NEUROLOGY,SURFA","IE320","L:10","","71508-KC-12"
"98006","BATTERY,AAA,NONRECHARGEABLE,AL","IE320","L:8","","PC2400"
"81","KIT,SUCTION,18FR CATH,WHISTLE","IE321","L:2","","DYND40974"
"89","COVER,SHOE,SIZE 8 TO 12","IE321","L:1","","4852"
"166","CELLULOSE,OXIDIZED,4 X 8IN,ABS","IE321","L:12","","1952S"
"434","GAUZE,OR,4X4,STERILE","IE321","L:10","","8045"
"463","TUBE,VACUUMBLOOD,13 X 100MM,5M","IE321","L:1","","367986"
"468","DIAPER,ADULT,BRIEF,LARGE,TAPE","IE321","L:12","","MSC33505"
"571","GAUZE,BANDAGE,KERLIX,4.5IN","IE321","L:5","","NON25865"
"1583","GEL,ULTRASONIC,TRANSMISSION","IE321","L:2","","8-Mar"
"1622","UNDERPAD,BED,30X36IN,TRANQUILI","IE321","L:10","","2710"
"1624","ADAPTER,OXYGEN,W/NUT,STANDARD","IE321","L:20","","2555"
"1625","MASK,ADULT,PERCENTO","IE321","L:3","","1940"
"1626","CONNECTOR,TUBING,OXYGEN","IE321","L:20","","1811"
"1627","MASK,OXYGEN,NON-REBREATHER,ADU","IE321","L:3","","1060"
"1772","BOARD,ARM,DISPOSABLE","IE321","L:5","","NON24290"
"1776","PACK,HOT/COLD","IE321","L:5","","33500"
"1787","BLADE,CLIPPER,SURGICAL,STERILE","IE321","L:10","","9660"
"1914","GLOVE,NON LATEX BIOGEL,7.5,STE","IE321","L:12","","41175"
"1972","TUBE,SUCTION,YANKAUER","IE321","L:3","","K86"
"1994","SYRINGE,10CC,L/L","IE321","L:50","","302995"
"2016","STETHOSCOPE,MANUAL,DUAL HEAD,L","IE321","L:2","","6515-00-NIB-0115"
"2041","DRESSING,TRANSPARENT,4X4 3/4IN","IE321","L:0","","1616"
"2084","BEDPAN,PONTOON,PLSTC,CONTOURED","IE321","L:3","","DYND88205"
"2234","RESTRAINT,WRIST","IE321","L:2","","MDT829020C"
"5039","SOLUTION,INTRAVENOUS,IN 0.9% N","IE321","L:28","","2B1324X"
"5960","SPONGE,GAUZE,2 X 2IN,STER,8-PL","IE321","L:200","","1806G"
"6353","APPLICATOR,TIPPED,COTTO,L 6IN,","IE321","L:20","","MDS202000"
"6357","TISSUE,FACIAL,2-PLY,8 X 8IN,10","IE321","L:9","","48550"
"6555","BAG,TRANSPORT,SPECIMEN,BIOHAZA","IE321","L:200","","AR69P"
"9057","BATTERY,AA,NONRECHARGEABLE,ALK","IE321","L:24","","PC1500"
"9295","PAD,ALCOHOL,70% ISOPROPYL","IE321","L:800","","6818"
"9296","BANDAID,ADHESIVE,PLASTIC,STRIP","IE321","L:100","","44101"
"9299","KIT,SUCTION,14FR CATH,WHISTLE","IE321","L:10","","37424"
"9300","DEPRESSOR,TONGUE,WOOD,STL","IE321","L:100","","C1560-006"
"9301","SPONGE,GAUZE,4 X 4IN,100% COTT","IE321","L:100","","3033G"
"9306","SPONGE,GAUZE,DRAIN,4 X 4IN,6-P","IE321","L:0","","7086"
"9309","BAG,PAPER,GROCERY,# 25","IE321","L:25","","NONBPB25H"
"9312","COTTON BALL,UNCOVERED,DIA 2IN,","IE321","L:2","","MDS21463"
"9313","CUP,STYROFOAM,6OZ,DISP","IE321","L:3","","6J6"
"9414","TUBING,SUCTION,L 6FT,FEMALE CO","IE321","L:10","","8888301515"
"9415","URINAL,MALE,PLSTC,1000ML,W/LID","IE321","L:6","","DYND80235S"
"9427","SYRINGE,3CC,L/L","IE321","L:50","","1180300777"
"9434","SYRINGE,30CC,L/L","IE321","L:30","","8881535762"
"9625","TOWEL,SURGICAL,BARRIER,PACK","IE321","L:100","","3520"
"9627","KIT,REMOVAL,SUTURE,STERILE,DIS","IE321","L:4","","Jun-00"
"9919","BOTTLE,SPECIMEN,URINE,24HR","IE321","L:2","","DYND80024"
"10934","SNGE,5ML,LUER LOCK","IE321","L:10","","309646"
"10936","SYRINGE,W/O NEEDLE,20ML,LL TIP","IE321","L:25","","1182000777"
"10938","CUP,MEDICINE,10Z,PLASTIC","IE321","L:1","","DYND80000N"
"12075","ADAPTER,MULTIPLE,SAMPLE","IE321","L:50","","367290"
"17723","TUBE,VACUUM BLOOD,13 X 100MM,4","IE321","L:1","","367962"
"18274","REMOVER,ADHESIVE,WIPE","IE321","L:50","","30039"
"18932","DRESSING,TRANSPARENT,2 3/8INX2","IE321","L:25","","1624W"
"19968","SET,BLOOD ADMIN,200 MICRON FIL","IE321","L:2","","2477-0007"
"20557","WIPES,CLEANING,GERMICIDAL,HARD","IE321","L:0","","P13872"
"20621","WIPES, PDI EASY SCREEN","IE321","L:4","","P03672"
"20943","GOWN,ISOLATION,DISPOSABLE,FULL","IE321","L:40","","A69961-C"
"22138","NEEDLE,SAFET,18GAX1.5IN,1M","IE321","L:20","","8881850815"
"22141","NEEDLE,SAFETY,23GAX1IN","IE321","L:10","","8881850310"
"22288","TAPE,MEDICAL,SOFT CLOTH,2IN","IE321","L:4","","2862"
"22351","SYRINGE,TB,1CC,28GAX1/2IN,SAFE","IE321","L:10","","8881882812"
"22699","TUBE,VACUUM BLOOD,13 X 75MM,2.","IE321","L:1","","363083"
"23157","STRIP,GLUCOSE TESTING,ACCU-CHE","IE321","L:2","","5942861001"
"23695","SCISSORS-SHARP/BLUNT-5.5-STERI","IE321","L:5","","65945"
"23725","TOURNIQUET,.75X18INCH,LATEX FR","IE321","L:2","","367203"
"23880","TUBE,VACUUM BLOOD,13 X 75MM,3M","IE321","L:1","","367856"
"23927","DEVICE,BLOOD COLLECTION,BLOOD","IE321","L:20","","36488000"
"23968","LABEL,GENERAL USE,2 X 1.25IN,1","IE321","L:4","","THERMD50"
"24113","NEEDLE HOLDER,STACKABLE","IE321","L:60","","364815"
"24574","DEVICE,IV,CV PLUS,STATLOCK","IE321","L:5","","BRDCV0220H"
"27022","DRESSING,HYDROCOLLOID,4 X 5IN,","IE321","L:5","","422299"
"27104","PAPER,EKG,FOR ZOLL M SERIES,FA","IE321","L:2","","8000-000877-01"
"27898","GEL,AQUASONIC,20MG","IE321","L:0","","1-Jan"
"29885","CHLORAPREP,ONE STEP,3ML","IE321","L:50","","930400"
"29988","NEEDLE,SAFETY,27GA,5/8INCH","IE321","L:40","","305921"
"30016","DRESSING,BORDER LITE,MEPILEX,4","IE321","L:10","","595300"
"30062","WASH,SHAMPOO,BODY,4OZ","IE321","L:4","","MSC092SBW04"
"30262","SOLUTION,POVIDONE IODINE,10%,1","IE321","L:15","","DYNDA2232A"
"30263","SOLUTION,HYDROGENPEROXIDE,3%,1","IE321","L:10","","APLP1012BK"
"30264","ALCOHOL,ISOPROPYL,70%,4OZ BOTT","IE321","L:4","","I0020"
"30557","DRESSING,IMPREGNATED,CHG,BIOPA","IE321","L:16","","4152"
"32038","LINER,SUCTION,FLEX ADVANTAGE,1","IE321","L:5","","65651-920C"
"32401","ELECTRODE,DIAPHORETIC,530 SERI","IE321","L:10","","2660-5"
"32463","ADHESIVE,LIQUID,MASTISOL","IE321","L:20","","0523-48"
"32527","GLOVE,EXAM,NITRILE,SM,LTX-FREE","IE321","L:4","","72-50901"
"32528","GLOVE,EXAM,NITRILE,MED,LTX-FRE","IE321","L:9","","72-50902"
"32529","GLOVE,EXAM,NITRILE,LG,LTX-FREE","IE321","L:4","","72-50903"
"32530","GLOVE,EXAM,NITRILE,XL,LTX-FREE","IE321","L:4","","72-50904"
"33761","ELECTRODE,MONITOR,ADULT,FOAM","IE321","L:40","","2670-3"
"33996","ELECTRODE,AED,ONESTEP","IE321","L:2","","8900-0214-01"
"34218","SET,HEMODIALYSIS BLOOD TUBING,","IE321","L:24","","SL-2010M2096"
"34221","DIALYZER,HEMODIALYSIS,FRESENIU","IE321","L:24","","0500325E"
"34222","SOLUTION,DISINFECTANT,SITE-SCR","IE321","L:200","","3882100"
"34225","BANDAGE TIPSTOP","IE321","L:100","","114555"
"35035","WIPES,DISPOSABLE,GERMICIDAL,SA","IE321","L:12","","Q55172"
"35486","FLUSH,SALINE,10ML,IN 10ML SYR,","IE321","L:120","","306546"
"36752","INTERVENTIONAL,QUIKCLOT,W/OUT","IE321","L:6","","467-Z"
"36908","PAPER,PRINTER,PATIENT MONITOR,","IE321","L:0","","FQW502100"
"37163","BASIN,WASH,PLASTIC,DISPOSABLE,","IE321","L:40","","DYND80347"
"37293","BAG,EMESIS,BLUE","IE321","L:48","","EME-BAG"
"37363","TAPE,SILICONE,REMOVAL,1IN X 1.","IE321","L:5","","2770S-1"
"37985","WIPES,CLEANING,GERMICIDAL,HARD","IE321","L:6","","P54072"
"38096","FORCEPS,OCCLUDING,YELLOW TUBE,","IE321","L:100","","MPC-200-Y-1"
"38101","GLASSES,SAFETY,PLSTC LES,CLR,U","IE321","L:1","","SV50A"
"38318","SENSOR,ADHESIVE,ADULT,ADTX,LNC","IE321","L:5","","1859"
"39199","CUFF,BP,1 PIECE,ADULT,TUBELESS","IE321","L:10","","SOFT-11"
"39201","CUFF,BP,1 PIECE,ADULT,LARGE,TU","IE321","L:3","","30503-14A"
"39202","CUFF,BP,1 PIECE,ADULT,SMALL,TU","IE321","L:10","","30503-12A"
"39203","CUFF,BP,1 PIECE,ADULT,LONG,TUB","IE321","L:5","","SOFT-11L"
"39229","DRESSING,CENTRAL,CHG","IE321","L:35","","1659"
"39698","GOWN,ISOLATION,PERSONAL PROTEC","IE321","L:0","","51194FC"
"39706","SHORT TERM DIALYSIS CATHETER 1","IE321","L:0","","5626150"
"39717","CHAMBER,BLOOD","IE321","L:36","","CL10041021"
"39961","BARRIER FILM,CAVILION,1.0ML WI","IE321","L:30","","3344"
"40344","TAPE,MEDICAL,SILK,1IN X 1.5YD,","IE321","L:100","","1538S-1"
"40347","SET,NEEDLE,FISTULA,SYSLOC,MINI","IE321","L:0","","864-1700-33-B"
"40657","DUOGLIDE 13 FR DOUBLE LUMEN, C","IE321","L:0","","5626200"
"41271","TUBING,OXYGEN CONNECTING,L 7FT","IE321","L:10","","1925"
"41595","CANNULA,NASAL,O2,NON-FLARE TIP","IE321","L:8","","1365"
"42667","EAR BUD,WHT,MAXELL,EB95","IE321","L:10","","AE-215"
"42735","MASK,FACE,PROCEDURE,FULL PLTD,","IE321","L:100","","PPE-M-AS-SUR-S"
"43116","SLIPPER,FALL PREVENTION,YELLOW","IE321","L:5","","MDTPS4B04FPY"
"43117","SLIPPER,FALL PREVENTION,YELLOW","IE321","L:5","","M3044-B"
"45844","ADAPTER,LUER,MALE,1.5IN","IE321","L:100","","353981"
"45971","CLIP,SURG,HEMODIALYSIS,STD,HOM","IE321","L:2","","04-9100-1"
"47789","CAPS,CLEARGUARD HD,ANTIMICROBI","IE321","L:50","","CGHD-100"
"50294","CREAM,SKIN,PHYTOPLEX,12.5% DMT","IE321","L:5","","MSC092562"
"50420","WIPES,PERSONAL,SKIN CLEANSING/","IE321","L:4","","MSC092503"
"50421","WIPE,PERSONAL,CLEANSING,PRE-MO","IE321","L:10","","MSC095102"
"50545","CULTURE,VENIPUNCTURE,23GA,BLOO","IE321","L:3","","CA58825"
"50617","SET,IV ADMIN,INF,SMARTSITE,NEE","IE321","L:5","","2420-0007"
"50641","IV ADMIN SET,SECONDARY,40 W/ H","IE321","L:2","","DYNDTA1540"
"50803","KIT,DRESSING,CENTRAL LINE,PICC","IE321","L:15","",""
"59042","LUER-LOK ACCESS,DEVICE BD,LATE","IE321","L:12","","36490200"
"59357","MASK,PROCEDURE,W/EYESHIELD","IE321","L:25","","AT74631"
"59381","LABCOAT,DISPOSABLE,3 PKT,WHITE","IE321","L:30","","NONCSW500XL"
"59596","BAG,EMESIS,WHITE,HDPE","IE321","L:48","","NON80331"
"59597","CUP,SPECIMEN,WHT","IE321","L:10","",""
"59848","SWAB COLLECTION ANALYZER PART","IE321","L:8","",""
"61191","SET,PHILIPS,3 SURELEAD","IE321","L:8","","DLS-PHP3L-4F"
"61219","PAPER,THERMAL,ARRAY,PHILIPS","IE321","L:5","","M4816A"
"78871","ELECTRODES,EMG,NEUROLOGY,SURFA","IE321","L:5","","71508-KC-12"
"98003","SET,DRESSING,CENTRAL LINE","IE321","L:0","","DT14675"
"99227","SENSOR,EAR,LNCS,TC-I,SPO2","IE321","L:5","","1895"
"214","TAPE,TRANSPORE,1IN,HYPO","IE322","L:12","","1527-1"
"403","APRON,PROTECTIVE,1-PIECE,UNIV,","IE322","L:50","","10403"
"463","TUBE,VACUUMBLOOD,13 X 100MM,5M","IE322","L:24","","367986"
"1606","SPONGE,GAUZE,GEN USE,2 X 2IN,8","IE322","L:12","","NON25208"
"1607","SPONGE,GAUZE,4 X 4IN,NON-STER","IE322","L:4","","2556G"
"1994","SYRINGE,10CC,L/L","IE322","L:10","","302995"
"1998","CUP,DENTURE,8OZ,W/LID,PLASTIC","IE322","L:0","","DYND70293"
"2176","STICK,STIR,WHT BIRCH,L 5 3/4IN","IE322","L:6","","A5000-1"
"2189","WIPES,PERSONAL,TOWELETTE,PRE-M","IE322","L:100","","MDS094181"
"2558","GRINDER,TISSUE,50ML CAPACITY,S","IE322","L:10","","TG50ML"
"2668","TIP,PIPET,1ML,NON-STER,MLA,STA","IE322","L:4","","9026"
"2769","SLIDE,MICROSCOPE,GLASS,75 X 38","IE322","L:3","","2956WFT"
"2859","PIPET,TRANSFER,PLSTC,L 15.24CM","IE322","L:2","","CH5214-20S"
"2989","PIPET,TRANSFER,PLSTC,5.8ML,GEN","IE322","L:3","","CH5214-1S"
"3315","TIP,PIPETTE,5-200UL,SMALL,MLA","IE322","L:3","","9025"
"3657","COVERSLIP,22 X 30MM,THICK 0.13","IE322","L:4","","22X30-1-600014G"
"3769","BANDAGE,COBAN,2IN,NONSTERILE","IE322","L:32","","2082"
"4179","WIPES,CLEANING,DRY,GEN PURP,4","IE322","L:20","","34155"
"4223","TUBE,VACUUM BLOOD,13 X 75MM,4M","IE322","L:16","","367922"
"4855","LOOP DISPOSABLE INOCULATING DI","IE322","L:10","","220217"
"6291","TAPE,ADHESIVE,CLOTH,1IN","IE322","L:8","","1538-1"
"6348","LOOP,STERILE,DISPOSABLE,INOCUL","IE322","L:5","","220215"
"6353","APPLICATOR,TIPPED,COTTO,L 6IN,","IE322","L:600","","MDS202000"
"6357","TISSUE,FACIAL,2-PLY,8 X 8IN,10","IE322","L:12","","48550"
"6555","BAG,TRANSPORT,SPECIMEN,BIOHAZA","IE322","L:300","","AR69P"
"8123","GRINDER,TISSUE,15ML CAPACITY,F","IE322","L:15","","TG15ML"
"9295","PAD,ALCOHOL,70% ISOPROPYL","IE322","L:1200","","6818"
"9296","BANDAID,ADHESIVE,PLASTIC,STRIP","IE322","L:100","","44101"
"9300","DEPRESSOR,TONGUE,WOOD,STL","IE322","L:50","","C1560-006"
"9309","BAG,PAPER,GROCERY,# 25","IE322","L:20","","NONBPB25H"
"9313","CUP,STYROFOAM,6OZ,DISP","IE322","L:2","","6J6"
"9415","URINAL,MALE,PLSTC,1000ML,W/LID","IE322","L:20","","DYND80235S"
"9432","SYRINGE,W/O NEEDLE,10ML,SLIP-T","IE322","L:10","","303134"
"9919","BOTTLE,SPECIMEN,URINE,24HR","IE322","L:6","","DYND80024"
"9922","MASK,SURG,MOLDED","IE322","L:50","","NON27381"
"10384","PIPET,TRANSFER,POLYETHYLENE,L","IE322","L:10","","CHB521412"
"10604","TUBE,CENTRIFUGE,POLPRO,50ML,OD","IE322","L:20","","352098"
"10931","TAPE,ADHESIVE,PAPER,1I,HYPO","IE322","L:12","","1530-1"
"10934","SNGE,5ML,LUER LOCK","IE322","L:20","","309646"
"10936","SYRINGE,W/O NEEDLE,20ML,LL TIP","IE322","L:10","","1182000777"
"11265","KIMWIPES,15X17 KAYDRAY,WHT,2PL","IE322","L:4","","KCP34721H"
"12172","PAPER, LENS, EXTRA SOFT","IE322","L:8","","52846001"
"12730","BANDAGE,COBAN,1IN,NONSTERILE","IE322","L:25","","CAH15LF"
"14606","BLADE,MICROTOME,LO PROF,FEATHE","IE322","L:5","","4980"
"16788","TIP PIPET MACRO GRADUATED MLA","IE322","L:2","","9048"
"17284","SLIDE,MICROSCOPE,GLASS,25 X 75","IE322","L:6","","4951"
"17286","ACCESSORY,CYTOCENTRIFUGE,SAMPL","IE322","L:5","","SS-113"
"17356","GLOVE,EXAM,VINYL,MED,LTX-FREE,","IE322","L:4","","MDS192075"
"17723","TUBE,VACUUM BLOOD,13 X 100MM,4","IE322","L:24","","367962"
"18184","FILTER PAPER WHATMAN SIZE 2 10","IE322","L:2","","28310-048"
"20194","NEEDLE,BLOOD COLLECTION,VACUUM","IE322","L:10","","368607"
"20195","TUBE,VACUUM BLOOD,13 X 75MM,4M","IE322","L:0","","367884"
"20557","WIPES,CLEANING,GERMICIDAL,HARD","IE322","L:0","","P13872"
"20621","WIPES, PDI EASY SCREEN","IE322","L:0","","P03672"
"20629","CUP,URINE,NONSTERILE,BLUE TOP","IE322","L:50","","364975"
"20630","TUBE,8ML,CONICAL,16X100,UA,W/P","IE322","L:10","","364992"
"20631","TUBE,URINE,PLASTIC,13X75","IE322","L:16","","364951"
"20632","TUBE,13X100MMX6.0ML,VACUTAINER","IE322","L:10","","366408"
"20633","KIT,COLLECTION,UA,16X100,8ML,T","IE322","L:200","","364953"
"20658","STERILE WATER,IRRIGATION,1000M","IE322","L:0","","2F7114"
"22138","NEEDLE,SAFET,18GAX1.5IN,1M","IE322","L:20","","8881850815"
"22141","NEEDLE,SAFETY,23GAX1IN","IE322","L:20","","8881850310"
"22142","NEEDLE,SAFETY,21GAX1IN,1M","IE322","L:10","","305915"
"22351","SYRINGE,TB,1CC,28GAX1/2IN,SAFE","IE322","L:0","","8881882812"
"22699","TUBE,VACUUM BLOOD,13 X 75MM,2.","IE322","L:16","","363083"
"23695","SCISSORS-SHARP/BLUNT-5.5-STERI","IE322","L:10","","65945"
"23725","TOURNIQUET,.75X18INCH,LATEX FR","IE322","L:30","","367203"
"23880","TUBE,VACUUM BLOOD,13 X 75MM,3M","IE322","L:27","","367856"
"23927","DEVICE,BLOOD COLLECTION,BLOOD","IE322","L:12","","36488000"
"23968","LABEL,GENERAL USE,2 X 1.25IN,1","IE322","L:24","","THERMD50"
"24113","NEEDLE HOLDER,STACKABLE","IE322","L:500","","364815"
"24114","NEEDLE,BLOOD COLLECTION,MULTI-","IE322","L:10","","368608"
"24255","TUBE,CENTRIFUGE,POLYPRO,5ML,OD","IE322","L:2","","60.551"
"24564","TUBE,VACUUM BLOOD,13 X 100MM,5","IE322","L:6","","362788"
"26930","MASK,FACE,PROCEDURE,FULL PLTD,","IE322","L:100","","15111"
"29043","PIPET,GRADUTATED,2 DEGREE,BLOO","IE322","L:6","","225"
"29451","VIAL,PREFILLED,BUFFERED,FORMAL","IE322","L:3","","NB0507"
"29618","OIL,IMMERSION,TYPE B,HIGH VISC","IE322","L:5","","M4004"
"29642","TIPS,PIPETTER,EPPENDORF,1THRU1","IE322","L:1","","22492098"
"29885","CHLORAPREP,ONE STEP,3ML","IE322","L:20","","930400"
"29891","UNIT,VENTING,AEROBIC,SUBCULTUR","IE322","L:5","","271056"
"31130","SYRINGE,1CC,25GAX1IN,TB,VANISH","IE322","L:1","","10161"
"31132","TUBE,VACUUM BLOOD,DK GRN 6ML,N","IE322","L:4","","367878"
"31179","WIPE,BIOHAZ,HEAVY,ABSORBENT 4X","IE322","L:4","","BH44985"
"31717","NEEDLE,INOC,RIGID,VIOLET HDX,D","IE322","L:12","","HSND"
"31902","TIPS,EPPENDORF,50-1000UL","IE322","L:1","","22491555"
"32400","WIPES,CLEAING,BIOHAZARD,STD AB","IE322","L:4","","BH16100"
"32401","ELECTRODE,DIAPHORETIC,530 SERI","IE322","L:2","","2660-5"
"32527","GLOVE,EXAM,NITRILE,SM,LTX-FREE","IE322","L:8","","72-50901"
"32528","GLOVE,EXAM,NITRILE,MED,LTX-FRE","IE322","L:8","","72-50902"
"32529","GLOVE,EXAM,NITRILE,LG,LTX-FREE","IE322","L:5","","72-50903"
"32530","GLOVE,EXAM,NITRILE,XL,LTX-FREE","IE322","L:3","","72-50904"
"35035","WIPES,DISPOSABLE,GERMICIDAL,SA","IE322","L:0","","Q55172"
"35121","SYRINGE,1ML,SLIP,TIP","IE322","L:20","","309659"
"35442","GLOVE,EXAM,NITRILE,XSM,LTX-FRE","IE322","L:10","","72-50900"
"37163","BASIN,WASH,PLASTIC,DISPOSABLE,","IE322","L:10","","DYND80347"
"37794","BAG,TRANSPORT,SPECIMEN,12X15,B","IE322","L:10","","IP1215B3T"
"37985","WIPES,CLEANING,GERMICIDAL,HARD","IE322","L:0","","P54072"
"38362","FORCEP,ADSON BROWN,DRESSING,ST","IE322","L:6","","66195"
"40149","BAG,TRANSPRT,6X9IN,BIOHZRD,ZI","IE322","L:4","","CH6X9REDF"
"40668","NEEDLE,BUTTERFLY,ULTRATOUCH,25","IE322","L:300","","367363"
"40669","NEEDLE,BUTTERFLY,ULTRATOUCH,23","IE322","L:200","","367364"
"41270","WARMER,HAND,CHEMICAL","IE322","L:30","","ML7891"
"41341","CONTAINER,URINE COLLECTION,COM","IE322","L:0","","2500SA"
"42120","TUBE,82X13,FB,PP,7ML","IE322","L:2","","60.55"
"42729","SLIDE,MICROSCOPE,75 X 25MM,THE","IE322","L:30","","TT4041IPS82181"
"42735","MASK,FACE,PROCEDURE,FULL PLTD,","IE322","L:150","","PPE-M-AS-SUR-S"
"42742","BOTTLE,BACT/ALERT,FA PLUS","IE322","L:2","","410851"
"42743","BOTTLE,BACT/ALERT,FN PLUS","IE322","L:2","","410852"
"44498","ZIPLOCK BAG 4X6 1000'S","IE322","L:2","","1960830"
"45027","TUBE,VACUUM BLOOD,16X100MM,K2E","IE322","L:0","","366643"
"48764","GLOVE,EXAM,MED,VINYL,ALOE,5.5M","IE322","L:3","","MDS195175"
"49733","EEDLE,SAFETY,KURIN JET,W/21GA,","IE322","L:0","","MJ-221"
"49831","SWAB UTM ULT MINITIP FLK FLXB","IE322","L:75","","3C057N"
"49900","CUVETTES,OSMOPRO MAX","IE322","L:0","",""
"50294","CREAM,SKIN,PHYTOPLEX,12.5% DMT","IE322","L:4","","MSC092562"
"50439","WATER,DEIONIZED,5 GAL","IE322","L:0","","MCHEM100"
"50545","CULTURE,VENIPUNCTURE,23GA,BLOO","IE322","L:30","","CA58825"
"59597","CUP,SPECIMEN,WHT","IE322","L:50","",""
"59848","SWAB COLLECTION ANALYZER PART","IE322","L:10","",""
"129617","LABEL,MEDICAL,DIRECT THERMAL,4","IE322","L:4","","DTL600"
"129618","TUBE,VACUUM BLOOD,16 X 100MM,9","IE322","L:10","","455036"
"129777","TUBE,VACUUM BLOOD,13 X 100MM,6","IE322","L:8","","367815"
"177","TUBING,SUCTION,1/4IN X 12FT","IE325","L:12","","8888301622"
"178","DRAIN,PLUER,EVAC,CHEST","IE325","L:1","","S-1100-08LF"
"214","TAPE,TRANSPORE,1IN,HYPO","IE325","L:2","","1527-1"
"570","TRAY,PARACENTESIS,THORA-PARA,8","IE325","L:4","","TPT1000"
"1569","TAPE,HOLDER,ENDOTRACHIEL,ET","IE325","L:10","","11010"
"1750","TUBE,TRACH,HI LO,SIZE 8.5","IE325","L:5","","86453"
"1816","KIT,INTRODUCER SHEATH,PER-Q,9F","IE325","L:0","","AK-09903-CDC"
"1826","NEEDLE,HYPO,25GA X 1 1/2IN,REG","IE325","L:20","","305127"
"1913","GLOVE,BIOGEL,6.5,STERILE","IE325","L:8","","41165"
"1914","GLOVE,NON LATEX BIOGEL,7.5,STE","IE325","L:6","","41175"
"1915","GLOVE,BIOGEL,8,STERILE","IE325","L:8","","41180"
"1972","TUBE,SUCTION,YANKAUER","IE325","L:10","","K86"
"1994","SYRINGE,10CC,L/L","IE325","L:10","","302995"
"1996","BANDAGE,ELASTOPLAST,3IN,UNSTER","IE325","L:1","","2595002"
"1998","CUP,DENTURE,8OZ,W/LID,PLASTIC","IE325","L:8","","DYND70293"
"2041","DRESSING,TRANSPARENT,4X4 3/4IN","IE325","L:12","","1616"
"2273","SUTURE,SILK,BLK BRD,SZ 2-0,L 1","IE325","L:4","","1588H"
"2518","GAUZE,PETROLEUM,3X18I,NONADH","IE325","L:4","","MAY884414600Z"
"3769","BANDAGE,COBAN,2IN,NONSTERILE","IE325","L:6","","2082"
"5033","SOLUTION,INTRAVENOUS,D5W,0.45%","IE325","L:4","","2B1074X"
"5042","SOLUTION,INTRAVENOUS,LR,1000ML","IE325","L:6","","2B2324X"
"5045","SOLUTION,IRRIGATION,0.9% NACL,","IE325","L:6","","2F7123"
"5070","SOLUTION,INTRAVENOUS,IN 0.9% N","IE325","L:0","","2B1322Q"
"5595","GLOVE,BIOGEL,7,STERILE","IE325","L:8","","41170"
"5960","SPONGE,GAUZE,2 X 2IN,STER,8-PL","IE325","L:20","","1806G"
"6291","TAPE,ADHESIVE,CLOTH,1IN","IE325","L:6","","1538-1"
"6357","TISSUE,FACIAL,2-PLY,8 X 8IN,10","IE325","L:10","","48550"
"6555","BAG,TRANSPORT,SPECIMEN,BIOHAZA","IE325","L:100","","AR69P"
"8934","TRANSDUCER,VAMP,TRIPLE","IE325","L:0","","PXVMP3X31"
"9295","PAD,ALCOHOL,70% ISOPROPYL","IE325","L:600","","6818"
"9296","BANDAID,ADHESIVE,PLASTIC,STRIP","IE325","L:50","","44101"
"9299","KIT,SUCTION,14FR CATH,WHISTLE","IE325","L:6","","37424"
"9301","SPONGE,GAUZE,4 X 4IN,100% COTT","IE325","L:20","","3033G"
"9402","GOWN,SURG,IMPERVIOUS,STER,DISP","IE325","L:4","","C9545"
"9414","TUBING,SUCTION,L 6FT,FEMALE CO","IE325","L:6","","8888301515"
"9427","SYRINGE,3CC,L/L","IE325","L:20","","1180300777"
"9432","SYRINGE,W/O NEEDLE,10ML,SLIP-T","IE325","L:20","","303134"
"9435","SYRINGE,60CC,L/L","IE325","L:6","","8881560125"
"9625","TOWEL,SURGICAL,BARRIER,PACK","IE325","L:10","","3520"
"9626","SPECIMEN TRAP,MUCOUS,40CC","IE325","L:6","","DYND44180"
"9627","KIT,REMOVAL,SUTURE,STERILE,DIS","IE325","L:4","","Jun-00"
"9719","TUBING,OXYGEN CONNECTING,7FT,N","IE325","L:6","","1350"
"9922","MASK,SURG,MOLDED","IE325","L:25","","NON27381"
"11480","SYRINGE,W/O NEEDLE,35CC,SLIP-T","IE325","L:20","","302833"
"13310","KIT,IV START,STERILE,L/F,CHLOR","IE325","L:12","","74464"
"14721","FILTER,SUCTION/VACUUM,BACTERIA","IE325","L:3","","01-90-3100"
"15490","VALVE,ENDO,BX,EVIS MDL,REUSABL","IE325","L:40","","MAJ-210"
"19676","CATHETER,IV,SAFETY,18GA X1.25I","IE325","L:6","","3065"
"19677","CATHETER,IV,SAFETY,20GAX1.25IN","IE325","L:10","","3066"
"19678","CATHETER,IV,SAFETY,22GAX1IN","IE325","L:10","","306001"
"20658","STERILE WATER,IRRIGATION,1000M","IE325","L:4","","2F7114"
"22138","NEEDLE,SAFET,18GAX1.5IN,1M","IE325","L:10","","8881850815"
"22142","NEEDLE,SAFETY,21GAX1IN,1M","IE325","L:10","","305915"
"22288","TAPE,MEDICAL,SOFT CLOTH,2IN","IE325","L:2","","2862"
"22323","ARMBAND, ID, PATIENT, GREEN","IE325","L:30","","140-15-PDM"
"24139","VALVE,ENDO,SUCTION,EVIS MDL,RE","IE325","L:20","","MAJ-209"
"24140","FORCEPS,ENDO,BX,STER,RADIAL JA","IE325","L:5","","M00515181"
"24568","COVER,PROBE,3D","IE325","L:5","","20-P3D548"
"27464","NEEDLE,TRANSBRONCHIAL,ASPIRATI","IE325","L:5","","M00564101"
"27723","FORCEP,BIOPSY,ALLIGATOR JAW,2M","IE325","L:10","","FB-221D.A"
"28084","KIT,THORACENTESIS,PLEURAL CATH","IE325","L:1","","50-7000B"
"28481","TOWEL,RAYPAQUE,SAFETY,STERILE,","IE325","L:4","","AVID262"
"29094","MARKER,SKIN,MINI MARKER,PRE SU","IE325","L:0","","2715BN"
"29238","PROBE,FILTER INTEGRATED,7FR,CI","IE325","L:2","","20132-218"
"29451","VIAL,PREFILLED,BUFFERED,FORMAL","IE325","L:1","","NB0507"
"29885","CHLORAPREP,ONE STEP,3ML","IE325","L:3","","930400"
"30082","TUBING,IV,ANESTHESIA","IE325","L:10","","B9768"
"30091","CUFF,CALF,SCD,DISPOSABLE,VENAF","IE325","L:4","","3040"
"30230","BRUSH,CLEANING,DISPOSABLE,CYTO","IE325","L:10","","BC-202D-2010"
"30816","KIT,ENDOSCOPY,BEDSIDE,SLR PHAS","IE325","L:6","","345EPO"
"31922","KIT,DRAINAGE,PLERUX,BOTTLE","IE325","L:3","","50-7510"
"32038","LINER,SUCTION,FLEX ADVANTAGE,1","IE325","L:10","","65651-920C"
"32527","GLOVE,EXAM,NITRILE,SM,LTX-FREE","IE325","L:2","","72-50901"
"32528","GLOVE,EXAM,NITRILE,MED,LTX-FRE","IE325","L:2","","72-50902"
"32529","GLOVE,EXAM,NITRILE,LG,LTX-FREE","IE325","L:2","","72-50903"
"32530","GLOVE,EXAM,NITRILE,XL,LTX-FREE","IE325","L:2","","72-50904"
"33074","FASTNER,TUBE,ORAL,ENDOTRACH","IE325","L:6","","9799"
"33761","ELECTRODE,MONITOR,ADULT,FOAM","IE325","L:12","","2670-3"
"34599","TRAY,WAYNE,PNEUMOTHORAX,14FR,2","IE325","L:2","","G56537"
"35069","CAP,IV,DISINFECT,CUROS,JET","IE325","L:10","","CFJ5-250"
"35234","STOPCOCK,ONE WAY,HIGH PRESSURE","IE325","L:20","","H1FLC"
"35253","NEEDLE,ASPIRATION,22GA,EBUS-TB","IE325","L:4","","NA-U401SX-4022-A"
"35535","BALLOON,ULTRASONIC,BRONCHOSCOP","IE325","L:2","","MAJ-1351"
"36201","SET,ENDOBRONCHIAL,BLOCKER,ARND","IE325","L:2","","G44114"
"36616","PAD,TRANSPORT,ENDOSCOPE,102CM","IE325","L:25","","BX00711760"
"37870","BLANKET,WARMING,READY HEAT","IE325","L:6","","SB9RH9120"
"37970","ATOMIZER,NASAL,MAD,INTRANASAL,","IE325","L:10","","MAD300"
"38318","SENSOR,ADHESIVE,ADULT,ADTX,LNC","IE325","L:10","","1859"
"38845","CATHETER,CCO,CEDV,CSVO2,VIP,ED","IE325","L:0","","777F8"
"38928","ADAPTOR,PORTEX,BRONCH","IE325","L:10","","625191"
"38936","AIRWAY,WILLIAMS","IE325","L:10","","1-1503-10"
"39199","CUFF,BP,1 PIECE,ADULT,TUBELESS","IE325","L:5","","SOFT-11"
"39201","CUFF,BP,1 PIECE,ADULT,LARGE,TU","IE325","L:3","","30503-14A"
"39202","CUFF,BP,1 PIECE,ADULT,SMALL,TU","IE325","L:8","","30503-12A"
"39217","SOLUTION 30ML,CYTOLYT,TUBES 50","IE325","L:20","","ASY-15208"
"39948","NEEDLE,VIZISHOT,2,FLEX,19GA","IE325","L:2","","NA-U403SX-4019"
"39954","NEEDLE,FNB,ACQUIRE,25GA","IE325","L:0","","M00555560"
"40307","GOWN,ISOLATION,PROCEDURE,UNIV,","IE325","L:20","","M00501972"
"40817","LABEL,INDICATOR,1HOUR","IE325","L:1","","HTK-1H2"
"41041","PAD,LARGE,BREATHABLE,ADHESIVE-","IE325","L:6","","40528"
"41595","CANNULA,NASAL,O2,NON-FLARE TIP","IE325","L:6","","1365"
"41632","DEVICE,NEEDLE,BIOPSY,ACQUIRE,P","IE325","L:3","","M00552350"
"42430","NEEDLE,PERIVIEW,FLEX,TBNA,21G","IE325","L:10","","NA-403D-2021"
"42735","MASK,FACE,PROCEDURE,FULL PLTD,","IE325","L:100","","PPE-M-AS-SUR-S"
"43695","NEEDLE,EDB,ACQUIRE,25GA","IE325","L:3","","M00552400"
"44335","VALVE,BIOPSY","IE325","L:5","","MAJ-1414"
"48226","KIT,BIOPSY,PATIENT","IE325","L:10","","ACBSPBK05"
"48301","CLNR,INST 13.5OZ,PREKLN,TRNSPT","IE325","L:2","",""
"48660","PROBE,CRYSUR,1.15MR 1.1MM FLXB","IE325","L:6","","20402-401"
"48661","PROBE,CRYOSURGICAL,1.7MM,1150M","IE325","L:6","","20402-410"
"49018","CATHETER,OXIMETRY,VIP","IE325","L:0","","782F75M"
"49019","CATHETER,INJECTABLE SYSTEM,ROO","IE325","L:0","","93610"
"59290","MAT,HOVERMATT,34 INCH,SINGLE P","IE325","L:5","","HM34SPU-TVA-B"
"59597","CUP,SPECIMEN,WHT","IE325","L:8","",""
"59615","BAG INSTRUMENT PLASTIC ROBOTIC","IE325","L:20","","490127"
"59617","ADAPTER VISION PROBE AND SUCTI","IE325","L:20","","490101"
"59619","CONNECTOR SWIVEL 7.0MM","IE325","L:20","","490108"
"59624","NEEDLE BIOPSY ION FLEXISION ST","IE325","L:4","","490103"
"60092","REINFORCED ENDOTRACHEAL TUBE,","IE325","L:6","","86553"
"61118","ECHOTIP PROCORE ENDOBRONCHIAL","IE325","L:3","","G34281"
"61119","NDL ESCP 5- CM US CNTR HNDL SH","IE325","L:3","","G52011"
"61120","ECHOTIP ULTRA ENDOBRONCHIAL HD","IE325","L:3","","G24062"
"61121","ECHOTIP PROCORE ENDOBRONCHIAL","IE325","L:3","","G34282"
"61191","SET,PHILIPS,3 SURELEAD","IE325","L:5","","DLS-PHP3L-4F"
"61214","DRAPES,DISPOSABLE,OEC,3D,C-ARM","IE325","L:10","","5947413"
"61234","CABLE,FOLEY,TEMP SENSING,PHILI","IE325","L:5","","TSC-10"
"61404","BOTTLE,DRAINAGE,1000ML,SPIKE-A","IE325","L:8","","JGGSV1000SSP"
"61560","STRAP,BODY,ARTHROSCOPY AND FRA","IE325","L:6","","30787"
"96017","FORCEP,KELLY,CVD,5.5IN,DISP","IE325","L:4","","SS09-0627 F"
"98010","BAG,AMBU,W/PEEP VALVE,DISP","IE325","L:2","","520-611-001"
"1584","BLOCK,BITE,ADULT,COMPRESSED FO","IE329","L:10","","4000"
"1828","NEEDLE,30GAX1/2IN,DISPOSABLE","IE329","L:20","","305106"
"1905","PAD,EYE,LG,2 1/8 X 2 5/8IN,IND","IE329","L:1","","NON21601"
"1966","GARTER,EYE","IE329","L:10","","L50AC"
"2510","PATCH,EYE,SURGICAL","IE329","L:20","","1275"
"6353","APPLICATOR,TIPPED,COTTO,L 6IN,","IE329","L:100","","MDS202000"
"6357","TISSUE,FACIAL,2-PLY,8 X 8IN,10","IE329","L:8","","48550"
"6555","BAG,TRANSPORT,SPECIMEN,BIOHAZA","IE329","L:100","","AR69P"
"7628","PLUG-SILICONE-PUNCTUM-SMALL-.7","IE329","L:2","","6613-D"
"7688","PLUG-SILICONE-PUNCTUM-0.8-SOFT","IE329","L:3","","6614-D"
"9057","BATTERY,AA,NONRECHARGEABLE,ALK","IE329","L:12","","PC1500"
"9295","PAD,ALCOHOL,70% ISOPROPYL","IE329","L:600","","6818"
"9296","BANDAID,ADHESIVE,PLASTIC,STRIP","IE329","L:250","","44101"
"9312","COTTON BALL,UNCOVERED,DIA 2IN,","IE329","L:2","","MDS21463"
"9313","CUP,STYROFOAM,6OZ,DISP","IE329","L:3","","6J6"
"9427","SYRINGE,3CC,L/L","IE329","L:10","","1180300777"
"10934","SNGE,5ML,LUER LOCK","IE329","L:10","","309646"
"19221","SUNGLASSES-POST-OP-MYDRIATIC","IE329","L:10","","MYAS01-300"
"20557","WIPES,CLEANING,GERMICIDAL,HARD","IE329","L:0","","P13872"
"20621","WIPES, PDI EASY SCREEN","IE329","L:0","","P03672"
"20943","GOWN,ISOLATION,DISPOSABLE,FULL","IE329","L:10","","A69961-C"
"23157","STRIP,GLUCOSE TESTING,ACCU-CHE","IE329","L:3","","5942861001"
"24089","PLUG,SILICONE,PUNCTUM,0.5MM","IE329","L:2","","6611-D"
"24090","PLUG-SILCONE-PUCTUM-0.6MM","IE329","L:2","","6612-D"
"24811","COVER,THERMOMETER PROBE,SURETE","IE329","L:10","","05031-750"
"26930","MASK,FACE,PROCEDURE,FULL PLTD,","IE329","L:100","","15111"
"27405","LENS,BANDAGE,PLANO,8.4X14.0,D+","IE329","L:2","","VKAO000124"
"30201","PRISM,DISPOSABLE,TONOSAFE/TONO","IE329","L:2","","5805080"
"31973","NEEDLE,EAR,SEMI-PERMANENT,ASP","IE329","L:2","","LHAASPGOLD200"
"32527","GLOVE,EXAM,NITRILE,SM,LTX-FREE","IE329","L:3","","72-50901"
"32528","GLOVE,EXAM,NITRILE,MED,LTX-FRE","IE329","L:3","","72-50902"
"32529","GLOVE,EXAM,NITRILE,LG,LTX-FREE","IE329","L:3","","72-50903"
"32530","GLOVE,EXAM,NITRILE,XL,LTX-FREE","IE329","L:3","","72-50904"
"35035","WIPES,DISPOSABLE,GERMICIDAL,SA","IE329","L:0","","Q55172"
"37663","LENS,4 MIRROR,GONIO,WITH HANDL","IE329","L:12","","K30-1010"
"37985","WIPES,CLEANING,GERMICIDAL,HARD","IE329","L:0","","P54072"
"42703","PROBE,EYE,FOR ICARE TONOMETER,","IE329","L:2","","37"
"42735","MASK,FACE,PROCEDURE,FULL PLTD,","IE329","L:100","","PPE-M-AS-SUR-S"
"42939","FORCEPS,JEWELER,#5","IE329","L:5","","102005"
"42946","JEWELER,FORCEPS,#5,ANGLED","IE329","L:5","","Nov-05"
"42954","EPILATION,FORCEPS,KATENA BLINK","IE329","L:10","","10-1300"
"43029","LITHIUM BATTERY,AAA,1.5V","IE329","L:0","","EVRL92BP4"
"44417","SPECULUM BARRAQUER SOLID","IE329","L:3","","30-4000"
"44453","SPATULA,EPITHELIAL","IE329","L:5","","51-0001"
"44926","SCISSORS,CURVED,STERILE,5-1/2,","IE329","L:10","","TRI66600"
"48655","LENS,LASER,GONIO,STANDARD G4,M","IE329","L:10","","VG4HAN2"
"48740","ALGERBRUSH II","IE329","L:10","","AG1975"
"50189","SOLUTION,CONTACT LENS,2OZ,OPTI","IE329","L:8","",""
"50190","SOLUTION,CONTACT LENS,RIGID GA","IE329","L:6","",""
"50191","SOLUTION,CONTACT LENS,RIGID GA","IE329","L:6","",""
"50294","CREAM,SKIN,PHYTOPLEX,12.5% DMT","IE329","L:2","","MSC092562"
"59419","CALIPER & RULE","IE329","L:0","",""
"59420","CURETTE,DOUBLE ENDED, 2MM 3MM,","IE329","L:5","",""
"98006","BATTERY,AAA,NONRECHARGEABLE,AL","IE329","L:24","","PC2400"
"214","TAPE,TRANSPORE,1IN,HYPO","IE352","L:6","","1527-1"
"434","GAUZE,OR,4X4,STERILE","IE352","L:5","","8045"
"468","DIAPER,ADULT,BRIEF,LARGE,TAPE","IE352","L:2","","MSC33505"
"571","GAUZE,BANDAGE,KERLIX,4.5IN","IE352","L:9","","NON25865"
"865","PETROATUM,WHITE,5GM,FOILPAC","IE352","L:50","","8884433200"
"1481","ELECTRODE,EKG,DIAPH,FOAM,WET G","IE352","L:12","","2560"
"1583","GEL,ULTRASONIC,TRANSMISSION","IE352","L:10","","8-Mar"
"1606","SPONGE,GAUZE,GEN USE,2 X 2IN,8","IE352","L:4","","NON25208"
"1607","SPONGE,GAUZE,4 X 4IN,NON-STER","IE352","L:2","","2556G"
"1622","UNDERPAD,BED,30X36IN,TRANQUILI","IE352","L:10","","2710"
"1776","PACK,HOT/COLD","IE352","L:4","","33500"
"1787","BLADE,CLIPPER,SURGICAL,STERILE","IE352","L:10","","9660"
"1825","KIT,REMOVAL,STAPLE,STERILE,DIS","IE352","L:15","","PSX"
"1827","NEEDLE,27GA X 1.5IN,DISPOSABLE","IE352","L:20","","1188827112"
"1828","NEEDLE,30GAX1/2IN,DISPOSABLE","IE352","L:50","","305106"
"1912","GLOVE,SURG,NAT RUBBER,SZ 6,POW","IE352","L:6","","41160"
"1913","GLOVE,BIOGEL,6.5,STERILE","IE352","L:8","","41165"
"1914","GLOVE,NON LATEX BIOGEL,7.5,STE","IE352","L:8","","41175"
"1915","GLOVE,BIOGEL,8,STERILE","IE352","L:8","","41180"
"1954","SCALPEL,#10,W/HANDLE,DISPOSABL","IE352","L:6","","372610"
"1955","SCALPEL,#11,W/HANDLE,DISPOSABL","IE352","L:15","","MDS15311"
"1956","SCALPEL,SURG,SZ #15,BARD PARKE","IE352","L:10","","372615"
"1975","WOUND,CLOSURE STRIP,1/4IN X 4I","IE352","L:6","","R1546"
"1982","BLADE,SCALPEL,#15,W/O HANDLE","IE352","L:15","","371115"
"1984","DRESSING,TELFA,NONADHER,3X8,ST","IE352","L:20","","1238"
"1986","PACKING,WOUND,PLN,1/2IN X 5YD,","IE352","L:2","","7632"
"1988","GAUZE,IODOFORM,1/2IN","IE352","L:2","","7832"
"1994","SYRINGE,10CC,L/L","IE352","L:20","","302995"
"2032","WOUND,CLOSURE STRIP,1/2IN X 4I","IE352","L:18","","R1547"
"2035","BLADE,SCALPEL,#10,W/O HANDLE","IE352","L:15","","371110"
"2041","DRESSING,TRANSPARENT,4X4 3/4IN","IE352","L:30","","1616"
"2042","DRESSING,TRANSPARENT,10INX5 1/","IE352","L:10","","1628"
"2043","DRESSING,IMPREGNATED,3 X 3IN,O","IE352","L:10","","6112"
"2045","GAUZE,IODOFORM,PACKING,STERILE","IE352","L:2","","7833"
"2198","BANDAGE,ADH,PLSTC,ABSORB PAD,F","IE352","L:100","","44120"
"2242","MASK,OXYGEN,ADULT SZ 6","IE352","L:6","","HUD1930"
"2342","SUTURE,NYLON,BLK MONO,SZ 3-0,L","IE352","L:36","","1663H"
"2350","SUTURE,NYLON,PLIABILIZED,BLK M","IE352","L:12","","1667H"
"2353","SUTURE,ETHILON,5 0,698H,P3","IE352","L:6","","698H"
"2518","GAUZE,PETROLEUM,3X18I,NONADH","IE352","L:4","","MAY884414600Z"
"3769","BANDAGE,COBAN,2IN,NONSTERILE","IE352","L:10","","2082"
"5038","SOLUTION,INTRAVENOUS,IN 0.9% N","IE352","L:5","","2B1323Q"
"5416","SUTURE, PROLENE, 6.0, P3 NEEDL","IE352","L:12","","8695G"
"5421","SUTURE,PROLENE,5-0,8698G,P3","IE352","L:12","","8698G"
"5595","GLOVE,BIOGEL,7,STERILE","IE352","L:8","","41170"
"5960","SPONGE,GAUZE,2 X 2IN,STER,8-PL","IE352","L:100","","1806G"
"6291","TAPE,ADHESIVE,CLOTH,1IN","IE352","L:6","","1538-1"
"6353","APPLICATOR,TIPPED,COTTO,L 6IN,","IE352","L:25","","MDS202000"
"6357","TISSUE,FACIAL,2-PLY,8 X 8IN,10","IE352","L:10","","48550"
"6555","BAG,TRANSPORT,SPECIMEN,BIOHAZA","IE352","L:100","","AR69P"
"8772","ELECTRODE,PATIENT,RETURN,VALLE","IE352","L:10","","E7507"
"8983","CUFF,B/P,ADULT,25,35CM,H/P,MED","IE352","L:4","","REUSE-11"
"9057","BATTERY,AA,NONRECHARGEABLE,ALK","IE352","L:16","","PC1500"
"9295","PAD,ALCOHOL,70% ISOPROPYL","IE352","L:800","","6818"
"9296","BANDAID,ADHESIVE,PLASTIC,STRIP","IE352","L:200","","44101"
"9301","SPONGE,GAUZE,4 X 4IN,100% COTT","IE352","L:100","","3033G"
"9305","DRESSING,GEN USE,ABD PAD,8 X 1","IE352","L:6","","9194A"
"9309","BAG,PAPER,GROCERY,# 25","IE352","L:10","","NONBPB25H"
"9311","BASIN,EMESIS,DISP,PLASTIC","IE352","L:15","","DYND80327N"
"9312","COTTON BALL,UNCOVERED,DIA 2IN,","IE352","L:4","","MDS21463"
"9313","CUP,STYROFOAM,6OZ,DISP","IE352","L:6","","6J6"
"9415","URINAL,MALE,PLSTC,1000ML,W/LID","IE352","L:2","","DYND80235S"
"9427","SYRINGE,3CC,L/L","IE352","L:100","","1180300777"
"9625","TOWEL,SURGICAL,BARRIER,PACK","IE352","L:10","","3520"
"9627","KIT,REMOVAL,SUTURE,STERILE,DIS","IE352","L:6","","Jun-00"
"9720","RAZOR,SURGICAL,DBLE EDGED","IE352","L:5","","BRN1312"
"9744","PAPER,EXAM,TABLE,18IN X 150FT,","IE352","L:8","","3-06-0002"
"9845","CUFF,B/P,ADULT,33,47CM,H/P,LAR","IE352","L:4","","REUSE-12"
"10931","TAPE,ADHESIVE,PAPER,1I,HYPO","IE352","L:6","","1530-1"
"10934","SNGE,5ML,LUER LOCK","IE352","L:15","","309646"
"12730","BANDAGE,COBAN,1IN,NONSTERILE","IE352","L:0","","CAH15LF"
"13310","KIT,IV START,STERILE,L/F,CHLOR","IE352","L:15","","74464"
"14774","STOPCOCK,4WAY,LUER LOCK","IE352","L:4","","1168336"
"15218","SUTURE,PROLENE,4 0,8682G,PS2","IE352","L:12","","8682G"
"15298","SUTURE,VICRYL,UND BRD,SZ 5-0,L","IE352","L:12","","J493G"
"16927","LANCET,SAFETY,1.8MM,21GA","IE352","L:1","","8290366577"
"17294","SKIN PREP,ELECTROMEDICAL,ELECT","IE352","L:2","","30806726"
"17597","ELECTRODE,EKG,RESTING,CONDUCTI","IE352","L:30","","31433538"
"18141","DRESSING,GEN USE,ISLAND,4 X 4I","IE352","L:25","","7550"
"18274","REMOVER,ADHESIVE,WIPE","IE352","L:50","","30039"
"18275","REMOVER,ADHESIVE,4OZ","IE352","L:3","","32404"
"18816","PAPER,EKG,THERMAL,RED GRID","IE352","L:5","","1272335"
"18932","DRESSING,TRANSPARENT,2 3/8INX2","IE352","L:30","","1624W"
"19113","SCRUB,PREP,4% CHG,TOPICAL,4OZ","IE352","L:4","","MDS098710"
"19551","BANDAGE,ELASTIC,SAFEWRAP,LF,4I","IE352","L:4","","MDS087004LF"
"19677","CATHETER,IV,SAFETY,20GAX1.25IN","IE352","L:30","","3066"
"19678","CATHETER,IV,SAFETY,22GAX1IN","IE352","L:20","","306001"
"19973","PIN,ADAPTER,ACCESS VIAL,2202E","IE352","L:25","","2202E"
"20048","SET,IV ADMIN EXT,LTX-FREE,L 6I","IE352","L:30","","20019E"
"20057","CANNULA,NEEDLELESS,ACCESS VALV","IE352","L:10","","MC100"
"20126","SUTURE, PLAIN, GUT 5 0, NEEDLE","IE352","L:0","","1915G"
"20557","WIPES,CLEANING,GERMICIDAL,HARD","IE352","L:0","","P13872"
"20621","WIPES, PDI EASY SCREEN","IE352","L:0","","P03672"
"20943","GOWN,ISOLATION,DISPOSABLE,FULL","IE352","L:20","","A69961-C"
"22140","NEEDLE,SAFETY,25GAX5/8IN","IE352","L:20","","8881850558"
"22141","NEEDLE,SAFETY,23GAX1IN","IE352","L:20","","8881850310"
"22288","TAPE,MEDICAL,SOFT CLOTH,2IN","IE352","L:6","","2862"
"22290","TAPE,MEDICAL,SOFT CLOTH,6IN","IE352","L:1","","2866"
"22546","ADHESIVE,SKIN CLOSURE,TOPICAL","IE352","L:6","","LX6"
"23157","STRIP,GLUCOSE TESTING,ACCU-CHE","IE352","L:1","","5942861001"
"23695","SCISSORS-SHARP/BLUNT-5.5-STERI","IE352","L:2","","65945"
"23927","DEVICE,BLOOD COLLECTION,BLOOD","IE352","L:20","","36488000"
"23980","BATTERY,9V,NON-RECHRG,ALKALINE","IE352","L:10","","PC1604"
"24113","NEEDLE HOLDER,STACKABLE","IE352","L:20","","364815"
"24352","DRESSING,PRESSURE","IE352","L:4","","2019"
"24811","COVER,THERMOMETER PROBE,SURETE","IE352","L:6","","05031-750"
"26930","MASK,FACE,PROCEDURE,FULL PLTD,","IE352","L:0","","15111"
"27022","DRESSING,HYDROCOLLOID,4 X 5IN,","IE352","L:4","","422299"
"27104","PAPER,EKG,FOR ZOLL M SERIES,FA","IE352","L:4","","8000-000877-01"
"27702","LABELS,STERILE,MEDICATIONS","IE352","L:10","","9VAPH37-DTR"
"27936","SUTURE,BRAIDED VICRYL,4-0,18IN","IE352","L:6","","J496H"
"27944","SUTURE,VICRYL PLUS,UND BRD,SZ","IE352","L:36","","VCP497G"
"27947","SUTURE,VICRYL PLUS,UND BRD,SZ","IE352","L:24","","VCP593G"
"27956","SUTURE,VICRYL PLUS,UND BRD,SZ","IE352","L:24","","VCP493G"
"27966","SUTURE,VICRYL PLUS,UND BRD,SZ","IE352","L:6","","VCP494G"
"28481","TOWEL,RAYPAQUE,SAFETY,STERILE,","IE352","L:4","","AVID262"
"29159","SUTURE,MONOCRYL,UND MONO,SZ 5-","IE352","L:24","","MCP493G"
"29255","RULER,MEASURING,WOUND,PAPER,DI","IE352","L:3","","MSCEDURULER"
"29371","BANDAGE,GAUZE,3IN X 75IN,STER,","IE352","L:10","","Nov-93"
"29451","VIAL,PREFILLED,BUFFERED,FORMAL","IE352","L:2","","NB0507"
"29637","DRESSING,TRANSPARENT,2 3/8 X 4","IE352","L:50","","3584"
"29885","CHLORAPREP,ONE STEP,3ML","IE352","L:15","","930400"
"30039","DRESSING,XEROFORM,PETROLATUM,F","IE352","L:6","","8884433605"
"30058","SWAB,POVIDONE IODINE,10% W/V","IE352","L:5","","S41350"
"30205","SLING,PATIENT LIFT,DISPOSABLE","IE352","L:1","","AHD001"
"30262","SOLUTION,POVIDONE IODINE,10%,1","IE352","L:20","","DYNDA2232A"
"30263","SOLUTION,HYDROGENPEROXIDE,3%,1","IE352","L:10","","APLP1012BK"
"30264","ALCOHOL,ISOPROPYL,70%,4OZ BOTT","IE352","L:8","","I0020"
"32463","ADHESIVE,LIQUID,MASTISOL","IE352","L:20","","0523-48"
"32527","GLOVE,EXAM,NITRILE,SM,LTX-FREE","IE352","L:4","","72-50901"
"32528","GLOVE,EXAM,NITRILE,MED,LTX-FRE","IE352","L:10","","72-50902"
"32529","GLOVE,EXAM,NITRILE,LG,LTX-FREE","IE352","L:8","","72-50903"
"32530","GLOVE,EXAM,NITRILE,XL,LTX-FREE","IE352","L:4","","72-50904"
"32679","CREAM,SKIN REPAIR,REMEDY,4OZ","IE352","L:3","","MSC0924004"
"33118","SUTURE,PROLENE,18IN,BLUE,PS-2,","IE352","L:36","","8687H"
"33558","COLD PACK,INSTANT,4X6","IE352","L:10","","SCP50"
"33748","TOWEL,PATIENT,2PLY,POLY,19X13,","IE352","L:25","","1126749"
"35035","WIPES,DISPOSABLE,GERMICIDAL,SA","IE352","L:5","","Q55172"
"35069","CAP,IV,DISINFECT,CUROS,JET","IE352","L:8","","CFJ5-250"
"35123","NEEDLE,21GA X 2IN,NON SAFETY","IE352","L:50","","305129"
"35359","CLIPPER,SURG,RECHARGEABLE,PIVO","IE352","L:2","","9667L"
"35486","FLUSH,SALINE,10ML,IN 10ML SYR,","IE352","L:30","","306546"
"35511","JELLY,SURGILUBE,STERILE,5GM","IE352","L:15","","281020545"
"36310","HEMOSTAT,STRT,SATIN,STERILE,DI","IE352","L:10","","66485"
"37985","WIPES,CLEANING,GERMICIDAL,HARD","IE352","L:0","","P54072"
"38084","HOLDER,NEEDLE,WEBSTER,STERILE,","IE352","L:10","","67120"
"38101","GLASSES,SAFETY,PLSTC LES,CLR,U","IE352","L:2","","SV50A"
"40409","SUTURE,PDSII,CLR,MONO,4-0,PS-2","IE352","L:12","","Z496G"
"41271","TUBING,OXYGEN CONNECTING,L 7FT","IE352","L:10","","1925"
"41474","SURGIFOAM,HEMOSTATIC","IE352","L:24","","1972"
"41595","CANNULA,NASAL,O2,NON-FLARE TIP","IE352","L:8","","1365"
"41815","CAP,BOUFFANT,24IN,BLUE,FLUID P","IE352","L:2","","B24HD"
"41960","PULSE,OXIMETER","IE352","L:5","","81560630"
"42145","THERMOMETER,ORAL,30 SECOND,DIG","IE352","L:10","","MDS9950"
"42735","MASK,FACE,PROCEDURE,FULL PLTD,","IE352","L:100","","PPE-M-AS-SUR-S"
"43667","ADAPTERS,PENCIL,SUCTION,SKIN,S","IE352","L:10","","AAR SS95"
"44714","TEST,COVID19,ANTIGEN,OTC,SELF-","IE352","L:5","","195264"
"48301","CLNR,INST 13.5OZ,PREKLN,TRNSPT","IE352","L:2","",""
"50506","PENCIL,CAUTERY,ROCKER SWITCH,S","IE352","L:6","","703046000"
"50617","SET,IV ADMIN,INF,SMARTSITE,NEE","IE352","L:0","","2420-0007"
"59596","BAG,EMESIS,WHITE,HDPE","IE352","L:12","","NON80331"
"59597","CUP,SPECIMEN,WHT","IE352","L:10","",""
"59848","SWAB COLLECTION ANALYZER PART","IE352","L:10","",""
"96017","FORCEP,KELLY,CVD,5.5IN,DISP","IE352","L:3","","SS09-0627 F"
"98006","BATTERY,AAA,NONRECHARGEABLE,AL","IE352","L:48","","PC2400"
"99015","BAG,PATIENT,BELONGING","IE352","L:40","","BIOBAGGY1820"
"99145","SUTURE,MONO.4-0,MCP496G,PS-2","IE352","L:24","","MCP496G"
"99146","SUTURE,MON,PLUS,CLR,MCP497G,PS","IE352","L:6","","MCP497G"
"1607","SPONGE,GAUZE,4 X 4IN,NON-STER","IE359","L:4","","2556G"
"10931","TAPE,ADHESIVE,PAPER,1I,HYPO","IE359","L:4","","1530-1"
"17294","SKIN PREP,ELECTROMEDICAL,ELECT","IE359","L:6","","30806726"
"29370","BANDAGE,CONFORMING,APEX,4INX75","IE359","L:10","","2236"
"35442","GLOVE,EXAM,NITRILE,XSM,LTX-FRE","IE359","L:0","","72-50900"
"37163","BASIN,WASH,PLASTIC,DISPOSABLE,","IE359","L:4","","DYND80347"
"39021","TAPE,SURG,TRANSPORE 1IN X 1.5Y","IE359","L:6","","1527S-1"
"48839","ELECTRODE,NEUROLINE CUP,60IN","IE359","L:10","","726-15-M-10"
"78871","ELECTRODES,EMG,NEUROLOGY,SURFA","IE359","L:12","","71508-KC-12"
"129579","ADHESIVE,CONDUCTIVE,TEN 20","IE359","L:0","","10-20-4J"
"177","TUBING,SUCTION,1/4IN X 12FT","IE463","L:10","","8888301622"
"215","TAPE,TRANSPORE,3IN","IE463","L:2","","1527-3"
"434","GAUZE,OR,4X4,STERILE","IE463","L:10","","8045"
"564","GAUZE,RAYTEC,4X8,STERILE","IE463","L:6","","7318"
"1493","CLEANER,PAD,TIP,TEFLON","IE463","L:5","","31142790"
"1627","MASK,OXYGEN,NON-REBREATHER,ADU","IE463","L:6","","1060"
"1787","BLADE,CLIPPER,SURGICAL,STERILE","IE463","L:20","","9660"
"1789","STAPLER,SKIN,SS,35 WIDE,W/SS S","IE463","L:5","","PXW35"
"1797","CATHETER,SWAN GANZ,8FR,THERMOD","IE463","L:5","","41233-01"
"1799","WIRE,J TIP,.035IN,45CM","IE463","L:2","","AW-04235"
"1821","TUBE,EXTENSION,K51","IE463","L:10","","2C6226"
"1912","GLOVE,SURG,NAT RUBBER,SZ 6,POW","IE463","L:12","","41160"
"1913","GLOVE,BIOGEL,6.5,STERILE","IE463","L:15","","41165"
"1914","GLOVE,NON LATEX BIOGEL,7.5,STE","IE463","L:15","","41175"
"1915","GLOVE,BIOGEL,8,STERILE","IE463","L:12","","41180"
"1955","SCALPEL,#11,W/HANDLE,DISPOSABL","IE463","L:5","","MDS15311"
"1972","TUBE,SUCTION,YANKAUER","IE463","L:8","","K86"
"1984","DRESSING,TELFA,NONADHER,3X8,ST","IE463","L:12","","1238"
"1994","SYRINGE,10CC,L/L","IE463","L:20","","302995"
"2014","CONNECTOR,TUBING,5IN1,PLASTIC,","IE463","L:4","","501"
"2015","DRAPE,IOBAN 2","IE463","L:5","","6650EZ"
"2032","WOUND,CLOSURE STRIP,1/2IN X 4I","IE463","L:10","","R1547"
"2041","DRESSING,TRANSPARENT,4X4 3/4IN","IE463","L:10","","1616"
"2086","AIRWAY,BERMAN,100MM","IE463","L:2","","312100"
"2242","MASK,OXYGEN,ADULT SZ 6","IE463","L:5","","HUD1930"
"2254","AIRWAY,BERMAN,90MM,MED,ADULT","IE463","L:2","","312090"
"2273","SUTURE,SILK,BLK BRD,SZ 2-0,L 1","IE463","L:6","","1588H"
"2314","BEDPAN,FRACTURE,PLSTC,REUSABLE","IE463","L:2","","DYNC8522"
"2800","GLOVE,BIOGEL,8.5,STERILE","IE463","L:15","","41185"
"3769","BANDAGE,COBAN,2IN,NONSTERILE","IE463","L:12","","2082"
"5010","SOLUTION,INTRAVENOUS,D5W,250ML","IE463","L:2","","2B0062Q"
"5038","SOLUTION,INTRAVENOUS,IN 0.9% N","IE463","L:5","","2B1323Q"
"5039","SOLUTION,INTRAVENOUS,IN 0.9% N","IE463","L:15","","2B1324X"
"5595","GLOVE,BIOGEL,7,STERILE","IE463","L:15","","41170"
"5960","SPONGE,GAUZE,2 X 2IN,STER,8-PL","IE463","L:25","","1806G"
"6555","BAG,TRANSPORT,SPECIMEN,BIOHAZA","IE463","L:200","","AR69P"
"8772","ELECTRODE,PATIENT,RETURN,VALLE","IE463","L:5","","E7507"
"9057","BATTERY,AA,NONRECHARGEABLE,ALK","IE463","L:5","","PC1500"
"9295","PAD,ALCOHOL,70% ISOPROPYL","IE463","L:200","","6818"
"9402","GOWN,SURG,IMPERVIOUS,STER,DISP","IE463","L:5","","C9545"
"9414","TUBING,SUCTION,L 6FT,FEMALE CO","IE463","L:10","","8888301515"
"9415","URINAL,MALE,PLSTC,1000ML,W/LID","IE463","L:4","","DYND80235S"
"9427","SYRINGE,3CC,L/L","IE463","L:25","","1180300777"
"9432","SYRINGE,W/O NEEDLE,10ML,SLIP-T","IE463","L:5","","303134"
"9434","SYRINGE,30CC,L/L","IE463","L:8","","8881535762"
"9436","SYRINGE,60CC,CATH TIP","IE463","L:4","","309620"
"9627","KIT,REMOVAL,SUTURE,STERILE,DIS","IE463","L:4","","Jun-00"
"13310","KIT,IV START,STERILE,L/F,CHLOR","IE463","L:15","","74464"
"14774","STOPCOCK,4WAY,LUER LOCK","IE463","L:10","","1168336"
"16938","ELECTRODE,BIPOLAR,5FRX110CM","IE463","L:5","","520007P"
"18028","SODIUM CHLORIDE,0.9%,100ML,BG","IE463","L:3","","2B1307"
"18325","SET,IV ADMIN,NITROGLYCERIN,MED","IE463","L:4","","2260-0500"
"18932","DRESSING,TRANSPARENT,2 3/8INX2","IE463","L:12","","1624W"
"19119","GOWN,SURG,IMPERVIOUS,STER,DISP","IE463","L:5","","44675"
"19677","CATHETER,IV,SAFETY,20GAX1.25IN","IE463","L:20","","3066"
"19678","CATHETER,IV,SAFETY,22GAX1IN","IE463","L:0","","306001"
"19973","PIN,ADAPTER,ACCESS VIAL,2202E","IE463","L:20","","2202E"
"20047","SET,EXTENSION,NEEDLELESS,VALVE","IE463","L:8","","MC33150"
"20048","SET,IV ADMIN EXT,LTX-FREE,L 6I","IE463","L:10","","20019E"
"20057","CANNULA,NEEDLELESS,ACCESS VALV","IE463","L:10","","MC100"
"20074","CAP,ALARIS","IE463","L:10","","70804"
"20501","WIRE,PROWATER,PTCA,GUIDEWIRE,1","IE463","L:10","","12776-01"
"20512","WIRE,SION,BLUE,PTCA,GUIDEWIRE,","IE463","L:10","","AHW14R104J"
"20529","VALVE,COPILOT,BLEEDBACK,CONTRO","IE463","L:15","","1003331"
"20530","WIRE,INTRODUCER,GUIDE","IE463","L:10","","22290"
"20531","HANDLE,GUIDEWIRE,TORQUE DEVICE","IE463","L:10","","22215"
"20567","WIRE,HITORQUE,BALANCE,MIDDLEWE","IE463","L:5","","1009660J"
"20598","WIRE,HI-TORQUE,FLOPPYII,GUIDEW","IE463","L:10","","22339MJ"
"20624","CHOICE PT 182CM","IE463","L:10","","H74912160012"
"20657","SODIUM CHLORIDE,1000ML,IRRIGAT","IE463","L:0","","2F7124"
"20863","CATHETER,FINECROSS,MICRO,GUIDE","IE463","L:6","","M3-1450"
"20887","CATHETER,GUIDELINER,6FR","IE463","L:6","",""
"20899","WIRE,GLIDE,ANGLE TIP,.35IN DIA","IE463","L:2","","RF*GA35263A"
"21029","6FR,GLIDESHEATH,.035","IE463","L:5","","35-1060"
"22018","INJECTOR,SYRINGE KIT,ACIST,A20","IE463","L:10","","14612"
"22019","HAND CONTROLLER,CONTRAST DELIV","IE463","L:10","","14645"
"22138","NEEDLE,SAFET,18GAX1.5IN,1M","IE463","L:25","","8881850815"
"22143","NEEDLE,FILTER,18GA X 1 1/2IN","IE463","L:20","","305211"
"22289","TAPE,MEDICAL,SOFT CLOTH,4IN","IE463","L:2","","2864"
"22350","SOAP, SURGICAL HAND PREP, AVAG","IE463","L:2","","9200"
"22521","GUIDEWIRE,VASCULAR,DIA 0.035IN","IE463","L:5","","RF*GA35263A"
"22546","ADHESIVE,SKIN CLOSURE,TOPICAL","IE463","L:5","","LX6"
"22547","DEVICE,PTA INFLATION,DILATATIO","IE463","L:6","","IN4130"
"23604","WIRE,AMPLATZ,SUPER STIFF,SHORT","IE463","L:5","","M001465091"
"23695","SCISSORS-SHARP/BLUNT-5.5-STERI","IE463","L:5","","65945"
"23924","ELECTRODE-CLOTH-3M","IE463","L:6","","2570"
"23980","BATTERY,9V,NON-RECHRG,ALKALINE","IE463","L:3","","PC1604"
"24204","DRAPE,FEMORAL,ANGIOGRAPHY","IE463","L:6","","29560"
"24315","PACK,PACEMAKER","IE463","L:8","","DYNJ0388448S"
"24322","SHEATH,6FR,12CM,W/SLEEVE","IE463","L:3","","406103"
"24338","NEEDLE,INTRODUCER,PER-Q,18GA,L","IE463","L:10","","G00166"
"24340","SET,PUNCTURE,MICRO,5FR","IE463","L:3","","G12424"
"24341","SET,PUNCTURE,MICRO,6FR","IE463","L:3","","G12423"
"24353","COVER,18IN","IE463","L:2","","03-KP18"
"24355","COVER, 36 X 30","IE463","L:2","","Jan-30"
"24358","WIRE,WHOLEY","IE463","L:7","","WWIJ35145"
"24361","MULTIPACK,DIAG CATH,527-780N,6","IE463","L:10","","7660-13"
"24384","INTRODUCER,SHEATH,PER-Q,6FR,L","IE463","L:3","","CL-07645"
"24568","COVER,PROBE,3D","IE463","L:6","","20-P3D548"
"26950","WIRE,J-TIP,.025,150CM","IE463","L:6","","6682-E1"
"26968","CATHETER,3DRC,5FR,WILLIAMS RT","IE463","L:5","","DXT53DRC"
"26969","CATHETER,3DRC,6FR,WILLIAMS RT","IE463","L:5","","534676T"
"26982","CATHETER,JL4.0,4FR","IE463","L:2","","7700-20"
"26983","CATHETER,JL4.0,5FR","IE463","L:2","","7601-21"
"26984","CATHETER,JL4.0,6FR","IE463","L:3","","7501-21"
"26985","CATHETER,JL3.5,5FR","IE463","L:10","","7521-13"
"26986","CATHETER,JL5.0,5FR","IE463","L:5","","7521-33"
"26987","CATHETER,JL6.0,5FR","IE463","L:3","","7521-43"
"26988","CATHETER,JL3.5,6FR","IE463","L:6","","7501-13"
"26989","CATHETER,JL4.5,5FR","IE463","L:2","","7521-F1"
"26990","CATHETER,JL4.5,6FR","IE463","L:5","","7501-H1"
"26991","CATHETER,JL5.0,6FR","IE463","L:5","","7501-33"
"26992","CATHETER,JL6.0,6FR","IE463","L:3","","7501-43"
"26993","CATHETER,JR4.0,4FR","IE463","L:5","","7701-20"
"26995","CATH,DIAG,CARDIOLOGY,PERFORMA,","IE463","L:10","","7523-21"
"26996","CATHETER,JR5.0,5FR","IE463","L:5","","7523-33"
"26997","CATHETER,JR6.0,5FR","IE463","L:3","","7523-43"
"26998","CATHETER,JR3.5,6FR","IE463","L:5","","7503-13"
"26999","CATHETER,JR4.0,6FR","IE463","L:10","","7503-21"
"27000","CATHETER,JR5.0,6FR","IE463","L:5","","7503-33"
"27002","CATHETER,AMPLATZ,LEFT 1,5FR","IE463","L:6","","7527-13"
"27003","CATHETER,AMPLATZ,LEFT 2,5FR","IE463","L:5","","7527-23"
"27004","CATHETER,AMPLATZ,LEFT 3,5FR","IE463","L:5","","7527-33"
"27007","CATHETER,AMPLATZ,LEFT 1,6FR","IE463","L:5","","7507-13"
"27008","CATHETER,AMPLATZ,LEFT 2,6FR","IE463","L:5","","7507-23"
"27014","CATHETER,NO TORQUE,RIGHT,5FR","IE463","L:5","","7532-13"
"27016","CATHETER,INTERNAL MAMMORY,5FR","IE463","L:5","","7531-13"
"27031","CATHETER,CORONARY,BYPASS,LEFT,","IE463","L:5","","7534-13"
"27032","CATHETER,CORONARY,BYPASS,LEFT,","IE463","L:5","","7510-13"
"27033","CATHETER,CORONARY,BYPASS,RIGHT","IE463","L:5","","7534-23"
"27034","CATHETER,CORONARY,BYPASS,RIGHT","IE463","L:5","","7510-23"
"27035","CATHETER,AMPLATZ,RIGHT 1,5FR","IE463","L:5","","7528-13"
"27036","CATHETER,AMPLATZ,RIGHT 2,5FR","IE463","L:5","","7528-23"
"27038","CATHETER,AMPLATZ,RIGHT 1,6FR","IE463","L:2","","7508-13"
"27042","CATHETER,PIGTAIL,STRAIGHT,5FR","IE463","L:5","","7776-21"
"27043","CATHETER,PIGTAIL,STRAIGHT,6FR","IE463","L:3","","7509-11"
"27045","CATHETER,PIGTAIL,ANGLED,5FR","IE463","L:10","","7776-33"
"27048","CATHETER,MULTIPURPOSE A2,5FR","IE463","L:5","","7533-23"
"27049","CATHETER,MULTIPURPOSE A2,6FR","IE463","L:5","","7513-23"
"27050","DECANTER,BAG,L/F","IE463","L:6","","10-102"
"27059","DISK,COMPACT","IE463","L:5","","94839"
"27065","TAPE,MEDICAL,ELASTIC FOAM,3IN","IE463","L:2","","1528-3"
"27086","KIT,PERICARDIOCENTESIS,HI-FLOW","IE463","L:6","","PC101"
"27102","PAD,DEFIBRILLATION,ZOLL,5 X 6","IE463","L:4","","22770PC"
"27104","PAPER,EKG,FOR ZOLL M SERIES,FA","IE463","L:2","","8000-000877-01"
"27642","SEALANT,SURG,FLOSEAL,COLLAGEN/","IE463","L:4","","ADS202105"
"27832","DRESSING,ANTIMICROBIAL,BIOPATC","IE463","L:10","","ET4151"
"27893","SUTURE,VICRYL PLUS,UND BRD,SZ","IE463","L:10","","VCP946H"
"27894","SUTURE,VICRYL PLUS,SH,VCP417H","IE463","L:10","","VCP417H"
"27936","SUTURE,BRAIDED VICRYL,4-0,18IN","IE463","L:6","","J496H"
"27967","SUTURE,3/0 VICRYL PLUS,SH,VCP4","IE463","L:12","","VCP416H"
"28481","TOWEL,RAYPAQUE,SAFETY,STERILE,","IE463","L:6","","AVID262"
"28962","NEEDLE,INTRODUCER,PER-Q,18GA,L","IE463","L:1","","G00273"
"29036","CLOTH,2% CHLORHEXIDINE,GLUCONA","IE463","L:5","","9705"
"29158","SUTURE,MONOCRYL,UND MONO,SZ 4-","IE463","L:6","","MCP494G"
"29159","SUTURE,MONOCRYL,UND MONO,SZ 5-","IE463","L:6","","MCP493G"
"29611","CHLORAPREP,26ML,HI LITE,ORANGE","IE463","L:6","","930815"
"29988","NEEDLE,SAFETY,27GA,5/8INCH","IE463","L:10","","305921"
"30063","WIRE,GLIDE,ANGLE,SHAFT,150CM,.","IE463","L:10","","RF*GA35153A"
"30064","GUIDEWIRE,VASCULAR,STRAIGHT SH","IE463","L:5","","RF*GS35153A"
"32038","LINER,SUCTION,FLEX ADVANTAGE,1","IE463","L:6","","65651-920C"
"32169","CATHETER,ANGIOGRAPHIC,5F,.038I","IE463","L:5","","7560-13"
"32528","GLOVE,EXAM,NITRILE,MED,LTX-FRE","IE463","L:2","","72-50902"
"32529","GLOVE,EXAM,NITRILE,LG,LTX-FREE","IE463","L:2","","72-50903"
"32530","GLOVE,EXAM,NITRILE,XL,LTX-FREE","IE463","L:0","","72-50904"
"32973","WIRE,GLIDE,ADVANTAGE,260","IE463","L:5","","GA3502"
"33996","ELECTRODE,AED,ONESTEP","IE463","L:2","","8900-0214-01"
"34698","GUIDEWIRE,PERIPHEARAL,GWA 25CM","IE463","L:3","","RA*CA35185C"
"34699","SHEATH,GUIDING,24CM,STANDARD,T","IE463","L:8","","TRB24-REG"
"34700","SHEATH,GUIDING,29CM,LONG,TR BA","IE463","L:8","","TRB29-LRG"
"34701","GLIDESHEATH,SS,0.021 GW,21G-1,","IE463","L:10","","20-1050"
"34703","CATHETER,CORONAR,OPTITORQUE,5F","IE463","L:5","","40-5023"
"34704","CATHETER,CORONARY,OPTITORQUE,5","IE463","L:5","","40-5013"
"35069","CAP,IV,DISINFECT,CUROS,JET","IE463","L:8","","CFJ5-250"
"35192","CATHETER,SWAN-GANZ,THERMODILUT","IE463","L:5","","096F6P"
"35236","DRAPE,RADIAL,FEMORAL,ANGIO,MOV","IE463","L:6","","D2399"
"35339","GUIDEWIRE,VASCULAR,DIA 0.035IN","IE463","L:10","","6682-41"
"35346","GUIDEWIRE,VASCULAR,DIA 0.035IN","IE463","L:6","","IQ35F150S"
"35436","GUIDEWIRE,WHOLEY,DIA 0.035IN,L","IE463","L:10","","50435909"
"35451","INTRODUCER,MICRO,STIFFEN,5FR","IE463","L:5","","7272V"
"35505","CATHETER,DUAL LUMEN,PIGTAIL,6F","IE463","L:0","","5540"
"35886","DEVICE,VASCULAR CLOSURE,ANGIOS","IE463","L:5","","610130"
"36089","MITT,SURGICAL,PREP,ADHESIVE,25","IE463","L:2","","HPC19144"
"36428","SHEATH,INTRODUCER,5FR,2.5CM","IE463","L:5","","RSS502"
"36429","SHEATH,INTRODUCER,6FR,2.5CM","IE463","L:8","","RSS602"
"36430","SHEATH,INTRODUCER,8FR,2.5CM","IE463","L:5","","RSS802"
"36431","GLIDESHEATH,6FR,10CM","IE463","L:8","","40-1060"
"36752","INTERVENTIONAL,QUIKCLOT,W/OUT","IE463","L:10","","467-Z"
"36962","GLIDESHEATH,SLENDER,6FR,10CM","IE463","L:10","","80-1060"
"37827","KIT,MANIFOLD,W/TRANSDUCER","IE463","L:10","","14613"
"38031","GUIDEWIRE,FIXED CORE,J-TIP,DIS","IE463","L:10","","502455"
"38318","SENSOR,ADHESIVE,ADULT,ADTX,LNC","IE463","L:15","","1859"
"38380","BOWL,STERILE,BLUE,32OZ","IE463","L:3","","SSK9002A"
"38415","SHEATH,INTRODUCER,PERIPHERAL,6","IE463","L:5","","RSS605"
"38764","GUIDE WIRE,VERRATA PLUS PRESSU","IE463","L:5","","89185"
"38771","CATHETER,IVUS,EAGLE EYE PLATIN","IE463","L:5","","85900P"
"38786","CATHETER,TRANSFORMER,RADIAL,5F","IE463","L:5","","U5TRAN35SHA"
"38798","ENVELOPE,ABSORBABLE,ANTIBACTER","IE463","L:4","","CMRM6133"
"38824","GUIDEWIRE,VASCULAR,DIA .014IN,","IE463","L:5","","1001780"
"38840","BLADE,CLIPPER,SURGICAL,PROFESS","IE463","L:0","","9680"
"38845","CATHETER,CCO,CEDV,CSVO2,VIP,ED","IE463","L:3","","777F8"
"38922","ADAPTER,NASAL,YG-122T","IE463","L:8","","YG-122T"
"39199","CUFF,BP,1 PIECE,ADULT,TUBELESS","IE463","L:6","","SOFT-11"
"39201","CUFF,BP,1 PIECE,ADULT,LARGE,TU","IE463","L:5","","30503-14A"
"39203","CUFF,BP,1 PIECE,ADULT,LONG,TUB","IE463","L:6","","SOFT-11L"
"41082","BALLOON,SCORING,2.0X6","IE463","L:0","","2200-2006-B"
"41271","TUBING,OXYGEN CONNECTING,L 7FT","IE463","L:15","","1925"
"41595","CANNULA,NASAL,O2,NON-FLARE TIP","IE463","L:12","","1365"
"41622","SHEATH,GLIDE,6FR,KIT,SS","IE463","L:10","","20-1060"
"44196","TRAY,INSTRUMENT,PACEMAKER","IE463","L:8","","VAPX040-01"
"44545","GUIDEWIRE,TOOL,INSERTION,0.022","IE463","L:10","","MAP550"
"49683","BD E-Z SCRUB 107","IE463","L:10","","371073"
"49693","LINE,MONITORING,CAPNOFLEX,MALE","IE463","L:10","","2112888025"
"49694","CANNULA,NASAL,CO2 SAMPLING O2","IE463","L:10","","2112888012"
"50506","PENCIL,CAUTERY,ROCKER SWITCH,S","IE463","L:8","","703046000"
"50617","SET,IV ADMIN,INF,SMARTSITE,NEE","IE463","L:10","","2420-0007"
"50622","CATHETER,ULTRAFLEX,IAB,7.5FR 4","IE463","L:2","","IAB-06840-U"
"50641","IV ADMIN SET,SECONDARY,40 W/ H","IE463","L:12","","DYNDTA1540"
"50777","IMPELLA CP CATHETER WITH SMART","IE463","L:0","",""
"59134","COVER,SHOE,XL,ANTISKID","IE463","L:1","","ICP-SCNS0003"
"59256","TUBING,HIGH PRESSURE,HPC200E","IE463","L:9","","HPC200E"
"59596","BAG,EMESIS,WHITE,HDPE","IE463","L:10","","NON80331"
"59795","SET,SURELEAD,PHILIPS 5 COMPAT","IE463","L:20","","DLS-PHP5L-4F"
"61197","PLASMABLADE X 3.0S LIGHT","IE463","L:6","",""
"78731","WIRE,RUNTHROUGH,014,180CM","IE463","L:10","","TW*AS418XA"
"98010","BAG,AMBU,W/PEEP VALVE,DISP","IE463","L:2","","520-611-001"
"45","KIT,HUMIDIFIER,DISP","IE477","L:6","test1","HUD006-40"
"79","SET,IRRIGATION,UROLOGIC,Y-TYPE","IE477","L:4","test2","2C4041"
"81","KIT,SUCTION,18FR CATH,WHISTLE","IE477","L:12","","DYND40974"
"89","COVER,SHOE,SIZE 8 TO 12","IE477","L:0","","4852"
"180","STRAW,DRINKING,FLEXIBLE","IE477","L:50","","NON02315"
"214","TAPE,TRANSPORE,1IN,HYPO","IE477","L:6","","1527-1"
"215","TAPE,TRANSPORE,3IN","IE477","L:2","","1527-3"
"222","SPIROMETER,INCENTIVE,EXCERCISE","IE477","L:6","","8884719010"
"236","NEBULIZER,MICRO MIST,ADAPTER,H","IE477","L:8","","1884"
"437","MASK,AEROSOL,DISP","IE477","L:8","","1206"
"445","MOUTHWASH,4OZ,MINT,NON-ALCOHOL","IE477","L:10","","CTR000413"
"468","DIAPER,ADULT,BRIEF,LARGE,TAPE","IE477","L:12","","MSC33505"
"571","GAUZE,BANDAGE,KERLIX,4.5IN","IE477","L:12","","NON25865"
"588","CATH,URETHRAL,ROBINSON-NELATON","IE477","L:8","","8888492041"
"594","KIT,TRACH,CARE","IE477","L:3","","47890"
"865","PETROATUM,WHITE,5GM,FOILPAC","IE477","L:10","","8884433200"
"1481","ELECTRODE,EKG,DIAPH,FOAM,WET G","IE477","L:6","","2560"
"1558","VALVE,LOPEZ,ENTERNAL","IE477","L:6","","M9000-T"
"1560","STOCKING,COMPRESSION,BK,SM REG","IE477","L:2","","MDS160624"
"1583","GEL,ULTRASONIC,TRANSMISSION","IE477","L:2","","8-Mar"
"1603","BANDAGE,TUBULAR,NYLON,SZ 6,25Y","IE477","L:2","","MT06"
"1608","STRAINER,CALCULI","IE477","L:2","","2110SA"
"1622","UNDERPAD,BED,30X36IN,TRANQUILI","IE477","L:30","","2710"
"1624","ADAPTER,OXYGEN,W/NUT,STANDARD","IE477","L:6","","2555"
"1625","MASK,ADULT,PERCENTO","IE477","L:4","","1940"
"1626","CONNECTOR,TUBING,OXYGEN","IE477","L:6","","1811"
"1627","MASK,OXYGEN,NON-REBREATHER,ADU","IE477","L:3","","1060"
"1776","PACK,HOT/COLD","IE477","L:6","","33500"
"1787","BLADE,CLIPPER,SURGICAL,STERILE","IE477","L:10","","9660"
"1821","TUBE,EXTENSION,K51","IE477","L:2","","2C6226"
"1825","KIT,REMOVAL,STAPLE,STERILE,DIS","IE477","L:2","","PSX"
"1906","DRESSING,3X16IN,NONADHERENT,ST","IE477","L:12","","CUR250317"
"1912","GLOVE,SURG,NAT RUBBER,SZ 6,POW","IE477","L:6","","41160"
"1913","GLOVE,BIOGEL,6.5,STERILE","IE477","L:6","","41165"
"1914","GLOVE,NON LATEX BIOGEL,7.5,STE","IE477","L:8","","41175"
"1915","GLOVE,BIOGEL,8,STERILE","IE477","L:6","","41180"
"1917","TUBE,DRAINAGE,LEG BAG","IE477","L:3","","538"
"1919","PLUG,CATHETER","IE477","L:3","","1600"
"1954","SCALPEL,#10,W/HANDLE,DISPOSABL","IE477","L:4","","372610"
"1972","TUBE,SUCTION,YANKAUER","IE477","L:8","","K86"
"1984","DRESSING,TELFA,NONADHER,3X8,ST","IE477","L:6","","1238"
"1994","SYRINGE,10CC,L/L","IE477","L:14","","302995"
"1998","CUP,DENTURE,8OZ,W/LID,PLASTIC","IE477","L:8","","DYND70293"
"2016","STETHOSCOPE,MANUAL,DUAL HEAD,L","IE477","L:6","","6515-00-NIB-0115"
"2032","WOUND,CLOSURE STRIP,1/2IN X 4I","IE477","L:5","","R1547"
"2041","DRESSING,TRANSPARENT,4X4 3/4IN","IE477","L:12","","1616"
"2043","DRESSING,IMPREGNATED,3 X 3IN,O","IE477","L:6","","6112"
"2045","GAUZE,IODOFORM,PACKING,STERILE","IE477","L:2","","7833"
"2053","BAG,LEG,URINE,32OZ","IE477","L:4","","DYND12578"
"2084","BEDPAN,PONTOON,PLSTC,CONTOURED","IE477","L:3","","DYND88205"
"2087","STOCKING,COMPRESSION,BK,LG REG","IE477","L:2","","7203"
"2189","WIPES,PERSONAL,TOWELETTE,PRE-M","IE477","L:100","","MDS094181"
"2238","MASK,ADULT,TRACH,DISP","IE477","L:6","","1075"
"2242","MASK,OXYGEN,ADULT SZ 6","IE477","L:4","","HUD1930"
"2314","BEDPAN,FRACTURE,PLSTC,REUSABLE","IE477","L:4","","DYNC8522"
"2518","GAUZE,PETROLEUM,3X18I,NONADH","IE477","L:4","","MAY884414600Z"
"2622","CATHETER,3WAY,24FR,30CC","IE477","L:3","","0167L24"
"2645","CATHETER,ROBINSON,16FR","IE477","L:12","","277716"
"2648","CATH,URETHRAL,STR,18FR,HOLLOW","IE477","L:6","","277718"
"3427","BAG,PLASTIC,12X16IN","IE477","L:20","","EKN5396"
"3769","BANDAGE,COBAN,2IN,NONSTERILE","IE477","L:16","","2082"
"5595","GLOVE,BIOGEL,7,STERILE","IE477","L:8","","41170"
"5960","SPONGE,GAUZE,2 X 2IN,STER,8-PL","IE477","L:50","","1806G"
"5991","BAG,BODY,POLYOLEFIN,40 X 96IN,","IE477","L:2","","55701-00-MBC"
"6251","TUBE,FEEDING NG 8FR W/STLET 3G","IE477","L:4","","20-7438"
"6291","TAPE,ADHESIVE,CLOTH,1IN","IE477","L:6","","1538-1"
"6353","APPLICATOR,TIPPED,COTTO,L 6IN,","IE477","L:8","","MDS202000"
"6357","TISSUE,FACIAL,2-PLY,8 X 8IN,10","IE477","L:14","","48550"
"6555","BAG,TRANSPORT,SPECIMEN,BIOHAZA","IE477","L:100","","AR69P"
"6691","PIN,SAFETY,LARGE,NON STERILE","IE477","L:0","","MDT223025Z"
"7102","FLOSS WAXED","IE477","L:15","","1115A"
"7751","CUSHION,CHAIR,AIR,2X18X17INCHE","IE477","L:0","","2770100000"
"9057","BATTERY,AA,NONRECHARGEABLE,ALK","IE477","L:96","","PC1500"
"9059","CATHETER,EXT,SIL,MED","IE477","L:0","","33102"
"9295","PAD,ALCOHOL,70% ISOPROPYL","IE477","L:800","","6818"
"9296","BANDAID,ADHESIVE,PLASTIC,STRIP","IE477","L:100","","44101"
"9299","KIT,SUCTIO,14FR CATH,WHISTLE T","IE477","L:5","","37424"
"9300","DEPRESSOR,TONGUE,WOOD,STL","IE477","L:8","","C1560-006"
"9301","SPONGE,GAUZE,4 X 4IN,100% COTT","IE477","L:50","","3033G"
"9305","DRESSING,GEN USE,ABD PAD,8 X 1","IE477","L:22","","9194A"
"9306","SPONGE,GAUZE,DRAIN,4 X 4IN,6-P","IE477","L:36","","7086"
"9311","BASIN,EMESIS,DISP,PLASTIC","IE477","L:6","","DYND80327N"
"9312","COTTON BALL,UNCOVERED,DIA 2IN,","IE477","L:4","","MDS21463"
"9313","CUP,STYROFOAM,6OZ,DISP","IE477","L:5","","6J6"
"9414","TUBING,SUCTION,L 6FT,FEMALE CO","IE477","L:14","","8888301515"
"9415","URINAL,MALE,PLSTC,1000ML,W/LID","IE477","L:16","","DYND80235S"
"9419","TRAY,CATHETERIZATION,FOLEY","IE477","L:6","","5029"
"9420","TRAY,IRRIGATION","IE477","L:4","","68800"
"9427","SYRINGE,3CC,L/L","IE477","L:40","","1180300777"
"9434","SYRINGE,30CC,L/L","IE477","L:4","","8881535762"
"9436","SYRINGE,60CC,CATH TIP","IE477","L:2","","309620"
"9627","KIT,REMOVAL,SUTURE,STERILE,DIS","IE477","L:6","","Jun-00"
"9720","RAZOR,SURGICAL,DBLE EDGED","IE477","L:20","","BRN1312"
"9871","BAG,ENEMA,1500ML,PRE-LUBRICATE","IE477","L:6","","DYND70102"
"9919","BOTTLE,SPECIMEN,URINE,24HR","IE477","L:2","","DYND80024"
"10043","TAPE,MEDICAL,ELASTIC FOAM,SURG","IE477","L:3","","1528-1"
"10310","BATTERY,C,NONRECHARGE","IE477","L:6","","PC1400"
"10377","BATTERY,ALKALINE,SZ D,DURACELL","IE477","L:8","","MN1300CT"
"10931","TAPE,ADHESIVE,PAPER,1I,HYPO","IE477","L:3","","1530-1"
"10934","SNGE,5ML,LUER LOCK","IE477","L:40","","309646"
"10936","SYRINGE,W/O NEEDLE,20ML,LL TIP","IE477","L:4","","1182000777"
"10938","CUP,MEDICINE,10Z,PLASTIC","IE477","L:4","","DYND80000N"
"12075","ADAPTER,MULTIPLE,SAMPLE","IE477","L:8","","367290"
"12112","PLUG,PROTECTION,EAR","IE477","L:12","","MAX-1"
"12205","PAD,SANITARY,MATERNITY,3 X 11I","IE477","L:8","","1380A"
"12562","TOOTHBRUSH,STRAIGHT,ADULT SIZE","IE477","L:24","","55501"
"13310","KIT,IV START,STERILE,L/F,CHLOR","IE477","L:24","","74464"
"13492","COMB,HAIR,PLASTIC,5IN","IE477","L:16","","MDS137007Z"
"14527","TUBE,NG,SALEM SUMP,PVC,16FR","IE477","L:3","","8888266130"
"14528","TUBE,NG,SALEM SUMP,PVC,18FR","IE477","L:3","","8888266148"
"15911","RING,BARRIER,SKIN","IE477","L:10","","7805"
"16101","BARRIER,1.75IN WITH,FLANGE,2.2","IE477","L:5","","14603"
"16466","STRAP,CATH,LEG,FABRIC,VELCRO C","IE477","L:4","","316"
"16927","LANCET,SAFETY,1.8MM,21GA","IE477","L:2","","8290366577"
"17204","BAG,DRAINAGE,4000ML","IE477","L:4","","153509"
"17597","ELECTRODE,EKG,RESTING,CONDUCTI","IE477","L:5","","31433538"
"17853","DEVICE, ANCHORING, STATLOCK","IE477","L:3","","VPPDFP"
"18141","DRESSING,GEN USE,ISLAND,4 X 4I","IE477","L:8","","7550"
"18274","REMOVER,ADHESIVE,WIPE","IE477","L:20","","30039"
"18816","PAPER,EKG,THERMAL,RED GRID","IE477","L:3","","1272335"
"18932","DRESSING,TRANSPARENT,2 3/8INX2","IE477","L:12","","1624W"
"19551","BANDAGE,ELASTIC,SAFEWRAP,LF,4I","IE477","L:3","","MDS087004LF"
"19552","BANDAGE,ELASTIC,COMPRESSION,6I","IE477","L:3","","MDS087006LFG"
"19676","CATHETER,IV,SAFETY,18GA X1.25I","IE477","L:4","","3065"
"19677","CATHETER,IV,SAFETY,20GAX1.25IN","IE477","L:10","","3066"
"19678","CATHETER,IV,SAFETY,22GAX1IN","IE477","L:10","","306001"
"19845","DRESSING,FOAM,4 X 4IN,SQ,WATER","IE477","L:10","","55544"
"19968","SET,BLOOD ADMIN,200 MICRON FIL","IE477","L:6","","2477-0007"
"20047","SET,EXTENSION,NEEDLELESS,VALVE","IE477","L:12","","MC33150"
"20057","CANNULA,NEEDLELESS,ACCESS VALV","IE477","L:12","","MC100"
"20187","CANISTER,NEG PRESS DRESS SYS,W","IE477","L:2","","M8275071/10"
"20557","WIPES,CLEANING,GERMICIDAL,HARD","IE477","L:0","","P13872"
"20629","CUP,URINE,NONSTERILE,BLUE TOP","IE477","L:10","","364975"
"20637","SLEEVE,SKIN,LARGE","IE477","L:5","","6000L"
"22138","NEEDLE,SAFET,18GAX1.5IN,1M","IE477","L:5","","8881850815"
"22140","NEEDLE,SAFETY,25GAX5/8IN","IE477","L:10","","8881850558"
"22142","NEEDLE,SAFETY,21GAX1IN,1M","IE477","L:10","","305915"
"22143","NEEDLE,FILTER,18GA X 1 1/2IN","IE477","L:10","","305211"
"22288","TAPE,MEDICAL,SOFT CLOTH,2IN","IE477","L:6","","2862"
"22289","TAPE,MEDICAL,SOFT CLOTH,4IN","IE477","L:4","","2864"
"22309","POUCH,DRAINAGE,2PC","IE477","L:8","","18134"
"22310","WAFER,OSTOMY,CENTERPOINT LOCK,","IE477","L:8","","14604"
"22351","SYRINGE,TB,1CC,28GAX1/2IN,SAFE","IE477","L:20","","8881882812"
"22352","SYRINGE,INSULIN,1CC,29GAX1/2IN","IE477","L:80","","8881892910"
"22755","DIAPER,ADULT,XLARGE","IE477","L:15","","66035"
"22917","TABLET,DENTURE,CLEANSER","IE477","L:15","","MDS136405"
"22929","BRIDLE,PRO,AMT,8F-10F","IE477","L:4","","4-420810"
"22930","BRIDLE,PRO,AMT,16F-18F","IE477","L:4","","4-421618"
"23111","OXYMASK,OXYGEN,MASK","IE477","L:5","","OM11258ML"
"23157","STRIP,GLUCOSE TESTING,ACCU-CHE","IE477","L:5","","5942861001"
"23158","EAR PROTECTORS E-Z WRAP","IE477","L:3","","1016050"
"23695","SCISSORS-SHARP/BLUNT-5.5-STERI","IE477","L:4","","65945"
"23725","TOURNIQUET,.75X18INCH,LATEX FR","IE477","L:2","","367203"
"23927","DEVICE,BLOOD COLLECTION,BLOOD","IE477","L:6","","36488000"
"23967","SENSOR,CHAIR, 6 MO","IE477","L:4","","8309"
"23968","LABEL,GENERAL USE,2 X 1.25IN,1","IE477","L:2","","THERMD50"
"23971","TUBE,SILK,FEEDING,NG,10FR","IE477","L:4","","20-9551"
"24113","NEEDLE HOLDER,STACKABLE","IE477","L:12","","364815"
"24168","POWDER,STOMA,ADAPT","IE477","L:1","","7906"
"24574","DEVICE,IV,CV PLUS,STATLOCK","IE477","L:4","","BRDCV0220H"
"24811","COVER,THERMOMETER PROBE,SURETE","IE477","L:10","","05031-750"
"27022","DRESSING,HYDROCOLLOID,4 X 5IN,","IE477","L:3","","422299"
"27104","PAPER,EKG,FOR ZOLL M SERIES,FA","IE477","L:2","","8000-000877-01"
"27871","MEPILEX,BORDER LITE,3X3","IE477","L:5","","595200"
"27976","SET,INFUSION,PCA,90IN,LATEX FR","IE477","L:4","","30873"
"28018","DEVICE,CATH SECUREMENT,FOLE,ST","IE477","L:5","","FOL0102"
"29477","POUCH,DRAINABLE,OSTOMY,SEN SUR","IE477","L:6","","15521"
"29493","SOLUTION,IRRIGATION,STER WATER","IE477","L:8","","2F7112"
"29494","SOLUTION,IRRIGATION,0.9% NACL,","IE477","L:8","","R5201-01"
"29660","SLEEVE,FULL ARM,SHOWER PROT,RE","IE477","L:8","","12106"
"29885","CHLORAPREP,ONE STEP,3ML","IE477","L:10","","930400"
"29988","NEEDLE,SAFETY,27GA,5/8INCH","IE477","L:10","","305921"
"30016","DRESSING,BORDER LITE,MEPILEX,4","IE477","L:15","","595300"
"30039","DRESSING,XEROFORM,PETROLATUM,F","IE477","L:8","","8884433605"
"30042","POWDER,TALCUM,1.5 OZ","IE477","L:8","","5256"
"30062","WASH,SHAMPOO,BODY,4OZ","IE477","L:10","","MSC092SBW04"
"30091","CUFF,CALF,SCD,DISPOSABLE,VENAF","IE477","L:4","","3040"
"30172","TOOTHPASTE,TUBE,.85 OZ","IE477","L:24","","9782"
"30199","ADHESIVE,CREAM,FIXODENT","IE477","L:4","","80717506"
"30262","SOLUTION,POVIDONE IODINE,10%,1","IE477","L:4","","DYNDA2232A"
"31669","BARRIER,CREAM,PROTEC,4OZ","IE477","L:10","","325614"
"31670","FOAM,CLEANSING,ALOE VESTA,8OZ","IE477","L:6","","MSC092104"
"31896","DEVICE,STATLOCK,325PSI","IE477","L:4","","IV0563P"
"32038","LINER,SUCTION,FLEX ADVANTAGE,1","IE477","L:6","","65651-920C"
"32186","DRESSING,FOAM,SILICONE,4X8INCH","IE477","L:8","","496405"
"32450","UNDERWEAR,MESH,DISPOSABLE,XL","IE477","L:10","","MSC86400"
"32463","ADHESIVE,LIQUID,MASTISOL","IE477","L:6","","0523-48"
"32527","GLOVE,EXAM,NITRILE,SM,LTX-FREE","IE477","L:4","","72-50901"
"32528","GLOVE,EXAM,NITRILE,MED,LTX-FRE","IE477","L:4","","72-50902"
"32529","GLOVE,EXAM,NITRILE,LG,LTX-FREE","IE477","L:4","","72-50903"
"32530","GLOVE,EXAM,NITRILE,XL,LTX-FREE","IE477","L:4","","72-50904"
"32679","CREAM,SKIN REPAIR,REMEDY,4OZ","IE477","L:10","","MSC0924004"
"32983","TOOTHBRUSH,ORAL CARE","IE477","L:10","","6572"
"33823","DIAPER,ADULT,PULL ON BRIEF,MED","IE477","L:18","","2975-100"
"33830","POUCH,DRAINABLE,1.75X2.25","IE477","L:10","","18183"
"33904","BAD,PATIENT,IDENTIFICATION,SEC","IE477","L:2","","SC-1-LA"
"33930","DIAPER,ADULT,PULL ON BRIEF,LG","IE477","L:36","","2116"
"33996","ELECTRODE,AED,ONESTEP","IE477","L:0","","8900-0214-01"
"34708","DIAPER,BRIEF,ADULT,XXL","IE477","L:12","","2118"
"34972","ADHESIVE,RELEASER,STING FREE","IE477","L:2","","420798"
"35035","WIPES,DISPOSABLE,GERMICIDAL,SA","IE477","L:0","","Q55172"
"35041","CLOTH,CHLORHEXIDINE,GLUCONATE","IE477","L:6","","9717"
"35069","CAP,IV,DISINFECT,CUROS,JET","IE477","L:50","","CFJ5-250"
"35140","DIAPER,ADULT,X-LARGE,PULL-UP,E","IE477","L:15","","2117"
"35362","BAG,PLASTIC,BEDSIDE,6.5X3.5X11","IE477","L:100","","NON24309P"
"35486","FLUSH,SALINE,10ML,IN 10ML SYR,","IE477","L:150","","306546"
"35511","JELLY,SURGILUBE,STERILE,5GM","IE477","L:25","","281020545"
"35655","SPLITTER,TABLET,CUT IN HALF,PL","IE477","L:5","","67015BC1"
"35658","PILL CRUSHER","IE477","L:5","","71091"
"35845","FOOTWEAR,PATIENT,NON-SKID,MED,","IE477","L:8","","68125-TM"
"35846","FOOTWEAR,PATIENT,YELLOW,XL","IE477","L:8","","68125-YXLA"
"35847","FOOTWEAR,PATIENT,3XL","IE477","L:8","","68125-PUR"
"35848","FOOTWEAR,PATIENT,BROWN,BARIATR","IE477","L:12","","68125-BRN"
"35976","CUSHION,CHAIR,AIR,BARIATRIC,22","IE477","L:0","","2770-200-000"
"36472","NEEDLE,GRIPPER PLUS,HUBER,.75I","IE477","L:5","","21-3465-24"
"37163","BASIN,WASH,PLASTIC,DISPOSABLE,","IE477","L:30","","DYND80347"
"37293","BAG,EMESIS,BLUE","IE477","L:12","","EME-BAG"
"37636","NEEDLE,HYPO,20GAX1.5IN,SAFETY,","IE477","L:4","","8881850015"
"37957","APPLICATOR,ULTRAMIST","IE477","L:2","","CP-80040"
"37985","WIPES,CLEANING,GERMICIDAL,HARD","IE477","L:0","","P54072"
"38101","GLASSES,SAFETY,PLSTC LES,CLR,U","IE477","L:3","","SV50A"
"38220","MITT,PEAK A BOO","IE477","L:2","","2811"
"38318","SENSOR,ADHESIVE,ADULT,ADTX,LNC","IE477","L:20","","1859"
"38459","CAP,MALE,TIPS,DISINFECTION,3M","IE477","L:50","","CM5-200"
"38682","CONNECTOR,TRANSITION,ENFIT","IE477","L:5","","VED-001"
"38683","SYRINGE,ENTERAL,MONOJET,ENFIT,","IE477","L:4","","460SE"
"38875","TRAY,CATHETER,ITNTERMITTENT,14","IE477","L:4","","DYND10402"
"38923","BINDER,ABDOMINAL 9IN COMFORT,3","IE477","L:0","","79-89070"
"39014","CATHETER,MALE EXTERNAL,LIBERTY","IE477","L:6","","2102610"
"39199","CUFF,BP,1 PIECE,ADULT,TUBELESS","IE477","L:20","","SOFT-11"
"39201","CUFF,BP,1 PIECE,ADULT,LARGE,TU","IE477","L:6","","30503-14A"
"39202","CUFF,BP,1 PIECE,ADULT,SMALL,TU","IE477","L:10","","30503-12A"
"39203","CUFF,BP,1 PIECE,ADULT,LONG,TUB","IE477","L:10","","SOFT-11L"
"39218","HOLDER,LIMB,FOAM","IE477","L:3","","2532"
"39581","MEPILEX,BORDER,SACRUM,16X20CM","IE477","L:10","","282055"
"39961","BARRIER FILM,CAVILION,1.0ML WI","IE477","L:10","","3344"
"40480","CONECTOR,ACE,W/ ENTERNAL ACCES","IE477","L:3","","485"
"40483","SYRINGE,FEEDING,ENFIT,60CC","IE477","L:4","","ENF60"
"40668","NEEDLE,BUTTERFLY,ULTRATOUCH,25","IE477","L:8","","367363"
"40909","DEODORANT,ROLL ON,1.5 OZ","IE477","L:10","","MSC095010"
"40947","POUCH,TELEMETRY,WHITE POLYESTE","IE477","L:6","","9.89803E+11"
"41271","TUBING,OXYGEN CONNECTING,L 7FT","IE477","L:10","","1925"
"41341","CONTAINER,URINE COLLECTION,COM","IE477","L:4","","2500SA"
"41402","TUBE,FEEDING,NASOGASTRIC,NASOI","IE477","L:4","","40-9551"
"41592","DRESSING,GEL,TEGADERM CHG","IE477","L:3","","1877-2100"
"41595","CANNULA,NASAL,O2,NON-FLARE TIP","IE477","L:6","","1365"
"41960","PULSE,OXIMETER","IE477","L:4","","81560630"
"42036","LINER,PITCHER,PLSTC,CARAFE,1QT","IE477","L:100","","DYND80528"
"42037","PITCHER,HANDLE,W/LID,GRAPHITE","IE477","L:20","","DYND80535N"
"42180","LINERS,COMMODE","IE477","L:2","","MDSBSPROBE"
"42667","EAR BUD,WHT,MAXELL,EB95","IE477","L:16","","AE-215"
"42720","CATHETER,FEMALE,PUREWICK","IE477","L:8","","PWF030F"
"42735","MASK,FACE,PROCEDURE,FULL PLTD,","IE477","L:150","","PPE-M-AS-SUR-S"
"42781","PACK,GEL,HOT,COLD,LRG,REUSABLE","IE477","L:4","","80104"
"43116","SLIPPER,FALL PREVENTION,YELLOW","IE477","L:0","","MDTPS4B04FPY"
"43117","SLIPPER,FALL PREVENTION,YELLOW","IE477","L:5","","M3044-B"
"43118","SLIPPER,FALL PREVENTION,YELLOW","IE477","L:12","","MDTPS4B05FPY"
"44714","TEST,COVID19,ANTIGEN,OTC,SELF-","IE477","L:0","","195264"
"45122","KIT,CATH,FOLE,16FR,SIL,LTX-FRE","IE477","L:2","","URO170816"
"48228","NOSA,MENTHOL,NASAL,PLUG,PK/100","IE477","L:10","","NO110901"
"48478","WRAP,INCONTINENCE,QUICKCHANGE","IE477","L:25","","UIM1025"
"48763","SHIELD,SHOWER,7 X 7,DISP","IE477","L:5","","SS77"
"48862","PACK,HOT,INSTANT,5X7","IE477","L:5","","MDS149010"
"49967","CATHETER,MALE,PUREWICK","IE477","L:8","","PWM030"
"50056","SET,FEEDING,THICK FORMULA W/FL","IE477","L:3","","E10FFR"
"50166","DRESSING,SACRUM,OPTIVIEW","IE477","L:10","","MSCOV77EP"
"50209","BAG,ENTERAL,KANGAROO,OMNI,W/FL","IE477","L:6","","BSPFF"
"50210","BAG,ENTERAL,DUAL,KANGAROO,OMNI","IE477","L:4","","B10FF"
"50230","DRESSING,OPTIVIEW,SACRUM,9X9","IE477","L:10","","MSCOV99EP"
"50294","CREAM,SKIN,PHYTOPLEX,12.5% DMT","IE477","L:10","","MSC092562"
"50295","PROTECTOR,HEEL,FOOTCHECK,W WE","IE477","L:2","",""
"50348","WEDGE,POSITIONING,16X11X5IN,CO","IE477","L:2","",""
"50416","OINTMENT, ANTIFUNGAL, PHYTOPLE","IE477","L:0","",""
"50419","CLEANSER DERMAL OR PERINEAL NE","IE477","L:10","","MSC095311"
"50420","WIPES,PERSONAL,SKIN CLEANSING/","IE477","L:20","","MSC092503"
"50421","WIPE,PERSONAL,CLEANSING,PRE-MO","IE477","L:10","","MSC095102"
"50422","CAP,SHAMPOO/CONDITIONER,ALL IN","IE477","L:5","",""
"50423","LIPBALM,REMEDY,PHYTOPLEX,0.15","IE477","L:20","",""
"50545","CULTURE,VENIPUNCTURE,23GA,BLOO","IE477","L:5","","CA58825"
"50613","UNDERPAD INCONTINENCE COMFORTG","IE477","L:5","",""
"50617","SET,IV ADMIN,INF,SMARTSITE,NEE","IE477","L:20","","2420-0007"
"50641","IV ADMIN SET,SECONDARY,40 W/ H","IE477","L:20","","DYNDTA1540"
"50803","KIT,DRESSING,CENTRAL LINE,PICC","IE477","L:5","",""
"51102","SLING TWIN TURNER REG DISP","IE477","L:4","","287501"
"51103","KIT PATIENT TRANSFER HOVERMATT","IE477","L:2","",""
"59215","HYPICHLOROUS,WOUND,WASH","IE477","L:3","","6517"
"59596","BAG,EMESIS,WHITE,HDPE","IE477","L:12","","NON80331"
"59597","CUP,SPECIMEN,WHT","IE477","L:10","",""
"59795","SET,SURELEAD,PHILIPS 5 COMPAT","IE477","L:10","","DLS-PHP5L-4F"
"59848","SWAB COLLECTION ANALYZER PART","IE477","L:10","",""
"60061","KIT,SHAVING,1.5OZ,CREAM DISPOS","IE477","L:6","","DYKD2001S"
"61269","SLING,COMFORT HIGH,POLYPROPYLE","IE477","L:5","",""
"61270","SLING,COMFORT,LARGE,POLY,DISPO","IE477","L:5","",""
"61271","SLING,COMFORT,X-LARGE,POLY,DIS","IE477","L:5","",""
"61404","BOTTLE,DRAINAGE,1000ML,SPIKE-A","IE477","L:5","","JGGSV1000SSP"
"96017","FORCEP,KELLY,CVD,5.5IN,DISP","IE477","L:6","","SS09-0627 F"
"98006","BATTERY,AAA,NONRECHARGEABLE,AL","IE477","L:24","","PC2400"
"99015","BAG,PATIENT,BELONGING","IE477","L:20","","BIOBAGGY1820"
"129613","CANNULA,BLUNT,PLASTIC","IE477","L:50","","8881540111"
"129805","LABEL,BARCODE,1INX3IN","IE477","L:3","","DTL893"
"15","SYRINGE,BULB,EAR,3 OZ","IE480","L:2","","DYND70277"
"79","SET,IRRIGATION,UROLOGIC,Y-TYPE","IE480","L:2","test2","2C4041"
"81","KIT,SUCTION,18FR CATH,WHISTLE","IE480","L:4","","DYND40974"
"214","TAPE,TRANSPORE,1IN,HYPO","IE480","L:4","","1527-1"
"215","TAPE,TRANSPORE,3IN","IE480","L:2","","1527-3"
"222","SPIROMETER,INCENTIVE,EXCERCISE","IE480","L:2","","8884719010"
"236","NEBULIZER,MICRO MIST,ADAPTER,H","IE480","L:10","","1884"
"434","GAUZE,OR,4X4,STERILE","IE480","L:10","","8045"
"437","MASK,AEROSOL,DISP","IE480","L:6","","1206"
"463","TUBE,VACUUMBLOOD,13 X 100MM,5M","IE480","L:2","","367986"
"468","DIAPER,ADULT,BRIEF,LARGE,TAPE","IE480","L:4","","MSC33505"
"469","DIAPER,ADULT,BRIEF,MED,WHITE,D","IE480","L:4","","60033"
"571","GAUZE,BANDAGE,KERLIX,4.5IN","IE480","L:15","","NON25865"
"594","KIT,TRACH,CARE","IE480","L:4","","47890"
"1488","TIP,SUCTION,FRAZIER,18FR,STERI","IE480","L:4","","33180"
"1569","TAPE,HOLDER,ENDOTRACHIEL,ET","IE480","L:4","","11010"
"1583","GEL,ULTRASONIC,TRANSMISSION","IE480","L:2","","8-Mar"
"1601","SURGIFIX,SZ#3","IE480","L:2","","MT03"
"1603","BANDAGE,TUBULAR,NYLON,SZ 6,25Y","IE480","L:2","","MT06"
"1604","SURGIFIX,SZ#8","IE480","L:2","","MT08"
"1608","STRAINER,CALCULI","IE480","L:2","","2110SA"
"1622","UNDERPAD,BED,30X36IN,TRANQUILI","IE480","L:15","","2710"
"1625","MASK,ADULT,PERCENTO","IE480","L:4","","1940"
"1626","CONNECTOR,TUBING,OXYGEN","IE480","L:10","","1811"
"1627","MASK,OXYGEN,NON-REBREATHER,ADU","IE480","L:4","","1060"
"1776","PACK,HOT/COLD","IE480","L:4","","33500"
"1827","NEEDLE,27GA X 1.5IN,DISPOSABLE","IE480","L:20","","1188827112"
"1905","PAD,EYE,LG,2 1/8 X 2 5/8IN,IND","IE480","L:4","","NON21601"
"1912","GLOVE,SURG,NAT RUBBER,SZ 6,POW","IE480","L:6","","41160"
"1913","GLOVE,BIOGEL,6.5,STERILE","IE480","L:6","","41165"
"1914","GLOVE,NON LATEX BIOGEL,7.5,STE","IE480","L:6","","41175"
"1915","GLOVE,BIOGEL,8,STERILE","IE480","L:6","","41180"
"1917","TUBE,DRAINAGE,LEG BAG","IE480","L:4","","538"
"1967","SHIELD,EYE,FOX,ALUMINUM","IE480","L:2","","1276"
"1972","TUBE,SUCTION,YANKAUER","IE480","L:4","","K86"
"1975","WOUND,CLOSURE STRIP,1/4IN X 4I","IE480","L:4","","R1546"
"1984","DRESSING,TELFA,NONADHER,3X8,ST","IE480","L:10","","1238"
"1986","PACKING,WOUND,PLN,1/2IN X 5YD,","IE480","L:3","","7632"
"1988","GAUZE,IODOFORM,1/2IN","IE480","L:3","","7832"
"1994","SYRINGE,10CC,L/L","IE480","L:50","","302995"
"1996","BANDAGE,ELASTOPLAST,3IN,UNSTER","IE480","L:2","","2595002"
"1998","CUP,DENTURE,8OZ,W/LID,PLASTIC","IE480","L:5","","DYND70293"
"2016","STETHOSCOPE,MANUAL,DUAL HEAD,L","IE480","L:6","","6515-00-NIB-0115"
"2032","WOUND,CLOSURE STRIP,1/2IN X 4I","IE480","L:4","","R1547"
"2041","DRESSING,TRANSPARENT,4X4 3/4IN","IE480","L:8","","1616"
"2042","DRESSING,TRANSPARENT,10INX5 1/","IE480","L:4","","1628"
"2043","DRESSING,IMPREGNATED,3 X 3IN,O","IE480","L:10","","6112"
"2044","GAUZE,1/2 X 72IN,PETEROLEUM,NO","IE480","L:4","","CUR251272Z"
"2084","BEDPAN,PONTOON,PLSTC,CONTOURED","IE480","L:2","","DYND88205"
"2189","WIPES,PERSONAL,TOWELETTE,PRE-M","IE480","L:55","","MDS094181"
"2238","MASK,ADULT,TRACH,DISP","IE480","L:4","","1075"
"2317","TAPE ISOLATION SELF STICKING","IE480","L:8","","N-19"
"2343","SPECULA,OTOSCOPE,SMALL,4.25MM","IE480","L:6","","52434-U"
"2510","PATCH,EYE,SURGICAL","IE480","L:2","","1275"
"2530","CAUTERY,LOW TEMP,STERILE","IE480","L:2","","ESCT000"
"2800","GLOVE,BIOGEL,8.5,STERILE","IE480","L:6","","41185"
"3769","BANDAGE,COBAN,2IN,NONSTERILE","IE480","L:14","","2082"
"4223","TUBE,VACUUM BLOOD,13 X 75MM,4M","IE480","L:4","","367922"
"5045","SOLUTION,IRRIGATION,0.9% NACL,","IE480","L:6","","2F7123"
"5047","SOLUTION,IRRIGATION,STER WATER","IE480","L:6","","2F7113"
"5070","SOLUTION,INTRAVENOUS,IN 0.9% N","IE480","L:0","","2B1322Q"
"5077","SOLUTION,IRRIGATION,0.9% NACL,","IE480","L:4","","R8206"
"5410","BRUSH,SURGICAL,DRY,W/O DETERGE","IE480","L:4","","371603"
"5595","GLOVE,BIOGEL,7,STERILE","IE480","L:6","","41170"
"5645","IV,STAT,2","IE480","L:10","","MFS132"
"5960","SPONGE,GAUZE,2 X 2IN,STER,8-PL","IE480","L:150","","1806G"
"5991","BAG,BODY,POLYOLEFIN,40 X 96IN,","IE480","L:2","","55701-00-MBC"
"6086","MASK,SURGICAL,W/SHIELD,TIE","IE480","L:50","","15330"
"6144","BINDER,ABDOMINAL,UNIV LONG,HT","IE480","L:2","","79-89091"
"6147","BIDER,ABDOMINAL,UNIV LONG,HT 9","IE480","L:2","","ORT21110LXL"
"6291","TAPE,ADHESIVE,CLOTH,1IN","IE480","L:4","","1538-1"
"6292","TAPE,ADHESIVE,CLOTH,2IN","IE480","L:4","","1538-2"
"6353","APPLICATOR,TIPPED,COTTO,L 6IN,","IE480","L:100","","MDS202000"
"6357","TISSUE,FACIAL,2-PLY,8 X 8IN,10","IE480","L:12","","48550"
"6555","BAG,TRANSPORT,SPECIMEN,BIOHAZA","IE480","L:200","","AR69P"
"6691","PIN,SAFETY,LARGE,NON STERILE","IE480","L:8","","MDT223025Z"
"7722","DETECTOR,ADULT,CO2,EASY CAP,II","IE480","L:2","","EASYCAP II 6"
"9057","BATTERY,AA,NONRECHARGEABLE,ALK","IE480","L:8","","PC1500"
"9295","PAD,ALCOHOL,70% ISOPROPYL","IE480","L:800","","6818"
"9296","BANDAID,ADHESIVE,PLASTIC,STRIP","IE480","L:50","","44101"
"9299","KIT,SUCTION,14FR CATH,WHISTLE","IE480","L:4","","37424"
"9300","DEPRESSOR,TONGUE,WOOD,STL","IE480","L:15","","C1560-006"
"9301","SPONGE,GAUZE,4 X 4IN,100% COTT","IE480","L:75","","3033G"
"9305","DRESSING,GEN USE,ABD PAD,8 X 1","IE480","L:12","","9194A"
"9309","BAG,PAPER,GROCERY,# 25","IE480","L:20","","NONBPB25H"
"9311","BASIN,EMESIS,DISP,PLASTIC","IE480","L:20","","DYND80327N"
"9312","COTTON BALL,UNCOVERED,DIA 2IN,","IE480","L:2","","MDS21463"
"9313","CUP,STYROFOAM,6OZ,DISP","IE480","L:4","","6J6"
"9333","GOWN,SURG,REINFORCED,LG","IE480","L:2","","9011EL"
"9414","TUBING,SUCTION,L 6FT,FEMALE CO","IE480","L:4","","8888301515"
"9415","URINAL,MALE,PLSTC,1000ML,W/LID","IE480","L:40","","DYND80235S"
"9419","TRAY,CATHETERIZATION,FOLEY","IE480","L:2","","5029"
"9420","TRAY,IRRIGATION","IE480","L:4","","68800"
"9421","SET,IV ADMIN EXT,L 20IN","IE480","L:4","","V5406"
"9427","SYRINGE,3CC,L/L","IE480","L:60","","1180300777"
"9434","SYRINGE,30CC,L/L","IE480","L:10","","8881535762"
"9436","SYRINGE,60CC,CATH TIP","IE480","L:6","","309620"
"9871","BAG,ENEMA,1500ML,PRE-LUBRICATE","IE480","L:1","","DYND70102"
"10310","BATTERY,C,NONRECHARGE","IE480","L:2","","PC1400"
"10377","BATTERY,ALKALINE,SZ D,DURACELL","IE480","L:2","","MN1300CT"
"10931","TAPE,ADHESIVE,PAPER,1I,HYPO","IE480","L:4","","1530-1"
"10932","TAPE,ADHESIVE,PAPER,2IN","IE480","L:4","","1530-2"
"10934","SNGE,5ML,LUER LOCK","IE480","L:100","","309646"
"10936","SYRINGE,W/O NEEDLE,20ML,LL TIP","IE480","L:20","","1182000777"
"10938","CUP,MEDICINE,10Z,PLASTIC","IE480","L:1","","DYND80000N"
"11904","SLIG,SWATHE,UNIVERSAL,CUTAWAY","IE480","L:2","","79-84230"
"12075","ADAPTER,MULTIPLE,SAMPLE","IE480","L:200","","367290"
"12205","PAD,SANITARY,MATERNITY,3 X 11I","IE480","L:6","","1380A"
"13773","COLLAR,CERVICAL,FOAM,3IN","IE480","L:2","","1500-00"
"13789","COLLAR, CERVICAL, PHILI, SM, 3","IE480","L:2","","8147152"
"13790","COLLAR-CERVICAL-PHILI-MED-3.25","IE480","L:2","","00-1741-006-00"
"13791","COLLOR,CERVICAL,PHILI,LG,3.25I","IE480","L:2","","T2L"
"13843","MASK,FACE,SURG,W/O SHIELD,PLTD","IE480","L:100","","AT74535"
"14313","SPLINT, DELTA, LITE, 4 X 30 IN","IE480","L:2","","OG-430PC"
"14314","SPLINT, DELTA, LITE, 5X30","IE480","L:2","","OG-5PC"
"14527","TUBE,NG,SALEM SUMP,PVC,16FR","IE480","L:2","","8888266130"
"14528","TUBE,NG,SALEM SUMP,PVC,18FR","IE480","L:2","","8888266148"
"17193","SPLINT, DELTA, LITE, 5 X 45 IN","IE480","L:2","","OG-545PC"
"17597","ELECTRODE,EKG,RESTING,CONDUCTI","IE480","L:20","","31433538"
"17723","TUBE,VACUUM BLOOD,13 X 100MM,4","IE480","L:8","","367962"
"18677","NEEDLE, 16GA X 1 1/2","IE480","L:8","","305198"
"18827","HOLDER,TUBE,TRACH,3/4IN,ADJ","IE480","L:6","","240"
"18932","DRESSING,TRANSPARENT,2 3/8INX2","IE480","L:20","","1624W"
"19113","SCRUB,PREP,4% CHG,TOPICAL,4OZ","IE480","L:4","","MDS098710"
"19167","TIP-PEN-TONO","IE480","L:0","","230651"
"19550","BANDAGE,ELASTIC,SAFEWRAP,3X5YD","IE480","L:4","","MDS087003LFG"
"19551","BANDAGE,ELASTIC,SAFEWRAP,LF,4I","IE480","L:4","","MDS087004LF"
"19552","BANDAGE,ELASTIC,COMPRESSION,6I","IE480","L:3","","MDS087006LFG"
"19670","CATHETER,IV,SAFET,14GSX1.25IN","IE480","L:10","","3068"
"19671","CATHETER,IV,SAFETY,16GA X 1.25","IE480","L:10","","3062"
"19676","CATHETER,IV,SAFETY,18GA X1.25I","IE480","L:20","","3065"
"19677","CATHETER,IV,SAFETY,20GAX1.25IN","IE480","L:10","","3066"
"19824","PADDING,CAST,6IN X 4YD","IE480","L:2","","9046"
"19973","PIN,ADAPTER,ACCESS VIAL,2202E","IE480","L:8","","2202E"
"20047","SET,EXTENSION,NEEDLELESS,VALVE","IE480","L:25","","MC33150"
"20074","CAP,ALARIS","IE480","L:10","","70804"
"20629","CUP,URINE,NONSTERILE,BLUE TOP","IE480","L:200","","364975"
"20630","TUBE,8ML,CONICAL,16X100,UA,W/P","IE480","L:4","","364992"
"20631","TUBE,URINE,PLASTIC,13X75","IE480","L:5","","364951"
"20632","TUBE,13X100MMX6.0ML,VACUTAINER","IE480","L:4","","366408"
"20943","GOWN,ISOLATION,DISPOSABLE,FULL","IE480","L:200","","A69961-C"
"22138","NEEDLE,SAFET,18GAX1.5IN,1M","IE480","L:20","","8881850815"
"22139","NEEDLE,SAFETY,22GAX1.5,1M","IE480","L:20","","8881850215"
"22140","NEEDLE,SAFETY,25GAX5/8IN","IE480","L:20","","8881850558"
"22141","NEEDLE,SAFETY,23GAX1IN","IE480","L:20","","8881850310"
"22142","NEEDLE,SAFETY,21GAX1IN,1M","IE480","L:20","","305915"
"22143","NEEDLE,FILTER,18GA X 1 1/2IN","IE480","L:20","","305211"
"22288","TAPE,MEDICAL,SOFT CLOTH,2IN","IE480","L:3","","2862"
"22289","TAPE,MEDICAL,SOFT CLOTH,4IN","IE480","L:4","","2864"
"22290","TAPE,MEDICAL,SOFT CLOTH,6IN","IE480","L:2","","2866"
"22351","SYRINGE,TB,1CC,28GAX1/2IN,SAFE","IE480","L:20","","8881882812"
"22352","SYRINGE,INSULIN,1CC,29GAX1/2IN","IE480","L:20","","8881892910"
"22546","ADHESIVE,SKIN CLOSURE,TOPICAL","IE480","L:4","","LX6"
"22699","TUBE,VACUUM BLOOD,13 X 75MM,2.","IE480","L:4","","363083"
"22755","DIAPER,ADULT,XLARGE","IE480","L:4","","66035"
"23672","SET,CATHETER,MELKER,CRICOTHYRO","IE480","L:2","","G04652"
"23725","TOURNIQUET,.75X18INCH,LATEX FR","IE480","L:6","","367203"
"23880","TUBE,VACUUM BLOOD,13 X 75MM,3M","IE480","L:4","","367856"
"23927","DEVICE,BLOOD COLLECTION,BLOOD","IE480","L:8","","36488000"
"23980","BATTERY,9V,NON-RECHRG,ALKALINE","IE480","L:4","","PC1604"
"24113","NEEDLE HOLDER,STACKABLE","IE480","L:250","","364815"
"24564","TUBE,VACUUM BLOOD,13 X 100MM,5","IE480","L:4","","362788"
"24568","COVER,PROBE,3D","IE480","L:5","","20-P3D548"
"24574","DEVICE,IV,CV PLUS,STATLOCK","IE480","L:4","","BRDCV0220H"
"24811","COVER,THERMOMETER PROBE,SURETE","IE480","L:6","","05031-750"
"25294","SENSOR PROBE,PULSE OXIMETER,FI","IE480","L:0","","1863"
"27102","PAD,DEFIBRILLATION,ZOLL,5 X 6","IE480","L:4","","22770PC"
"27105","SYRINGE,INSULIN,.5CC,29GAX1/2I","IE480","L:10","","305932"
"27274","DRESSING,HYDROCOLLOID,4.34SQ I","IE480","L:10","","MA028"
"28481","TOWEL,RAYPAQUE,SAFETY,STERILE,","IE480","L:3","","AVID262"
"28831","BLANKET,FULL BODY, WARMING","IE480","L:3","","30000"
"29094","MARKER,SKIN,MINI MARKER,PRE SU","IE480","L:1","","2715BN"
"29255","RULER,MEASURING,WOUND,PAPER,DI","IE480","L:1","","MSCEDURULER"
"29371","BANDAGE,GAUZE,3IN X 75IN,STER,","IE480","L:4","","Nov-93"
"30039","DRESSING,XEROFORM,PETROLATUM,F","IE480","L:8","","8884433605"
"30058","SWAB,POVIDONE IODINE,10% W/V","IE480","L:10","","S41350"
"30109","LABEL,DIRECT THERMAL,YELLOW","IE480","L:4","","DTL452Y"
"30205","SLING,PATIENT LIFT,DISPOSABLE","IE480","L:5","","AHD001"
"30262","SOLUTION,POVIDONE IODINE,10%,1","IE480","L:20","","DYNDA2232A"
"30263","SOLUTION,HYDROGENPEROXIDE,3%,1","IE480","L:10","","APLP1012BK"
"31670","FOAM,CLEANSING,ALOE VESTA,8OZ","IE480","L:2","","MSC092104"
"32038","LINER,SUCTION,FLEX ADVANTAGE,1","IE480","L:6","","65651-920C"
"32190","NEEDLE,IO SET,LD 15GX1.8INCH","IE480","L:2","","9079-VC-005"
"32450","UNDERWEAR,MESH,DISPOSABLE,XL","IE480","L:2","","MSC86400"
"32527","GLOVE,EXAM,NITRILE,SM,LTX-FREE","IE480","L:4","","72-50901"
"32528","GLOVE,EXAM,NITRILE,MED,LTX-FRE","IE480","L:6","","72-50902"
"32529","GLOVE,EXAM,NITRILE,LG,LTX-FREE","IE480","L:4","","72-50903"
"32530","GLOVE,EXAM,NITRILE,XL,LTX-FREE","IE480","L:4","","72-50904"
"33111","STABALIZER,NEEDLE,EZ-IO","IE480","L:2","","9066-VC-005"
"33162","LENS,MORGAN,MEDI-FLOW","IE480","L:4","","MT2000"
"33836","BAND,PATIENT,IDENTIFICATION,SH","IE480","L:4","","LDL-1-LA"
"33996","ELECTRODE,AED,ONESTEP","IE480","L:2","","8900-0214-01"
"34069","AEROCHAMBER,PLUS ZSTAT","IE480","L:3","","79750"
"35069","CAP,IV,DISINFECT,CUROS,JET","IE480","L:10","","CFJ5-250"
"35241","BLADE,LARYNGOSCOPE,MAC 3","IE480","L:2","","1023"
"35242","BLADE,LARYNGOSCOPE,MAC 4","IE480","L:2","","1024.C"
"35244","BLADE,LARYNGOSCOPE,MILLER 4","IE480","L:2","","INT1034"
"35398","7.0 SUBGLOTTIC ET TUBE","IE480","L:2","","18870"
"35399","7.5 SUBGLOTTIC ET TUBE","IE480","L:2","","18875"
"35400","8.0 SUBGLOTTIC ET TUBE","IE480","L:2","","18880"
"35486","FLUSH,SALINE,10ML,IN 10ML SYR,","IE480","L:150","","306546"
"35511","JELLY,SURGILUBE,STERILE,5GM","IE480","L:100","","281020545"
"36310","HEMOSTAT,STRT,SATIN,STERILE,DI","IE480","L:5","","66485"
"36748","DRESSING,HEMO,4X4,QUIKCLOT","IE480","L:2","","459"
"36751","DRESSING,Z-FOLD,3IN X 4YDS,HEM","IE480","L:2","","487"
"36812","APPLICATOR,OBGN SWAB,8 INCH,NO","IE480","L:10","","C15052-008"
"37293","BAG,EMESIS,BLUE","IE480","L:48","","EME-BAG"
"37596","FORCEP,STERILE,LUCAE,5.5IN","IE480","L:5","","66415"
"37599","SPECULUM,NASAL,STERILE","IE480","L:2","","NSP500ST"
"37636","NEEDLE,HYPO,20GAX1.5IN,SAFETY,","IE480","L:10","","8881850015"
"37970","ATOMIZER,NASAL,MAD,INTRANASAL,","IE480","L:10","","MAD300"
"38318","SENSOR,ADHESIVE,ADULT,ADTX,LNC","IE480","L:16","","1859"
"38381","VAGINAL SPEC,KLEENSPEC,SINGLE-","IE480","L:2","","59004-LED"
"38892","MOSQUITO,CURVED,SINGLE-USE,5IN","IE480","L:4","","99-10-1730"
"38897","FORCEP,MAGILL,SINGLE-USE","IE480","L:3","","SS30-2601"
"38956","CLIP,NOSE,PLASTIC,FOAM","IE480","L:20","","96-2950"
"38999","COVER,PROBE,DISPOSABLE,THERMOS","IE480","L:4","","06000-005"
"39199","CUFF,BP,1 PIECE,ADULT,TUBELESS","IE480","L:16","","SOFT-11"
"39201","CUFF,BP,1 PIECE,ADULT,LARGE,TU","IE480","L:16","","30503-14A"
"39202","CUFF,BP,1 PIECE,ADULT,SMALL,TU","IE480","L:6","","30503-12A"
"39203","CUFF,BP,1 PIECE,ADULT,LONG,TUB","IE480","L:16","","SOFT-11L"
"39218","HOLDER,LIMB,FOAM","IE480","L:2","","2532"
"39961","BARRIER FILM,CAVILION,1.0ML WI","IE480","L:12","","3344"
"40365","FORCEPS,ALLIGATOR,3.25,MICRO,S","IE480","L:3","","I68020"
"40483","SYRINGE,FEEDING,ENFIT,60CC","IE480","L:2","","ENF60"
"41403","TUBE,JEJUNAL,MIC,16FR,5.33MM,W","IE480","L:2","","8200-16"
"41562","TUBE,GASTROSTOMY,PEG,16FR,W/EN","IE480","L:2","","8110-16LV"
"41563","TUBE,FEEDING GASTROSTOMY,MIC,1","IE480","L:2","","8100-18"
"41595","CANNULA,NASAL,O2,NON-FLARE TIP","IE480","L:20","","1365"
"41815","CAP,BOUFFANT,24IN,BLUE,FLUID P","IE480","L:2","","B24HD"
"41960","PULSE,OXIMETER","IE480","L:15","","81560630"
"42036","LINER,PITCHER,PLSTC,CARAFE,1QT","IE480","L:50","","DYND80528"
"42037","PITCHER,HANDLE,W/LID,GRAPHITE","IE480","L:13","","DYND80535N"
"42735","MASK,FACE,PROCEDURE,FULL PLTD,","IE480","L:200","","PPE-M-AS-SUR-S"
"42742","BOTTLE,BACT/ALERT,FA PLUS","IE480","L:1","","410851"
"42743","BOTTLE,BACT/ALERT,FN PLUS","IE480","L:1","","410852"
"44714","TEST,COVID19,ANTIGEN,OTC,SELF-","IE480","L:15","","195264"
"45757","KIT,PUMP,DOUBLE,SYMPHONY,STERI","IE480","L:2","","101028999"
"49660","LINE GAS SMPL O2 MCSTRM ADV LT","IE480","L:2","","MVAOH"
"49733","EEDLE,SAFETY,KURIN JET,W/21GA,","IE480","L:10","","MJ-221"
"49750","CONNECTION,KURIN JET,FOR IV","IE480","L:20","","MJ-PIV18"
"49831","SWAB UTM ULT MINITIP FLK FLXB","IE480","L:150","","3C057N"
"50203","SOLUTION,IRRIGATION,0.9% NACL,","IE480","L:0","","2B7477"
"50261","KIT,ABG,3ML SYR,DRY LI HEP,23G","IE480","L:6","","4599P-1"
"50420","WIPES,PERSONAL,SKIN CLEANSING/","IE480","L:10","","MSC092503"
"50421","WIPE,PERSONAL,CLEANSING,PRE-MO","IE480","L:8","","MSC095102"
"50544","CULTURE,PIV KURIN BLOOD KIT","IE480","L:20","","CA58850"
"50545","CULTURE,VENIPUNCTURE,23GA,BLOO","IE480","L:20","","CA58825"
"50641","IV ADMIN SET,SECONDARY,40 W/ H","IE480","L:25","","DYNDTA1540"
"50803","KIT,DRESSING,CENTRAL LINE,PICC","IE480","L:5","",""
"50829","STERILE SPONGE FORCEP, 9 1/2","IE480","L:4","","66360"
"59197","KLEENSPEC,DISPOSABLE,590 SERIE","IE480","L:4","","59000-LED"
"59198","KLEENSPEC,DISPOSABLE,MED,590 S","IE480","L:4","","59001-LED"
"59596","BAG,EMESIS,WHITE,HDPE","IE480","L:48","","NON80331"
"59597","CUP,SPECIMEN,WHT","IE480","L:10","",""
"59848","SWAB COLLECTION ANALYZER PART","IE480","L:150","",""
"61269","SLING,COMFORT,MED,POLY,DISPOSA","IE480","L:0","",""
"61270","SLING,COMFORT,LARGE,POLY,DISPO","IE480","L:10","",""
"61271","SLING,COMFORT,X-LARGE,POLY,DIS","IE480","L:5","",""
"78668","TIPS,SUCTION,7FR","IE480","L:4","","31070"
"98006","BATTERY,AAA,NONRECHARGEABLE,AL","IE480","L:20","","PC2400"
"98010","BAG,AMBU,W/PEEP VALVE,DISP","IE480","L:2","","520-611-001"
"99015","BAG,PATIENT,BELONGING","IE480","L:50","","BIOBAGGY1820"
"129613","CANNULA,BLUNT,PLASTIC","IE480","L:40","","8881540111"
"129618","TUBE,VACUUM BLOOD,16 X 100MM,9","IE480","L:2","","455036"
"129777","TUBE,VACUUM BLOOD,13 X 100MM,6","IE480","L:2","","367815"
"45","KIT,HUMIDIFIER,DISP","IE481","L:4","test1","HUD006-40"
"79","SET,IRRIGATION,UROLOGIC,Y-TYPE","IE481","L:2","test2","2C4041"
"81","KIT,SUCTION,18FR CATH,WHISTLE","IE481","L:3","","DYND40974"
"166","CELLULOSE,OXIDIZED,4 X 8IN,ABS","IE481","L:10","","1952S"
"178","DRAIN,PLUER,EVAC,CHEST","IE481","L:1","","S-1100-08LF"
"180","STRAW,DRINKING,FLEXIBLE","IE481","L:60","","NON02315"
"214","TAPE,TRANSPORE,1IN,HYPO","IE481","L:8","","1527-1"
"215","TAPE,TRANSPORE,3IN","IE481","L:6","","1527-3"
"222","SPIROMETER,INCENTIVE,EXCERCISE","IE481","L:5","","8884719010"
"236","NEBULIZER,MICRO MIST,ADAPTER,H","IE481","L:8","","1884"
"437","MASK,AEROSOL,DISP","IE481","L:8","","1206"
"439","SOLUTION,POVIDONE-IODINE 10%,T","IE481","L:3","","MDS093944"
"445","MOUTHWASH,4OZ,MINT,NON-ALCOHOL","IE481","L:8","","CTR000413"
"446","BAG,DRAINAGE,METER","IE481","L:2","","DYND17403"
"468","DIAPER,ADULT,BRIEF,LARGE,TAPE","IE481","L:48","","MSC33505"
"571","GAUZE,BANDAGE,KERLIX,4.5IN","IE481","L:10","","NON25865"
"588","CATH,URETHRAL,ROBINSON-NELATON","IE481","L:6","","8888492041"
"594","KIT,TRACH,CARE","IE481","L:2","","47890"
"1481","ELECTRODE,EKG,DIAPH,FOAM,WET G","IE481","L:3","","2560"
"1558","VALVE,LOPEZ,ENTERNAL","IE481","L:0","","M9000-T"
"1559","BATH,SITZ,W/BAG","IE481","L:0","","DYND80102H"
"1583","GEL,ULTRASONIC,TRANSMISSION","IE481","L:2","","8-Mar"
"1584","BLOCK,BITE,ADULT,COMPRESSED FO","IE481","L:0","","4000"
"1603","BANDAGE,TUBULAR,NYLON,SZ 6,25Y","IE481","L:2","","MT06"
"1608","STRAINER,CALCULI","IE481","L:4","","2110SA"
"1610","SUPPORT,ATHLETIC,ADULT,LG","IE481","L:3","","0910-03"
"1614","PIN,SAFETY,SMALL UNSTERILE","IE481","L:12","","MDT223020H"
"1622","UNDERPAD,BED,30X36IN,TRANQUILI","IE481","L:60","","2710"
"1624","ADAPTER,OXYGEN,W/NUT,STANDARD","IE481","L:20","","2555"
"1625","MASK,ADULT,PERCENTO","IE481","L:4","","1940"
"1626","CONNECTOR,TUBING,OXYGEN","IE481","L:14","","1811"
"1627","MASK,OXYGEN,NON-REBREATHER,ADU","IE481","L:6","","1060"
"1776","PACK,HOT/COLD","IE481","L:6","","33500"
"1787","BLADE,CLIPPER,SURGICAL,STERILE","IE481","L:3","","9660"
"1825","KIT,REMOVAL,STAPLE,STERILE,DIS","IE481","L:5","","PSX"
"1826","NEEDLE,HYPO,25GA X 1 1/2IN,REG","IE481","L:5","","305127"
"1827","NEEDLE,27GA X 1.5IN,DISPOSABLE","IE481","L:10","","1188827112"
"1906","DRESSING,3X16IN,NONADHERENT,ST","IE481","L:5","","CUR250317"
"1913","GLOVE,BIOGEL,6.5,STERILE","IE481","L:3","","41165"
"1914","GLOVE,NON LATEX BIOGEL,7.5,STE","IE481","L:8","","41175"
"1915","GLOVE,BIOGEL,8,STERILE","IE481","L:3","","41180"
"1917","TUBE,DRAINAGE,LEG BAG","IE481","L:0","","538"
"1919","PLUG,CATHETER","IE481","L:4","","1600"
"1954","SCALPEL,#10,W/HANDLE,DISPOSABL","IE481","L:0","","372610"
"1956","SCALPEL,SURG,SZ #15,BARD PARKE","IE481","L:0","","372615"
"1972","TUBE,SUCTION,YANKAUER","IE481","L:12","","K86"
"1984","DRESSING,TELFA,NONADHER,3X8,ST","IE481","L:0","","1238"
"1988","GAUZE,IODOFORM,1/2IN","IE481","L:4","","7832"
"1994","SYRINGE,10CC,L/L","IE481","L:30","","302995"
"1996","BANDAGE,ELASTOPLAST,3IN,UNSTER","IE481","L:1","","2595002"
"1998","CUP,DENTURE,8OZ,W/LID,PLASTIC","IE481","L:10","","DYND70293"
"2014","CONNECTOR,TUBING,5IN1,PLASTIC,","IE481","L:2","","501"
"2016","STETHOSCOPE,MANUAL,DUAL HEAD,L","IE481","L:8","","6515-00-NIB-0115"
"2032","WOUND,CLOSURE STRIP,1/2IN X 4I","IE481","L:2","","R1547"
"2041","DRESSING,TRANSPARENT,4X4 3/4IN","IE481","L:12","","1616"
"2053","BAG,LEG,URINE,32OZ","IE481","L:6","","DYND12578"
"2084","BEDPAN,PONTOON,PLSTC,CONTOURED","IE481","L:3","","DYND88205"
"2087","STOCKING,COMPRESSION,BK,LG REG","IE481","L:4","","7203"
"2234","RESTRAINT,WRIST","IE481","L:3","","MDT829020C"
"2238","MASK,ADULT,TRACH,DISP","IE481","L:3","","1075"
"2242","MASK,OXYGEN,ADULT SZ 6","IE481","L:4","","HUD1930"
"2273","SUTURE,SILK,BLK BRD,SZ 2-0,L 1","IE481","L:2","","1588H"
"2314","BEDPAN,FRACTURE,PLSTC,REUSABLE","IE481","L:3","","DYNC8522"
"2510","PATCH,EYE,SURGICAL","IE481","L:0","","1275"
"2518","GAUZE,PETROLEUM,3X18I,NONADH","IE481","L:7","","MAY884414600Z"
"2622","CATHETER,3WAY,24FR,30CC","IE481","L:0","","0167L24"
"2629","CATHETER,COUDE,CARSON,14FR,5CC","IE481","L:4","","0168L14"
"2630","CATH,URETHRAL,FOLEY,16FR,2-WAY","IE481","L:4","","0168L16"
"2645","CATHETER,ROBINSON,16FR","IE481","L:4","","277716"
"2800","GLOVE,BIOGEL,8.5,STERILE","IE481","L:4","","41185"
"3413","BAG,FECAL,COLLECTION","IE481","L:2","","9821"
"3427","BAG,PLASTIC,12X16IN","IE481","L:100","","EKN5396"
"3769","BANDAGE,COBAN,2IN,NONSTERILE","IE481","L:12","","2082"
"5010","SOLUTION,INTRAVENOUS,D5W,250ML","IE481","L:2","","2B0062Q"
"5020","KIT,CHEMOTHERAPY ADMINISTRATIO","IE481","L:4","","DYK200CHA"
"5028","SOLUTION,INTRAVENOUS,D5W,500ML","IE481","L:0","","2B0063Q"
"5029","SOLUTION,INTRAVENOUS,D5W,1000M","IE481","L:0","","2B0064X"
"5030","SOLUTION,INTRAVENOUS,D5W,IN 0.","IE481","L:4","","2B1064X"
"5033","SOLUTION,INTRAVENOUS,D5W,0.45%","IE481","L:0","","2B1074X"
"5035","SOLUTION,INTRAVENOUS,D10W,1000","IE481","L:0","","2B0164X"
"5038","SOLUTION,INTRAVENOUS,IN 0.9% N","IE481","L:8","","2B1323Q"
"5039","SOLUTION,INTRAVENOUS,IN 0.9% N","IE481","L:20","","2B1324X"
"5041","SOLUTION,INTRAVENOUS,0.45% NAC","IE481","L:9","","2B1314X"
"5042","SOLUTION,INTRAVENOUS,LR,1000ML","IE481","L:15","","2B2324X"
"5043","SOLUTION,INTRAVENOUS,D5W,LR,10","IE481","L:0","","2B2074X"
"5045","SOLUTION,IRRIGATION,0.9% NACL,","IE481","L:12","","2F7123"
"5047","SOLUTION,IRRIGATION,STER WATER","IE481","L:12","","2F7113"
"5070","SOLUTION,INTRAVENOUS,IN 0.9% N","IE481","L:12","","2B1322Q"
"5076","SOLUTION,IRRIGATION,STER WATER","IE481","L:4","","2B7117"
"5077","SOLUTION,IRRIGATION,0.9% NACL,","IE481","L:8","","R8206"
"5595","GLOVE,BIOGEL,7,STERILE","IE481","L:5","","41170"
"5960","SPONGE,GAUZE,2 X 2IN,STER,8-PL","IE481","L:150","","1806G"
"5991","BAG,BODY,POLYOLEFIN,40 X 96IN,","IE481","L:2","","55701-00-MBC"
"6144","BINDER,ABDOMINAL,UNIV LONG,HT","IE481","L:0","","79-89091"
"6147","BIDER,ABDOMINAL,UNIV LONG,HT 9","IE481","L:0","","ORT21110LXL"
"6288","SWAB,MOUTH,TOOTHETTE,FOAM TIPP","IE481","L:5","","6120"
"6291","TAPE,ADHESIVE,CLOTH,1IN","IE481","L:8","","1538-1"
"6292","TAPE,ADHESIVE,CLOTH,2IN","IE481","L:3","","1538-2"
"6353","APPLICATOR,TIPPED,COTTO,L 6IN,","IE481","L:30","","MDS202000"
"6357","TISSUE,FACIAL,2-PLY,8 X 8IN,10","IE481","L:12","","48550"
"6555","BAG,TRANSPORT,SPECIMEN,BIOHAZA","IE481","L:200","","AR69P"
"7102","FLOSS WAXED","IE481","L:10","","1115A"
"7751","CUSHION,CHAIR,AIR,2X18X17INCHE","IE481","L:0","","2770100000"
"8983","CUFF,B/P,ADULT,25,35CM,H/P,MED","IE481","L:0","","REUSE-11"
"9057","BATTERY,AA,NONRECHARGEABLE,ALK","IE481","L:96","","PC1500"
"9059","CATHETER,EXT,SIL,MED","IE481","L:8","","33102"
"9061","CATHETER,EXT,SIL,LG","IE481","L:4","","36104"
"9295","PAD,ALCOHOL,70% ISOPROPYL","IE481","L:800","","6818"
"9296","BANDAID,ADHESIVE,PLASTIC,STRIP","IE481","L:100","","44101"
"9299","KIT,SUCTION,14FR CATH,WHISTLE","IE481","L:6","","37424"
"9300","DEPRESSOR,TONGUE,WOOD,STL","IE481","L:15","","C1560-006"
"9301","SPONGE,GAUZE,4 X 4IN,100% COTT","IE481","L:75","","3033G"
"9305","DRESSING,GEN USE,ABD PAD,8 X 1","IE481","L:18","","9194A"
"9306","SPONGE,GAUZE,DRAIN,4 X 4IN,6-P","IE481","L:30","","7086"
"9307","CATH,URETHRAL,FOLEY,2-WAY,16FR","IE481","L:4","","DYND11756"
"9308","CATHETER,FOLEY,18FR,5CC","IE481","L:2","","DYND11758"
"9309","BAG,PAPER,GROCERY,# 25","IE481","L:12","","NONBPB25H"
"9311","BASIN,EMESIS,DISP,PLASTIC","IE481","L:12","","DYND80327N"
"9312","COTTON BALL,UNCOVERED,DIA 2IN,","IE481","L:6","","MDS21463"
"9313","CUP,STYROFOAM,6OZ,DISP","IE481","L:6","","6J6"
"9414","TUBING,SUCTION,L 6FT,FEMALE CO","IE481","L:8","","8888301515"
"9415","URINAL,MALE,PLSTC,1000ML,W/LID","IE481","L:15","","DYND80235S"
"9419","TRAY,CATHETERIZATION,FOLEY","IE481","L:4","","5029"
"9420","TRAY,IRRIGATION","IE481","L:4","","68800"
"9427","SYRINGE,3CC,L/L","IE481","L:30","","1180300777"
"9434","SYRINGE,30CC,L/L","IE481","L:3","","8881535762"
"9435","SYRINGE,60CC,L/L","IE481","L:2","","8881560125"
"9436","SYRINGE,60CC,CATH TIP","IE481","L:0","","309620"
"9452","SLEEVE,ELBOW/HEEL,PULL OVER,ME","IE481","L:2","","6224M"
"9627","KIT,REMOVAL,SUTURE,STERILE,DIS","IE481","L:6","","Jun-00"
"9845","CUFF,B/P,ADULT,33,47CM,H/P,LAR","IE481","L:0","","REUSE-12"
"9871","BAG,ENEMA,1500ML,PRE-LUBRICATE","IE481","L:4","","DYND70102"
"9919","BOTTLE,SPECIMEN,URINE,24HR","IE481","L:2","","DYND80024"
"10250","SYRINGE,1CC,LUER LOCK","IE481","L:40","","309628"
"10931","TAPE,ADHESIVE,PAPER,1I,HYPO","IE481","L:6","","1530-1"
"10932","TAPE,ADHESIVE,PAPER,2IN","IE481","L:4","","1530-2"
"10934","SNGE,5ML,LUER LOCK","IE481","L:30","","309646"
"10936","SYRINGE,W/O NEEDLE,20ML,LL TIP","IE481","L:6","","1182000777"
"10938","CUP,MEDICINE,10Z,PLASTIC","IE481","L:4","","DYND80000N"
"12075","ADAPTER,MULTIPLE,SAMPLE","IE481","L:20","","367290"
"12112","PLUG,PROTECTION,EAR","IE481","L:30","","MAX-1"
"12205","PAD,SANITARY,MATERNITY,3 X 11I","IE481","L:8","","1380A"
"12562","TOOTHBRUSH,STRAIGHT,ADULT SIZE","IE481","L:24","","55501"
"13308","DRESSING,ALGINATE,4X4IN,CALCIC","IE481","L:3","","529937"
"13310","KIT,IV START,STERILE,L/F,CHLOR","IE481","L:24","","74464"
"13492","COMB,HAIR,PLASTIC,5IN","IE481","L:15","","MDS137007Z"
"14527","TUBE,NG,SALEM SUMP,PVC,16FR","IE481","L:4","","8888266130"
"14528","TUBE,NG,SALEM SUMP,PVC,18FR","IE481","L:4","","8888266148"
"15063","TAMPON,CARDBOARD SLEEVE,TAMPAX","IE481","L:8","","822000"
"15911","RING,BARRIER,SKIN","IE481","L:10","","7805"
"16101","BARRIER,1.75IN WITH,FLANGE,2.2","IE481","L:5","","14603"
"16466","STRAP,CATH,LEG,FABRIC,VELCRO C","IE481","L:4","","316"
"16927","LANCET,SAFETY,1.8MM,21GA","IE481","L:2","","8290366577"
"17204","BAG,DRAINAGE,4000ML","IE481","L:2","","153509"
"17597","ELECTRODE,EKG,RESTING,CONDUCTI","IE481","L:3","","31433538"
"17853","DEVICE, ANCHORING, STATLOCK","IE481","L:4","","VPPDFP"
"18141","DRESSING,GEN USE,ISLAND,4 X 4I","IE481","L:16","","7550"
"18677","NEEDLE, 16GA X 1 1/2","IE481","L:30","","305198"
"18827","HOLDER,TUBE,TRACH,3/4IN,ADJ","IE481","L:4","","240"
"18932","DRESSING,TRANSPARENT,2 3/8INX2","IE481","L:3","","1624W"
"19113","SCRUB,PREP,4% CHG,TOPICAL,4OZ","IE481","L:0","","MDS098710"
"19144","CATH,URETHRAL,FOLE,3-WAY,22FR,","IE481","L:2","","0119L22"
"19551","BANDAGE,ELASTIC,SAFEWRAP,LF,4I","IE481","L:6","","MDS087004LF"
"19552","BANDAGE,ELASTIC,COMPRESSION,6I","IE481","L:3","","MDS087006LFG"
"19651","STOCKING,COMPRESSION,THIGH-HIG","IE481","L:4","","MDS160848"
"19652","STOCKING,COMPRESSION,THIGH-HIG","IE481","L:4","","MDS160868"
"19676","CATHETER,IV,SAFETY,18GA X1.25I","IE481","L:8","","3065"
"19677","CATHETER,IV,SAFETY,20GAX1.25IN","IE481","L:10","","3066"
"19678","CATHETER,IV,SAFETY,22GAX1IN","IE481","L:30","","306001"
"19845","DRESSING,FOAM,4 X 4IN,SQ,WATER","IE481","L:5","","55544"
"19846","DRESSING,FOAM,4 X 8IN,POLYURET","IE481","L:5","","55548"
"19968","SET,BLOOD ADMIN,200 MICRON FIL","IE481","L:8","","2477-0007"
"20047","SET,EXTENSION,NEEDLELESS,VALVE","IE481","L:8","","MC33150"
"20048","SET,IV ADMIN EXT,LTX-FREE,L 6I","IE481","L:4","","20019E"
"20057","CANNULA,NEEDLELESS,ACCESS VALV","IE481","L:12","","MC100"
"20187","CANISTER,NEG PRESS DRESS SYS,W","IE481","L:2","","M8275071/10"
"20189","DRESSING,TRAC,FOAM,KCI,LG,BLAC","IE481","L:2","","M8275053/10"
"20286","BARRIER,SKIN,PROTECTIVE,PASTE,","IE481","L:2","","183910"
"20557","WIPES,CLEANING,GERMICIDAL,HARD","IE481","L:0","","P13872"
"20621","WIPES, PDI EASY SCREEN","IE481","L:0","","P03672"
"20629","CUP,URINE,NONSTERILE,BLUE TOP","IE481","L:6","","364975"
"20635","SLEEVE,SECURE,FREEDOM SPLINTS,","IE481","L:6","","6000S"
"20636","SLEEVE,SKIN,MEDIUM","IE481","L:8","","6000"
"20637","SLEEVE,SKIN,LARGE","IE481","L:6","","6000L"
"20658","STERILE WATER,IRRIGATION,1000M","IE481","L:0","","2F7114"
"20943","GOWN,ISOLATION,DISPOSABLE,FULL","IE481","L:150","","A69961-C"
"22138","NEEDLE,SAFET,18GAX1.5IN,1M","IE481","L:10","","8881850815"
"22139","NEEDLE,SAFETY,22GAX1.5,1M","IE481","L:10","","8881850215"
"22140","NEEDLE,SAFETY,25GAX5/8IN","IE481","L:20","","8881850558"
"22141","NEEDLE,SAFETY,23GAX1IN","IE481","L:20","","8881850310"
"22143","NEEDLE,FILTER,18GA X 1 1/2IN","IE481","L:20","","305211"
"22288","TAPE,MEDICAL,SOFT CLOTH,2IN","IE481","L:8","","2862"
"22309","POUCH,DRAINAGE,2PC","IE481","L:6","","18134"
"22310","WAFER,OSTOMY,CENTERPOINT LOCK,","IE481","L:6","","14604"
"22350","SOAP, SURGICAL HAND PREP, AVAG","IE481","L:0","","9200"
"22352","SYRINGE,INSULIN,1CC,29GAX1/2IN","IE481","L:30","","8881892910"
"22695","DEVICE,URINARY CATH SECURING,S","IE481","L:3","","680ME"
"22755","DIAPER,ADULT,XLARGE","IE481","L:32","","66035"
"22840","URINE METER CATH TRAY KIT,18FR","IE481","L:1","","A902918"
"22917","TABLET,DENTURE,CLEANSER","IE481","L:15","","MDS136405"
"22929","BRIDLE,PRO,AMT,8F-10F","IE481","L:5","","4-420810"
"22930","BRIDLE,PRO,AMT,16F-18F","IE481","L:2","","4-421618"
"23111","OXYMASK,OXYGEN,MASK","IE481","L:5","","OM11258ML"
"23157","STRIP,GLUCOSE TESTING,ACCU-CHE","IE481","L:2","","5942861001"
"23158","EAR PROTECTORS E-Z WRAP","IE481","L:3","","1016050"
"23413","CABLE,TIE,11.8IN,BLACK","IE481","L:1","","36J164"
"23695","SCISSORS-SHARP/BLUNT-5.5-STERI","IE481","L:6","","65945"
"23927","DEVICE,BLOOD COLLECTION,BLOOD","IE481","L:16","","36488000"
"23968","LABEL,GENERAL USE,2 X 1.25IN,1","IE481","L:0","","THERMD50"
"23980","BATTERY,9V,NON-RECHRG,ALKALINE","IE481","L:0","","PC1604"
"24113","NEEDLE HOLDER,STACKABLE","IE481","L:18","","364815"
"24168","POWDER,STOMA,ADAPT","IE481","L:1","","7906"
"24375","SHIELD,FACE,SPLASH MASK,FULL,C","IE481","L:0","","41204"
"24574","DEVICE,IV,CV PLUS,STATLOCK","IE481","L:0","","BRDCV0220H"
"24811","COVER,THERMOMETER PROBE,SURETE","IE481","L:8","","05031-750"
"27018","KIT,FMS,FLEXI-SEAL","IE481","L:2","","418000"
"27022","DRESSING,HYDROCOLLOID,4 X 5IN,","IE481","L:3","","422299"
"27065","TAPE,MEDICAL,ELASTIC FOAM,3IN","IE481","L:4","","1528-3"
"27104","PAPER,EKG,FOR ZOLL M SERIES,FA","IE481","L:2","","8000-000877-01"
"27234","KIT,DRAIN CATH,THORACENTESIS/P","IE481","L:0","","PIG1260T"
"27831","DRESSING,ANTIMICROBIAL,BIOPATC","IE481","L:4","","4150"
"27871","MEPILEX,BORDER LITE,3X3","IE481","L:5","","595200"
"27976","SET,INFUSION,PCA,90IN,LATEX FR","IE481","L:4","","30873"
"28018","DEVICE,CATH SECUREMENT,FOLE,ST","IE481","L:6","","FOL0102"
"29036","CLOTH,2% CHLORHEXIDINE,GLUCONA","IE481","L:0","","9705"
"29362","DRESSING,ADHESIVE,4X4,W/ANTIMC","IE481","L:3","","MSC9604"
"29363","DRESSING,NON-ADHE,4X4,ANTIMCRO","IE481","L:3","","MSC9614EP"
"29371","BANDAGE,GAUZE,3IN X 75IN,STER,","IE481","L:12","","Nov-93"
"29610","CHLORAPREP,10.5ML,HI LITE,ORAN","IE481","L:5","","930715"
"29611","CHLORAPREP,26ML,HI LITE,ORANGE","IE481","L:3","","930815"
"29660","SLEEVE,FULL ARM,SHOWER PROT,RE","IE481","L:5","","12106"
"29885","CHLORAPREP,ONE STEP,3ML","IE481","L:0","","930400"
"29988","NEEDLE,SAFETY,27GA,5/8INCH","IE481","L:40","","305921"
"30016","DRESSING,BORDER LITE,MEPILEX,4","IE481","L:8","","595300"
"30039","DRESSING,XEROFORM,PETROLATUM,F","IE481","L:16","","8884433605"
"30042","POWDER,TALCUM,1.5 OZ","IE481","L:8","","5256"
"30058","SWAB,POVIDONE IODINE,10% W/V","IE481","L:20","","S41350"
"30062","WASH,SHAMPOO,BODY,4OZ","IE481","L:10","","MSC092SBW04"
"30085","DRESSING STERILE 4INX4IN","IE481","L:4","","187971"
"30091","CUFF,CALF,SCD,DISPOSABLE,VENAF","IE481","L:4","","3040"
"30172","TOOTHPASTE,TUBE,.85 OZ","IE481","L:15","","9782"
"30199","ADHESIVE,CREAM,FIXODENT","IE481","L:10","","80717506"
"30205","SLING,PATIENT LIFT,DISPOSABLE","IE481","L:3","","AHD001"
"30515","DRESSING,FILM,IV,W/BORDER,TEGA","IE481","L:15","","1683"
"31669","BARRIER,CREAM,PROTEC,4OZ","IE481","L:4","","325614"
"31670","FOAM,CLEANSING,ALOE VESTA,8OZ","IE481","L:4","","MSC092104"
"31723","POUCH,DRAINABLE,2-1/4BARRIER,2","IE481","L:10","","18194"
"31896","DEVICE,STATLOCK,325PSI","IE481","L:5","","IV0563P"
"32038","LINER,SUCTION,FLEX ADVANTAGE,1","IE481","L:4","","65651-920C"
"32171","SWAB,SUCTION,ALCOHOL FREE,ORAL","IE481","L:6","","6513"
"32186","DRESSING,FOAM,SILICONE,4X8INCH","IE481","L:8","","496405"
"32450","UNDERWEAR,MESH,DISPOSABLE,XL","IE481","L:5","","MSC86400"
"32527","GLOVE,EXAM,NITRILE,SM,LTX-FREE","IE481","L:4","","72-50901"
"32528","GLOVE,EXAM,NITRILE,MED,LTX-FRE","IE481","L:8","","72-50902"
"32529","GLOVE,EXAM,NITRILE,LG,LTX-FREE","IE481","L:8","","72-50903"
"32530","GLOVE,EXAM,NITRILE,XL,LTX-FREE","IE481","L:6","","72-50904"
"32679","CREAM,SKIN REPAIR,REMEDY,4OZ","IE481","L:0","","MSC0924004"
"32983","TOOTHBRUSH,ORAL CARE","IE481","L:6","","6572"
"33761","ELECTRODE,MONITOR,ADULT,FOAM","IE481","L:5","","2670-3"
"33823","DIAPER,ADULT,PULL ON BRIEF,MED","IE481","L:32","","2975-100"
"33830","POUCH,DRAINABLE,1.75X2.25","IE481","L:10","","18183"
"33904","BAD,PATIENT,IDENTIFICATION,SEC","IE481","L:0","","SC-1-LA"
"33930","DIAPER,ADULT,PULL ON BRIEF,LG","IE481","L:0","","2116"
"34708","DIAPER,BRIEF,ADULT,XXL","IE481","L:12","","2118"
"34972","ADHESIVE,RELEASER,STING FREE","IE481","L:0","","420798"
"35035","WIPES,DISPOSABLE,GERMICIDAL,SA","IE481","L:0","","Q55172"
"35041","CLOTH,CHLORHEXIDINE,GLUCONATE","IE481","L:6","","9717"
"35069","CAP,IV,DISINFECT,CUROS,JET","IE481","L:40","","CFJ5-250"
"35121","SYRINGE,1ML,SLIP,TIP","IE481","L:0","","309659"
"35140","DIAPER,ADULT,X-LARGE,PULL-UP,E","IE481","L:10","","2117"
"35362","BAG,PLASTIC,BEDSIDE,6.5X3.5X11","IE481","L:20","","NON24309P"
"35486","FLUSH,SALINE,10ML,IN 10ML SYR,","IE481","L:120","","306546"
"35511","JELLY,SURGILUBE,STERILE,5GM","IE481","L:10","","281020545"
"35655","SPLITTER,TABLET,CUT IN HALF,PL","IE481","L:5","","67015BC1"
"35658","PILL CRUSHER","IE481","L:12","","71091"
"35847","FOOTWEAR,PATIENT,3XL","IE481","L:20","","68125-PUR"
"35848","FOOTWEAR,PATIENT,BROWN,BARIATR","IE481","L:20","","68125-BRN"
"36472","NEEDLE,GRIPPER PLUS,HUBER,.75I","IE481","L:3","","21-3465-24"
"36473","NEEDLE,HUBER,INSERTER/INF SITE","IE481","L:5","","132010"
"36549","HOLDER,URINAL","IE481","L:0","","PGA201-25"
"37163","BASIN,WASH,PLASTIC,DISPOSABLE,","IE481","L:15","","DYND80347"
"37293","BAG,EMESIS,BLUE","IE481","L:12","","EME-BAG"
"37957","APPLICATOR,ULTRAMIST","IE481","L:2","","CP-80040"
"37985","WIPES,CLEANING,GERMICIDAL,HARD","IE481","L:0","","P54072"
"38084","HOLDER,NEEDLE,WEBSTER,STERILE,","IE481","L:2","","67120"
"38101","GLASSES,SAFETY,PLSTC LES,CLR,U","IE481","L:2","","SV50A"
"38220","MITT,PEAK A BOO","IE481","L:2","","2811"
"38252","KIT,CANNULA,HIGH FLOW,ADULT,79","IE481","L:2","","79SOFT-7-25"
"38318","SENSOR,ADHESIVE,ADULT,ADTX,LNC","IE481","L:20","","1859"
"38459","CAP,MALE,TIPS,DISINFECTION,3M","IE481","L:40","","CM5-200"
"38875","TRAY,CATHETER,ITNTERMITTENT,14","IE481","L:2","","DYND10402"
"38923","BINDER,ABDOMINAL 9IN COMFORT,3","IE481","L:0","","79-89070"
"39014","CATHETER,MALE EXTERNAL,LIBERTY","IE481","L:5","","2102610"
"39199","CUFF,BP,1 PIECE,ADULT,TUBELESS","IE481","L:10","","SOFT-11"
"39201","CUFF,BP,1 PIECE,ADULT,LARGE,TU","IE481","L:5","","30503-14A"
"39202","CUFF,BP,1 PIECE,ADULT,SMALL,TU","IE481","L:5","","30503-12A"
"39203","CUFF,BP,1 PIECE,ADULT,LONG,TUB","IE481","L:10","","SOFT-11L"
"39218","HOLDER,LIMB,FOAM","IE481","L:4","","2532"
"39581","MEPILEX,BORDER,SACRUM,16X20CM","IE481","L:15","","282055"
"39961","BARRIER FILM,CAVILION,1.0ML WI","IE481","L:10","","3344"
"40480","CONECTOR,ACE,W/ ENTERNAL ACCES","IE481","L:5","","485"
"40483","SYRINGE,FEEDING,ENFIT,60CC","IE481","L:5","","ENF60"
"40487","DRESSING,FOAM,9.2 X 9.2IN,SOFT","IE481","L:15","","282455"
"40668","NEEDLE,BUTTERFLY,ULTRATOUCH,25","IE481","L:20","","367363"
"40909","DEODORANT,ROLL ON,1.5 OZ","IE481","L:10","","MSC095010"
"40947","POUCH,TELEMETRY,WHITE POLYESTE","IE481","L:10","","9.89803E+11"
"41271","TUBING,OXYGEN CONNECTING,L 7FT","IE481","L:12","","1925"
"41341","CONTAINER,URINE COLLECTION,COM","IE481","L:5","","2500SA"
"41402","TUBE,FEEDING,NASOGASTRIC,NASOI","IE481","L:5","","40-9551"
"41411","TUBE,FEEDING,CORFLO,8FR,2.7MM,","IE481","L:5","","40-7438"
"41595","CANNULA,NASAL,O2,NON-FLARE TIP","IE481","L:15","","1365"
"41960","PULSE,OXIMETER","IE481","L:4","","81560630"
"42036","LINER,PITCHER,PLSTC,CARAFE,1QT","IE481","L:100","","DYND80528"
"42037","PITCHER,HANDLE,W/LID,GRAPHITE","IE481","L:20","","DYND80535N"
"42180","LINERS,COMMODE","IE481","L:2","","MDSBSPROBE"
"42667","EAR BUD,WHT,MAXELL,EB95","IE481","L:12","","AE-215"
"42684","MASK,EYE,SLEEPING,BLACK","IE481","L:12","","SPMASKB"
"42720","CATHETER,FEMALE,PUREWICK","IE481","L:8","","PWF030F"
"42735","MASK,FACE,PROCEDURE,FULL PLTD,","IE481","L:100","","PPE-M-AS-SUR-S"
"43115","SLIPPER,FALL PREVENTION,YELLOW","IE481","L:4","","M3044-U"
"43116","SLIPPER,FALL PREVENTION,YELLOW","IE481","L:0","","MDTPS4B04FPY"
"43117","SLIPPER,FALL PREVENTION,YELLOW","IE481","L:4","","M3044-B"
"43118","SLIPPER,FALL PREVENTION,YELLOW","IE481","L:20","","MDTPS4B05FPY"
"43145","SLIPPER,FALL PREVENTION,YELLOW","IE481","L:4","","80184"
"44714","TEST,COVID19,ANTIGEN,OTC,SELF-","IE481","L:0","","195264"
"45122","KIT,CATH,FOLE,16FR,SIL,LTX-FRE","IE481","L:0","","URO170816"
"48228","NOSA,MENTHOL,NASAL,PLUG,PK/100","IE481","L:20","","NO110901"
"48478","WRAP,INCONTINENCE,QUICKCHANGE","IE481","L:50","","UIM1025"
"48763","SHIELD,SHOWER,7 X 7,DISP","IE481","L:5","","SS77"
"48862","PACK,HOT,INSTANT,5X7","IE481","L:10","","MDS149010"
"48900","YANKAUER HIGH CAPACITY","IE481","L:12","","K62"
"49660","LINE GAS SMPL O2 MCSTRM ADV LT","IE481","L:4","","MVAOH"
"49831","SWAB UTM ULT MINITIP FLK FLXB","IE481","L:15","","3C057N"
"49967","CATHETER,MALE,PUREWICK","IE481","L:8","","PWM030"
"50056","SET,FEEDING,THICK FORMULA W/FL","IE481","L:2","","E10FFR"
"50166","DRESSING,SACRUM,OPTIVIEW","IE481","L:10","","MSCOV77EP"
"50203","SOLUTION,IRRIGATION,0.9% NACL,","IE481","L:0","","2B7477"
"50209","BAG,ENTERAL,KANGAROO,OMNI,W/FL","IE481","L:4","","BSPFF"
"50210","BAG,ENTERAL,DUAL,KANGAROO,OMNI","IE481","L:4","","B10FF"
"50261","KIT,ABG,3ML SYR,DRY LI HEP,23G","IE481","L:0","","4599P-1"
"50294","CREAM,SKIN,PHYTOPLEX,12.5% DMT","IE481","L:11","","MSC092562"
"50295","PROTECTOR,HEEL,FOOTCHECK,W WE","IE481","L:2","",""
"50348","WEDGE,POSITIONING,16X11X5IN,CO","IE481","L:2","",""
"50416","OINTMENT, ANTIFUNGAL, PHYTOPLE","IE481","L:4","",""
"50419","CLEANSER DERMAL OR PERINEAL NE","IE481","L:5","","MSC095311"
"50420","WIPES,PERSONAL,SKIN CLEANSING/","IE481","L:24","","MSC092503"
"50421","WIPE,PERSONAL,CLEANSING,PRE-MO","IE481","L:12","","MSC095102"
"50422","CAP,SHAMPOO/CONDITIONER,ALL IN","IE481","L:6","",""
"50423","LIPBALM,REMEDY,PHYTOPLEX,0.15","IE481","L:15","",""
"50544","CULTURE,PIV KURIN BLOOD KIT","IE481","L:0","","CA58850"
"50545","CULTURE,VENIPUNCTURE,23GA,BLOO","IE481","L:5","","CA58825"
"50613","UNDERPAD INCONTINENCE COMFORTG","IE481","L:5","",""
"50614","UNDERPAD INCONTINENCE XL 80X40","IE481","L:5","",""
"50617","SET,IV ADMIN,INF,SMARTSITE,NEE","IE481","L:30","","2420-0007"
"50641","IV ADMIN SET,SECONDARY,40 W/ H","IE481","L:20","","DYNDTA1540"
"50683","ADH PORT ACCESS KIT","IE481","L:4","","DYNPAK06"
"50803","KIT,DRESSING,CENTRAL LINE,PICC","IE481","L:3","",""
"51102","SLING TWIN TURNER REG DISP","IE481","L:0","","287501"
"51103","KIT PATIENT TRANSFER HOVERMATT","IE481","L:0","",""
"59215","HYPICHLOROUS,WOUND,WASH","IE481","L:3","","6517"
"59596","BAG,EMESIS,WHITE,HDPE","IE481","L:12","","NON80331"
"59597","CUP,SPECIMEN,WHT","IE481","L:12","",""
"59795","SET,SURELEAD,PHILIPS 5 COMPAT","IE481","L:10","","DLS-PHP5L-4F"
"59848","SWAB COLLECTION ANALYZER PART","IE481","L:2","",""
"60061","KIT,SHAVING,1.5OZ,CREAM DISPOS","IE481","L:5","","DYKD2001S"
"61269","SLING,COMFORT HIGH,POLYPROPYLE","IE481","L:0","",""
"61270","SLING,COMFORT,LARGE,POLY,DISPO","IE481","L:0","",""
"61271","SLING,COMFORT,X-LARGE,POLY,DIS","IE481","L:0","",""
"61404","BOTTLE,DRAINAGE,1000ML,SPIKE-A","IE481","L:4","","JGGSV1000SSP"
"96017","FORCEP,KELLY,CVD,5.5IN,DISP","IE481","L:3","","SS09-0627 F"
"98006","BATTERY,AAA,NONRECHARGEABLE,AL","IE481","L:8","","PC2400"
"98010","BAG,AMBU,W/PEEP VALVE,DISP","IE481","L:2","","520-611-001"
"99015","BAG,PATIENT,BELONGING","IE481","L:50","","BIOBAGGY1820"
"99227","SENSOR,EAR,LNCS,TC-I,SPO2","IE481","L:2","","1895"
"129613","CANNULA,BLUNT,PLASTIC","IE481","L:100","","8881540111"
"129805","LABEL,BARCODE,1INX3IN","IE481","L:0","","DTL893"
"434","GAUZE,OR,4X4,STERILE","IE484","L:20","","8045"
"1583","GEL,ULTRASONIC,TRANSMISSION","IE484","L:3","","8-Mar"
"1624","ADAPTER,OXYGEN,W/NUT,STANDARD","IE484","L:4","","2555"
"1826","NEEDLE,HYPO,25GA X 1 1/2IN,REG","IE484","L:10","","305127"
"1827","NEEDLE,27GA X 1.5IN,DISPOSABLE","IE484","L:10","","1188827112"
"1828","NEEDLE,30GAX1/2IN,DISPOSABLE","IE484","L:10","","305106"
"1849","NEEDLE,SPINIAL,22GA X 3.5IN","IE484","L:12","","405181"
"1994","SYRINGE,10CC,L/L","IE484","L:10","","302995"
"2010","DRAPE,TOWEL,18X24,STERILE","IE484","L:8","","D1010"
"2800","GLOVE,BIOGEL,8.5,STERILE","IE484","L:4","","41185"
"5595","GLOVE,BIOGEL,7,STERILE","IE484","L:5","","41170"
"5960","SPONGE,GAUZE,2 X 2IN,STER,8-PL","IE484","L:50","","1806G"
"6353","APPLICATOR,TIPPED,COTTO,L 6IN,","IE484","L:4","","MDS202000"
"6357","TISSUE,FACIAL,2-PLY,8 X 8IN,10","IE484","L:4","","48550"
"6555","BAG,TRANSPORT,SPECIMEN,BIOHAZA","IE484","L:200","","AR69P"
"9057","BATTERY,AA,NONRECHARGEABLE,ALK","IE484","L:4","","PC1500"
"9295","PAD,ALCOHOL,70% ISOPROPYL","IE484","L:1500","","6818"
"9296","BANDAID,ADHESIVE,PLASTIC,STRIP","IE484","L:50","","44101"
"9300","DEPRESSOR,TONGUE,WOOD,STL","IE484","L:4","","C1560-006"
"9301","SPONGE,GAUZE,4 X 4IN,100% COTT","IE484","L:25","","3033G"
"9309","BAG,PAPER,GROCERY,# 25","IE484","L:10","","NONBPB25H"
"9311","BASIN,EMESIS,DISP,PLASTIC","IE484","L:4","","DYND80327N"
"9312","COTTON BALL,UNCOVERED,DIA 2IN,","IE484","L:6","","MDS21463"
"9313","CUP,STYROFOAM,6OZ,DISP","IE484","L:3","","6J6"
"9415","URINAL,MALE,PLSTC,1000ML,W/LID","IE484","L:4","","DYND80235S"
"9427","SYRINGE,3CC,L/L","IE484","L:10","","1180300777"
"9434","SYRINGE,30CC,L/L","IE484","L:4","","8881535762"
"9627","KIT,REMOVAL,SUTURE,STERILE,DIS","IE484","L:2","","Jun-00"
"9744","PAPER,EXAM,TABLE,18IN X 150FT,","IE484","L:8","","3-06-0002"
"10377","BATTERY,ALKALINE,SZ D,DURACELL","IE484","L:2","","MN1300CT"
"10931","TAPE,ADHESIVE,PAPER,1I,HYPO","IE484","L:6","","1530-1"
"10934","SNGE,5ML,LUER LOCK","IE484","L:10","","309646"
"11100","EXERCISE BAND,YELLOW,LTX FREE","IE484","L:2","","566165"
"11101","EXERCISE BAND,RED,X-LIGHT","IE484","L:2","","566166"
"11102","EXERCISE BAND,GREEN,MED","IE484","L:2","","11728"
"11103","EXERCISE BAND,BLUE,MED,HEAVY","IE484","L:2","","566169"
"11104","EXERCISE BAND,BLACK","IE484","L:2","","566170"
"12730","BANDAGE,COBAN,1IN,NONSTERILE","IE484","L:5","","CAH15LF"
"16927","LANCET,SAFETY,1.8MM,21GA","IE484","L:1","","8290366577"
"18125","PHYSIOBALL,THERAPY,65CM,GREEN","IE484","L:5","","NC50102"
"19374","MONOFILAMENT,SENSORY TOUCH,5.0","IE484","L:2","","VA40"
"22139","NEEDLE,SAFETY,22GAX1.5,1M","IE484","L:20","","8881850215"
"22140","NEEDLE,SAFETY,25GAX5/8IN","IE484","L:10","","8881850558"
"22141","NEEDLE,SAFETY,23GAX1IN","IE484","L:50","","8881850310"
"22142","NEEDLE,SAFETY,21GAX1IN,1M","IE484","L:20","","305915"
"23157","STRIP,GLUCOSE TESTING,ACCU-CHE","IE484","L:2","","5942861001"
"23695","SCISSORS-SHARP/BLUNT-5.5-STERI","IE484","L:6","","65945"
"23980","BATTERY,9V,NON-RECHRG,ALKALINE","IE484","L:6","","PC1604"
"24568","COVER,PROBE,3D","IE484","L:4","","20-P3D548"
"24811","COVER,THERMOMETER PROBE,SURETE","IE484","L:4","","05031-750"
"27104","PAPER,EKG,FOR ZOLL M SERIES,FA","IE484","L:3","","8000-000877-01"
"29885","CHLORAPREP,ONE STEP,3ML","IE484","L:6","","930400"
"30058","SWAB,POVIDONE IODINE,10% W/V","IE484","L:60","","S41350"
"31339","PAPER,HEADREST,CHIROPRACTIC TA","IE484","L:25","","9025"
"31966","NEEDLE,SEIRIN,J-TYPE,NO.3,0.20","IE484","L:3","","SJ.20X30"
"31967","NEEDLE,ACUPUNCTURE,L-TYPE,JAPA","IE484","L:10","","LC.25X40"
"31968","NEEDLE,SEIRIN,L-TYPE,NO.8,0.30","IE484","L:5","","LHASL30X60"
"31973","NEEDLE,EAR,SEMI-PERMANENET,ASP","IE484","L:4","","LHAASPGOLD200"
"32527","GLOVE,EXAM,NITRILE,SM,LTX-FREE","IE484","L:4","","72-50901"
"32528","GLOVE,EXAM,NITRILE,MED,LTX-FRE","IE484","L:4","","72-50902"
"32529","GLOVE,EXAM,NITRILE,LG,LTX-FREE","IE484","L:4","","72-50903"
"32530","GLOVE,EXAM,NITRILE,XL,LTX-FREE","IE484","L:4","","72-50904"
"33062","EXERCISE BAND,ORANGE","IE484","L:2","","10-1090"
"33188","NEEDLE,SEIRIN,PYONEX,.2GAX.6MM","IE484","L:8","","PYON.N.06YW"
"35123","NEEDLE,21GA X 2IN,NON SAFETY","IE484","L:15","","305129"
"36760","EXERCISE BAND,SILVER,XX HEAVY","IE484","L:2","","Oct-26"
"37163","BASIN,WASH,PLASTIC,DISPOSABLE,","IE484","L:4","","DYND80347"
"37164","PACK,HOT/COLD,UNIVERSAL PLUS,M","IE484","L:4","","22100VA"
"37636","NEEDLE,HYPO,20GAX1.5IN,SAFETY,","IE484","L:5","","8881850015"
"41341","CONTAINER,URINE COLLECTION,COM","IE484","L:7","","2500SA"
"42735","MASK,FACE,PROCEDURE,FULL PLTD,","IE484","L:100","","PPE-M-AS-SUR-S"
"43246","STRETCH,STRAP,DYNAMIC,CANDO","IE484","L:10","","10-1385"
"43697","BAKBALL,MANUAL,MASSAGER,MOBILI","IE484","L:7","","14-1420"
"48758","NEEDLE,ACUPUNCTURE,J TYPE,SEIR","IE484","L:3","","SJ.30X50"
"48759","NEEDLE,ACUPUNCTURE,J TYPE,SEIR","IE484","L:3","","LHASJ30X60100"
"59820","TRAY NERVE BLOCK","IE484","L:5","","30910"
"98006","BATTERY,AAA,NONRECHARGEABLE,AL","IE484","L:8","","PC2400"
"99015","BAG,PATIENT,BELONGING","IE484","L:20","","BIOBAGGY1820"
"89","COVER,SHOE,SIZE 8 TO 12","IE498","L:1","","4852"
"177","TUBING,SUCTION,1/4IN X 12FT","IE498","L:15","","8888301622"
"180","STRAW,DRINKING,FLEXIBLE","IE498","L:100","","NON02315"
"214","TAPE,TRANSPORE,1IN,HYPO","IE498","L:4","","1527-1"
"236","NEBULIZER,MICRO MIST,ADAPTER,H","IE498","L:5","","1884"
"571","GAUZE,BANDAGE,KERLIX,4.5IN","IE498","L:4","","NON25865"
"1571","CAP/HOOD,SURGEON,CAP/HOOD,UNIV","IE498","L:1","","4359"
"1583","GEL,ULTRASONIC,TRANSMISSION","IE498","L:3","","8-Mar"
"1606","SPONGE,GAUZE,GEN USE,2 X 2IN,8","IE498","L:6","","NON25208"
"1607","SPONGE,GAUZE,4 X 4IN,NON-STER","IE498","L:3","","2556G"
"1622","UNDERPAD,BED,30X36IN,TRANQUILI","IE498","L:80","","2710"
"1624","ADAPTER,OXYGEN,W/NUT,STANDARD","IE498","L:25","","2555"
"1626","CONNECTOR,TUBING,OXYGEN","IE498","L:30","","1811"
"1627","MASK,OXYGEN,NON-REBREATHER,ADU","IE498","L:5","","1060"
"1972","TUBE,SUCTION,YANKAUER","IE498","L:5","","K86"
"1994","SYRINGE,10CC,L/L","IE498","L:10","","302995"
"1998","CUP,DENTURE,8OZ,W/LID,PLASTIC","IE498","L:5","","DYND70293"
"2242","MASK,OXYGEN,ADULT SZ 6","IE498","L:20","","HUD1930"
"3429","BAG,PLASTIC,8X10IN,1.5ML,","IE498","L:100","","3429"
"3769","BANDAGE,COBAN,2IN,NONSTERILE","IE498","L:20","","2082"
"4001","BLOCK,BITE,ADULT,PLSTC,DISP","IE498","L:24","","4832711"
"5038","SOLUTION,INTRAVENOUS,IN 0.9% N","IE498","L:5","","2B1323Q"
"5042","SOLUTION,INTRAVENOUS,LR,1000ML","IE498","L:42","","2B2324X"
"5045","SOLUTION,IRRIGATION,0.9% NACL,","IE498","L:6","","2F7123"
"5047","SOLUTION,IRRIGATION,STER WATER","IE498","L:8","","2F7113"
"5070","SOLUTION,INTRAVENOUS,IN 0.9% N","IE498","L:0","","2B1322Q"
"5960","SPONGE,GAUZE,2 X 2IN,STER,8-PL","IE498","L:100","","1806G"
"6357","TISSUE,FACIAL,2-PLY,8 X 8IN,10","IE498","L:6","","48550"
"6555","BAG,TRANSPORT,SPECIMEN,BIOHAZA","IE498","L:200","","AR69P"
"8772","ELECTRODE,PATIENT,RETURN,VALLE","IE498","L:30","","E7507"
"8983","CUFF,B/P,ADULT,25,35CM,H/P,MED","IE498","L:5","","REUSE-11"
"9057","BATTERY,AA,NONRECHARGEABLE,ALK","IE498","L:10","","PC1500"
"9295","PAD,ALCOHOL,70% ISOPROPYL","IE498","L:800","","6818"
"9296","BANDAID,ADHESIVE,PLASTIC,STRIP","IE498","L:100","","44101"
"9301","SPONGE,GAUZE,4 X 4IN,100% COTT","IE498","L:15","","3033G"
"9305","DRESSING,GEN USE,ABD PAD,8 X 1","IE498","L:5","","9194A"
"9311","BASIN,EMESIS,DISP,PLASTIC","IE498","L:80","","DYND80327N"
"9313","CUP,STYROFOAM,6OZ,DISP","IE498","L:4","","6J6"
"9415","URINAL,MALE,PLSTC,1000ML,W/LID","IE498","L:4","","DYND80235S"
"9427","SYRINGE,3CC,L/L","IE498","L:50","","1180300777"
"9435","SYRINGE,60CC,L/L","IE498","L:15","","8881560125"
"9436","SYRINGE,60CC,CATH TIP","IE498","L:5","","309620"
"9626","SPECIMEN TRAP,MUCOUS,40CC","IE498","L:10","","DYND44180"
"9719","TUBING,OXYGEN CONNECTING,7FT,N","IE498","L:30","","1350"
"9721","SYSTEM,PHARMACY FLUID DISPENSI","IE498","L:5","","513548"
"10310","BATTERY,C,NONRECHARGE","IE498","L:6","","PC1400"
"10377","BATTERY,ALKALINE,SZ D,DURACELL","IE498","L:6","","MN1300CT"
"10934","SNGE,5ML,LUER LOCK","IE498","L:15","","309646"
"10936","SYRINGE,W/O NEEDLE,20ML,LL TIP","IE498","L:10","","1182000777"
"13310","KIT,IV START,STERILE,L/F,CHLOR","IE498","L:50","","74464"
"13985","SNARE,ENDO,POLYPECTOMY,XSM OVA","IE498","L:60","","M00562471"
"14528","TUBE,NG,SALEM SUMP,PVC,18FR","IE498","L:6","","8888266148"
"16927","LANCET,SAFETY,1.8MM,21GA","IE498","L:1","","8290366577"
"18612","LIGATOR,SHOOTER 6,MULTI BAND","IE498","L:2","","G22553"
"19676","CATHETER,IV,SAFETY,18GA X1.25I","IE498","L:5","","3065"
"19677","CATHETER,IV,SAFETY,20GAX1.25IN","IE498","L:100","","3066"
"19678","CATHETER,IV,SAFETY,22GAX1IN","IE498","L:50","","306001"
"19968","SET,BLOOD ADMIN,200 MICRON FIL","IE498","L:6","","2477-0007"
"20047","SET,EXTENSION,NEEDLELESS,VALVE","IE498","L:15","","MC33150"
"20557","WIPES,CLEANING,GERMICIDAL,HARD","IE498","L:0","","P13872"
"20621","WIPES, PDI EASY SCREEN","IE498","L:0","","P03672"
"20658","STERILE WATER,IRRIGATION,1000M","IE498","L:20","","2F7114"
"20943","GOWN,ISOLATION,DISPOSABLE,FULL","IE498","L:50","","A69961-C"
"22142","NEEDLE,SAFETY,21GAX1IN,1M","IE498","L:200","","305915"
"22323","ARMBAND, ID, PATIENT, GREEN","IE498","L:150","","140-15-PDM"
"22546","ADHESIVE,SKIN CLOSURE,TOPICAL","IE498","L:10","","LX6"
"23157","STRIP,GLUCOSE TESTING,ACCU-CHE","IE498","L:4","","5942861001"
"23285","GUARDUS,OVERTUBE,GASTRIC,8.6-1","IE498","L:3","","BX00711148"
"23421","CATHETER,NASAL TIP,16CM","IE498","L:5","","EF-322N"
"23695","SCISSORS-SHARP/BLUNT-5.5-STERI","IE498","L:14","","65945"
"23725","TOURNIQUET,.75X18INCH,LATEX FR","IE498","L:1","","367203"
"23980","BATTERY,9V,NON-RECHRG,ALKALINE","IE498","L:4","","PC1604"
"24375","SHIELD,FACE,SPLASH MASK,FULL,C","IE498","L:10","","41204"
"24811","COVER,THERMOMETER PROBE,SURETE","IE498","L:4","","05031-750"
"26867","LIGATOR,SHOOTER 6,MULTI BAND,X","IE498","L:2","","G31917"
"26930","MASK,FACE,PROCEDURE,FULL PLTD,","IE498","L:100","","15111"
"27104","PAPER,EKG,FOR ZOLL M SERIES,FA","IE498","L:4","","8000-000877-01"
"27164","EJECTOR,SALIVA","IE498","L:1","","2900-TCS15"
"27398","NEEDLE,ALUMINUM HUB,BLUNT,15GA","IE498","L:2","","8881202314"
"27491","BLOCK,BITE,CHILD","IE498","L:25","","38-130-56"
"27492","DILATOR,BALLOON,CRE,FIXED WIRE","IE498","L:2","","M00558330"
"28562","SOLUTIN,BUFFER,PH4","IE498","L:1","","954501"
"28624","FORCEP,RJ4,JUMBO,3.2,240CM,W/E","IE498","L:40","","M00513374"
"29451","VIAL,PREFILLED,BUFFERED,FORMAL","IE498","L:5","","NB0507"
"29512","VALVE,ENDO,BX,UPPER GI,FOR OLY","IE498","L:10","","BX00711135"
"29885","CHLORAPREP,ONE STEP,3ML","IE498","L:5","","930400"
"29999","FORCEP,RJ4,LRG,240CM,2.8","IE498","L:40","","M00513334"
"30009","FORCEP,BIOPSY,ALLIGATOR JAW,2.","IE498","L:10","","FB-211K.A"
"30082","TUBING,IV,ANESTHESIA","IE498","L:25","","B9768"
"30205","SLING,PATIENT LIFT,DISPOSABLE","IE498","L:10","","AHD001"
"30515","DRESSING,FILM,IV,W/BORDER,TEGA","IE498","L:60","","1683"
"30814","SPONGE,ENZYMATIC,DUAL,RED","IE498","L:10","","345OSP"
"30993","SNARE,POLYP,ISNARE,HEXOGONAL,W","IE498","L:30","","BX00711084"
"30999","SNARE,ENDO,POLYPECTOMY,CAPTIFL","IE498","L:20","","M00562422"
"32038","LINER,SUCTION,FLEX ADVANTAGE,1","IE498","L:50","","65651-920C"
"32287","CAPSULE,AGILE PATENCY","IE498","L:5","","FGS-0668"
"32527","GLOVE,EXAM,NITRILE,SM,LTX-FREE","IE498","L:4","","72-50901"
"32528","GLOVE,EXAM,NITRILE,MED,LTX-FRE","IE498","L:4","","72-50902"
"32529","GLOVE,EXAM,NITRILE,LG,LTX-FREE","IE498","L:4","","72-50903"
"32530","GLOVE,EXAM,NITRILE,XL,LTX-FREE","IE498","L:4","","72-50904"
"32710","DEVICE,DELIVERY,CAPSULE,ENDOSC","IE498","L:2","","711144"
"32712","TRAP,SPECIMEN W/2 STRAINERS,ET","IE498","L:25","","BX00711099"
"33761","ELECTRODE,MONITOR,ADULT,FOAM","IE498","L:60","","2670-3"
"33836","BAND,PATIENT,IDENTIFICATION,SH","IE498","L:3","","LDL-1-LA"
"33930","DIAPER,ADULT,PULL ON BRIEF,LG","IE498","L:10","","2116"
"35013","CATHETER,PH,VERSAFLEX,ADULT","IE498","L:10","","955907"
"35035","WIPES,DISPOSABLE,GERMICIDAL,SA","IE498","L:0","","Q55172"
"35069","CAP,IV,DISINFECT,CUROS,JET","IE498","L:30","","CFJ5-250"
"35136","CONNECTION,MANOMETRY,ANAL","IE498","L:10","","MSS-4581-3D"
"35165","TUBING,C02,IRRIGATION","IE498","L:8","","100622"
"35355","KIT,SUCTION,AIR/WATER,BIOPSY","IE498","L:60","","100310"
"35486","FLUSH,SALINE,10ML,IN 10ML SYR,","IE498","L:180","","306546"
"35511","JELLY,SURGILUBE,STERILE,5GM","IE498","L:40","","281020545"
"35623","SET,IFUSION,2-PIECE,MALE,LUER","IE498","L:4","","10942011"
"35845","FOOTWEAR,PATIENT,NON-SKID,MED,","IE498","L:10","","68125-TM"
"35847","FOOTWEAR,PATIENT,3XL","IE498","L:30","","68125-PUR"
"35848","FOOTWEAR,PATIENT,BROWN,BARIATR","IE498","L:20","","68125-BRN"
"37162","CATHETER,SAFETY,TEFLON,20GAX1.","IE498","L:20","","4252527-020"
"37293","BAG,EMESIS,BLUE","IE498","L:25","","EME-BAG"
"37918","CAPSULE,SMALL,BOWEL,SB3","IE498","L:5","","FGS-0498"
"37970","ATOMIZER,NASAL,MAD,INTRANASAL,","IE498","L:10","","MAD300"
"37985","WIPES,CLEANING,GERMICIDAL,HARD","IE498","L:0","","P54072"
"38101","GLASSES,SAFETY,PLSTC LES,CLR,U","IE498","L:3","","SV50A"
"38318","SENSOR,ADHESIVE,ADULT,ADTX,LNC","IE498","L:20","","1859"
"38683","SYRINGE,ENTERAL,MONOJET,ENFIT,","IE498","L:5","","460SE"
"38931","KIT,ALVEOSAMPLER TEST,NO SUBTR","IE498","L:10","","QT00827-P"
"39199","CUFF,BP,1 PIECE,ADULT,TUBELESS","IE498","L:25","","SOFT-11"
"39201","CUFF,BP,1 PIECE,ADULT,LARGE,TU","IE498","L:15","","30503-14A"
"39202","CUFF,BP,1 PIECE,ADULT,SMALL,TU","IE498","L:5","","30503-12A"
"39203","CUFF,BP,1 PIECE,ADULT,LONG,TUB","IE498","L:20","","SOFT-11L"
"39217","SOLUTION 30ML,CYTOLYT,TUBES 50","IE498","L:40","","ASY-15208"
"39563","SNARE,OVAL,COLD,10MM","IE498","L:60","","CS50011"
"39564","SNARE,OVAL,COLD,15MM","IE498","L:20","","CS50021"
"40307","GOWN,ISOLATION,PROCEDURE,UNIV,","IE498","L:60","","M00501972"
"40480","CONECTOR,ACE,W/ ENTERNAL ACCES","IE498","L:5","","485"
"40483","SYRINGE,FEEDING,ENFIT,60CC","IE498","L:5","","ENF60"
"40796","ADAPTOR,A/W,CLEANING,BIOGUARD","IE498","L:40","","BX00711788"
"41000","SENSOR,NONIN,7000A,PURELIGHT","IE498","L:0","","105720XL"
"41271","TUBING,OXYGEN CONNECTING,L 7FT","IE498","L:35","","1925"
"41392","TUBE,FEEDING GASTROSTOMY,MIC,2","IE498","L:3","","8100-20"
"41393","SET,EXTENSION,TUBE,FEEDING,GAS","IE498","L:1","","8140-16-3.5"
"41394","SET,EXTENSION,TUBE,FEEDING,GAS","IE498","L:1","","8140-18-3.0"
"41395","SET,EXTENSION,TUBE,FEEDING,GAS","IE498","L:3","","8140-20-3.5"
"41396","SET,EXTENSION,TUBE,FEEDING,GAS","IE498","L:1","","8140-24-4.0"
"41397","SET,EXTENSION,CONTINUOUS FEED,","IE498","L:5","","VED-1000"
"41399","KIT,PEG,MIC,SAFETY,PULL,20FR,6","IE498","L:1","","8180-20"
"41400","KIT,PEG,MIC,SAFETY,PUSH,20FR,6","IE498","L:1","","8170-20"
"41594","MASK,OXYGEN,PROCEDURAL","IE498","L:12","","1003-MM"
"41595","CANNULA,NASAL,O2,NON-FLARE TIP","IE498","L:25","","1365"
"42296","COLOWRAP","IE498","L:3","","CWB105"
"42328","COLOWRAP,SPLINTDEVICE,LG","IE498","L:3","","CWLW105"
"42329","COLONOSCOPY,SPLINTING DEVICE,X","IE498","L:3","","CWXX104"
"42373","ENDO,COMPLIANCE KIT","IE498","L:25","","DYKE1723A"
"42632","CATHETER,BALLOON,EXPULSION","IE498","L:10","","SR1B"
"42779","CAPSULE,CALIBRATION-FREE,REFLU","IE498","L:5","","FGS-0635"
"42780","FILTER,BRAVO","IE498","L:5","","FGS-0687"
"43651","BELT,SENSOR,PILLCAM","IE498","L:0","","FGS-0590"
"48663","SYSTEM,NEXPOWDER,ENDOSCOPIC,HE","IE498","L:0","","NHS03"
"49408","TUBING,OXYGEN CONNECTING,LENGT","IE498","L:0","","177447"
"49831","SWAB UTM ULT MINITIP FLK FLXB","IE498","L:5","","3C057N"
"50420","WIPES,PERSONAL,SKIN CLEANSING/","IE498","L:10","","MSC092503"
"50545","CULTURE,VENIPUNCTURE,23GA,BLOO","IE498","L:3","","CA58825"
"50617","SET,IV ADMIN,INF,SMARTSITE,NEE","IE498","L:0","","2420-0007"
"50641","IV ADMIN SET,SECONDARY,40 W/ H","IE498","L:10","","DYNDTA1540"
"50901","DILATOR,ESOPHAGEAL,5MM,STERILE","IE498","L:0","","CG-05-3"
"50902","DILATOR,ESOPHAGEAL,6MM,STERILE","IE498","L:0","","CG-06-3"
"50903","DILATOR,ESOPHAGEAL,7MM,STERILE","IE498","L:0","","CG-07-3"
"50904","DILATOR,ESOPHAGEAL,8MM,STERILE","IE498","L:0","","CG-08-3"
"50905","DILATOR,ESOPHAGEAL,9MM,STERILE","IE498","L:0","","CG-09-3"
"50906","DILATOR,ESOPHAGEAL,10MM,STERIL","IE498","L:0","","CG-10-3"
"50907","DILATOR,ESOPHAGEAL,11MM,STERIL","IE498","L:0","","CG-11-3"
"50908","DILATOR,ESOPHAGEAL,12MM,STERIL","IE498","L:0","","CG-12-3"
"50909","DILATOR,ESOPHAGEAL,13MM,STERIL","IE498","L:0","","CG-13-3"
"50910","DILATOR,ESOPHAGEAL,14MM,STERIL","IE498","L:0","","CG-14-3"
"50911","DILATOR,ESOPHAGEAL,15MM,STERIL","IE498","L:0","","CG-15-3"
"50912","DILATOR,ESOPHAGEAL,16MM,STERIL","IE498","L:0","","CG-16-3"
"50913","DILATOR,ESOPHAGEAL,17MM,STERIL","IE498","L:0","","CG-17-3"
"50914","DILATOR,ESOPHAGEAL,18MM,STERIL","IE498","L:0","","CG-18-3"
"50915","DILATOR,ESOPHAGEAL,19MM,STERIL","IE498","L:0","","CG-19-3"
"50916","DILATOR,ESOPHAGEAL,20MM,STERIL","IE498","L:0","","CG-20-3"
"50917","WIRE GUIDE CLEANGUIDE MARKED S","IE498","L:5","","DIS150"
"51103","KIT PATIENT TRANSFER HOVERMATT","IE498","L:0","",""
"59427","SCOPE,DUODENOSCOPE,EXALT,MODEL","IE498","L:0","",""
"59596","BAG,EMESIS,WHITE,HDPE","IE498","L:25","","NON80331"
"59597","CUP,SPECIMEN,WHT","IE498","L:6","",""
"59848","SWAB COLLECTION ANALYZER PART","IE498","L:4","",""
"61191","SET,PHILIPS,3 SURELEAD","IE498","L:40","","DLS-PHP3L-4F"
"61216","LINE,FILTER,ADULT NASAL,MICROS","IE498","L:15","","MVANOL"
"98006","BATTERY,AAA,NONRECHARGEABLE,AL","IE498","L:50","","PC2400"
"99015","BAG,PATIENT,BELONGING","IE498","L:200","","BIOBAGGY1820"
"129805","LABEL,BARCODE,1INX3IN","IE498","L:2","","DTL893"
"166","CELLULOSE,OXIDIZED,4 X 8IN,ABS","IE506","L:12","","1952S"
"177","TUBING,SUCTION,1/4IN X 12FT","IE506","L:20","","8888301622"
"180","STRAW,DRINKING,FLEXIBLE","IE506","L:5","","NON02315"
"214","TAPE,TRANSPORE,1IN,HYPO","IE506","L:6","","1527-1"
"434","GAUZE,OR,4X4,STERILE","IE506","L:20","","8045"
"439","SOLUTION,POVIDONE-IODINE 10%,T","IE506","L:6","","MDS093944"
"571","GAUZE,BANDAGE,KERLIX,4.5IN","IE506","L:5","","NON25865"
"588","CATH,URETHRAL,ROBINSON-NELATON","IE506","L:2","","8888492041"
"594","KIT,TRACH,CARE","IE506","L:2","","47890"
"1320","SILVER NITRATE APPLICATORS 6IN","IE506","L:4","",""
"1488","TIP,SUCTION,FRAZIER,18FR,STERI","IE506","L:5","","33180"
"1571","CAP/HOOD,SURGEON,CAP/HOOD,UNIV","IE506","L:2","","4359"
"1603","BANDAGE,TUBULAR,NYLON,SZ 6,25Y","IE506","L:2","","MT06"
"1604","SURGIFIX,SZ#8","IE506","L:2","","MT08"
"1607","SPONGE,GAUZE,4 X 4IN,NON-STER","IE506","L:4","","2556G"
"1622","UNDERPAD,BED,30X36IN,TRANQUILI","IE506","L:20","","2710"
"1624","ADAPTER,OXYGEN,W/NUT,STANDARD","IE506","L:5","","2555"
"1759","TUBE,TRACH,CUFFLESS,4CFS","IE506","L:2","","4UN65R"
"1787","BLADE,CLIPPER,SURGICAL,STERILE","IE506","L:5","","9660"
"1789","STAPLER,SKIN,SS,35 WIDE,W/SS S","IE506","L:4","","PXW35"
"1825","KIT,REMOVAL,STAPLE,STERILE,DIS","IE506","L:3","","PSX"
"1826","NEEDLE,HYPO,25GA X 1 1/2IN,REG","IE506","L:10","","305127"
"1827","NEEDLE,27GA X 1.5IN,DISPOSABLE","IE506","L:15","","1188827112"
"1828","NEEDLE,30GAX1/2IN,DISPOSABLE","IE506","L:40","","305106"
"1833","NEEDLE,SPINAL,18GAX3 1/2IN","IE506","L:2","","405184"
"1850","NEEDLE, SPINAL, 25 GA X 3.5 IN","IE506","L:6","","405180"
"1912","GLOVE,SURG,NAT RUBBER,SZ 6,POW","IE506","L:10","","41160"
"1913","GLOVE,BIOGEL,6.5,STERILE","IE506","L:12","","41165"
"1914","GLOVE,NON LATEX BIOGEL,7.5,STE","IE506","L:12","","41175"
"1915","GLOVE,BIOGEL,8,STERILE","IE506","L:10","","41180"
"1954","SCALPEL,#10,W/HANDLE,DISPOSABL","IE506","L:4","","372610"
"1955","SCALPEL,#11,W/HANDLE,DISPOSABL","IE506","L:4","","MDS15311"
"1956","SCALPEL,SURG,SZ #15,BARD PARKE","IE506","L:4","","372615"
"1972","TUBE,SUCTION,YANKAUER","IE506","L:4","","K86"
"1975","WOUND,CLOSURE STRIP,1/4IN X 4I","IE506","L:6","","R1546"
"1984","DRESSING,TELFA,NONADHER,3X8,ST","IE506","L:12","","1238"
"1988","GAUZE,IODOFORM,1/2IN","IE506","L:1","","7832"
"1994","SYRINGE,10CC,L/L","IE506","L:10","","302995"
"2016","STETHOSCOPE,MANUAL,DUAL HEAD,L","IE506","L:3","","6515-00-NIB-0115"
"2032","WOUND,CLOSURE STRIP,1/2IN X 4I","IE506","L:20","","R1547"
"2041","DRESSING,TRANSPARENT,4X4 3/4IN","IE506","L:5","","1616"
"2043","DRESSING,IMPREGNATED,3 X 3IN,O","IE506","L:6","","6112"
"2058","TUBE,TRACH,CUFFED,SIZE 6","IE506","L:3","","6CN75A"
"2059","TUBE,TRACH,LO CUFF PRES,SZ 8,L","IE506","L:3","","8CN85A"
"2093","DRAPE,APERUTURE,SMALL","IE506","L:6","","DYNJSD1020"
"2198","BANDAGE,ADH,PLSTC,ABSORB PAD,F","IE506","L:100","","44120"
"2242","MASK,OXYGEN,ADULT SZ 6","IE506","L:2","","HUD1930"
"2273","SUTURE,SILK,BLK BRD,SZ 2-0,L 1","IE506","L:3","","1588H"
"2343","SPECULA,OTOSCOPE,SMALL,4.25MM","IE506","L:3","","52434-U"
"2350","SUTURE,NYLON,PLIABILIZED,BLK M","IE506","L:12","","1667H"
"2351","SUTURE,ETHILON,6-0,697H,P1","IE506","L:5","","697H"
"2353","SUTURE,ETHILON,5 0,698H,P3","IE506","L:36","","698H"
"2544","CATHETER,COUDE,TIEMANN,12FR","IE506","L:4","","10112"
"2547","CATH,URETHRAL,TIEMANN,14FR,COU","IE506","L:1","","10114"
"2550","CATHETER,COUDE,TIEMANN,16FR","IE506","L:2","","10116"
"2553","CATH,URETHRAL,TIEMANN,18FR,COU","IE506","L:2","","10118"
"2565","CATH,URETHRAL,TIEMANN,20FR,COU","IE506","L:2","","10120"
"3427","BAG,PLASTIC,12X16IN","IE506","L:0","","EKN5396"
"3769","BANDAGE,COBAN,2IN,NONSTERILE","IE506","L:4","","2082"
"5410","BRUSH,SURGICAL,DRY,W/O DETERGE","IE506","L:10","","371603"
"5421","SUTURE,PROLENE,5-0,8698G,P3","IE506","L:12","","8698G"
"5595","GLOVE,BIOGEL,7,STERILE","IE506","L:15","","41170"
"5960","SPONGE,GAUZE,2 X 2IN,STER,8-PL","IE506","L:25","","1806G"
"6086","MASK,SURGICAL,W/SHIELD,TIE","IE506","L:50","","15330"
"6153","PUNCH,BIOPSY,BAKER,3MM,STERILE","IE506","L:4","","33-32"
"6154","PUNCH,BIOPSY,BAKER,3.5MM,STERI","IE506","L:4","","33-33"
"6291","TAPE,ADHESIVE,CLOTH,1IN","IE506","L:3","","1538-1"
"6353","APPLICATOR,TIPPED,COTTO,L 6IN,","IE506","L:50","","MDS202000"
"6357","TISSUE,FACIAL,2-PLY,8 X 8IN,10","IE506","L:8","","48550"
"6555","BAG,TRANSPORT,SPECIMEN,BIOHAZA","IE506","L:100","","AR69P"
"6632","PUNCH,BIOPSY,BAKER,4MM,STERILE","IE506","L:4","","P450"
"7689","HOLDER,DRESSING,NASAL","IE506","L:6","","600"
"8429","CANNULA,INNER,DISP,#6","IE506","L:5","","6IC75"
"8690","CATHETER,JELCO,IV,14GA X 1.25","IE506","L:50","","4251717-020"
"8772","ELECTRODE,PATIENT,RETURN,VALLE","IE506","L:12","","E7507"
"9057","BATTERY,AA,NONRECHARGEABLE,ALK","IE506","L:4","","PC1500"
"9295","PAD,ALCOHOL,70% ISOPROPYL","IE506","L:200","","6818"
"9296","BANDAID,ADHESIVE,PLASTIC,STRIP","IE506","L:100","","44101"
"9299","KIT,SUCTION,14FR CATH,WHISTLE","IE506","L:3","","37424"
"9300","DEPRESSOR,TONGUE,WOOD,STL","IE506","L:100","","C1560-006"
"9301","SPONGE,GAUZE,4 X 4IN,100% COTT","IE506","L:25","","3033G"
"9305","DRESSING,GEN USE,ABD PAD,8 X 1","IE506","L:10","","9194A"
"9306","SPONGE,GAUZE,DRAIN,4 X 4IN,6-P","IE506","L:15","","7086"
"9311","BASIN,EMESIS,DISP,PLASTIC","IE506","L:100","","DYND80327N"
"9312","COTTON BALL,UNCOVERED,DIA 2IN,","IE506","L:2","","MDS21463"
"9313","CUP,STYROFOAM,6OZ,DISP","IE506","L:2","","6J6"
"9420","TRAY,IRRIGATION","IE506","L:1","","68800"
"9422","NEEDLE,HYPO,18GA X 1 1/2IN,REG","IE506","L:100","","305196"
"9427","SYRINGE,3CC,L/L","IE506","L:20","","1180300777"
"9432","SYRINGE,W/O NEEDLE,10ML,SLIP-T","IE506","L:6","","303134"
"9436","SYRINGE,60CC,CATH TIP","IE506","L:2","","309620"
"9554","SYRINGE,CATH TIP,BULB,60ML,PLS","IE506","L:2","","67000"
"9625","TOWEL,SURGICAL,BARRIER,PACK","IE506","L:4","","3520"
"9626","SPECIMEN TRAP,MUCOUS,40CC","IE506","L:4","","DYND44180"
"9922","MASK,SURG,MOLDED","IE506","L:100","","NON27381"
"10377","BATTERY,ALKALINE,SZ D,DURACELL","IE506","L:4","","MN1300CT"
"10931","TAPE,ADHESIVE,PAPER,1I,HYPO","IE506","L:6","","1530-1"
"10934","SNGE,5ML,LUER LOCK","IE506","L:10","","309646"
"10936","SYRINGE,W/O NEEDLE,20ML,LL TIP","IE506","L:5","","1182000777"
"10938","CUP,MEDICINE,10Z,PLASTIC","IE506","L:2","","DYND80000N"
"12888","KIT,ANTI-FOG,W/SPONGE,DROPPER","IE506","L:6","","CF-1002"
"13843","MASK,FACE,SURG,W/O SHIELD,PLTD","IE506","L:100","","AT74535"
"14330","SPONGE,NEURO,.5X3IN,PATTIE","IE506","L:5","","NEUROSPNG09"
"14774","STOPCOCK,4WAY,LUER LOCK","IE506","L:10","","1168336"
"18141","DRESSING,GEN USE,ISLAND,4 X 4I","IE506","L:10","","7550"
"18274","REMOVER,ADHESIVE,WIPE","IE506","L:50","","30039"
"18827","HOLDER,TUBE,TRACH,3/4IN,ADJ","IE506","L:6","","240"
"18937","SUTURE, CHROMIC, SIZE 3-0, SH","IE506","L:20","","G122H"
"19360","SUCTION,CANISTER,DISPOSABLE,W/","IE506","L:12","","65651-212"
"19551","BANDAGE,ELASTIC,SAFEWRAP,LF,4I","IE506","L:3","","MDS087004LF"
"19898","SYRINGE,CONTROL,10ML,LUER LOCK","IE506","L:4","","309695"
"19957","T TUBE,VENTILATION,GOODE","IE506","L:5","","10-16010"
"19973","PIN,ADAPTER,ACCESS VIAL,2202E","IE506","L:10","","2202E"
"20028","BLADES,MYRINGOTOMY 715,SPEAR","IE506","L:5","","1458276"
"20126","SUTURE, PLAIN, GUT 5 0, NEEDLE","IE506","L:24","","1915G"
"20178","SPECULA,OTOSCOPE,5MM","IE506","L:10","","WA52135H"
"20268","KIT,PHENOL,APPLICATOR","IE506","L:4","","15-06"
"20557","WIPES,CLEANING,GERMICIDAL,HARD","IE506","L:0","","P13872"
"20621","WIPES, PDI EASY SCREEN","IE506","L:0","","P03672"
"20943","GOWN,ISOLATION,DISPOSABLE,FULL","IE506","L:20","","A69961-C"
"21022","KIT,DRESSING,EAR,STERILE","IE506","L:2","","S-1000"
"22288","TAPE,MEDICAL,SOFT CLOTH,2IN","IE506","L:6","","2862"
"22350","SOAP, SURGICAL HAND PREP, AVAG","IE506","L:2","","9200"
"22351","SYRINGE,TB,1CC,28GAX1/2IN,SAFE","IE506","L:4","","8881882812"
"22546","ADHESIVE,SKIN CLOSURE,TOPICAL","IE506","L:6","","LX6"
"22967","CENTURION SEWN","IE506","L:12","","67535"
"22974","RETRACTOR,6.5IN,SENN","IE506","L:20","","66795"
"23157","STRIP,GLUCOSE TESTING,ACCU-CHE","IE506","L:2","","5942861001"
"23359","TUBE,LARYNGECTOMY,PROVOX,LARYT","IE506","L:5","","7611"
"23876","TIPS,ASPIRATOR,SURG-O-VAC II,,","IE506","L:2","","77225"
"23910","PUNCH,BIOPSY,2MM,STERILE","IE506","L:5","","9033502"
"24139","VALVE,ENDO,SUCTION,EVIS MDL,RE","IE506","L:20","","MAJ-209"
"24557","TUBE,TRACH,SZ 4,CUFFED,LO PRES","IE506","L:0","","4DIC"
"24811","COVER,THERMOMETER PROBE,SURETE","IE506","L:3","","05031-750"
"26930","MASK,FACE,PROCEDURE,FULL PLTD,","IE506","L:50","","15111"
"27022","DRESSING,HYDROCOLLOID,4 X 5IN,","IE506","L:5","","422299"
"27104","PAPER,EKG,FOR ZOLL M SERIES,FA","IE506","L:3","","8000-000877-01"
"27144","BLADE,DERMA,PERSONNA","IE506","L:10","","72-0001-0000"
"27642","SEALANT,SURG,FLOSEAL,COLLAGEN/","IE506","L:2","","ADS202105"
"27723","FORCEP,BIOPSY,ALLIGATOR JAW,2M","IE506","L:5","","FB-221D.A"
"27898","GEL,AQUASONIC,20MG","IE506","L:10","","1-Jan"
"27936","SUTURE,BRAIDED VICRYL,4-0,18IN","IE506","L:12","","J496H"
"27947","SUTURE,VICRYL PLUS,UND BRD,SZ","IE506","L:12","","VCP593G"
"27949","SUTURE,VICRYL PLUS,UND BRD,SZ","IE506","L:36","","VCP427H"
"27955","SUTURE,VICRYL PLUS,UND BRD,SZ","IE506","L:36","","VCP214H"
"27990","TUBE,TRACH,SHILEY XLT,SZ 6,UNC","IE506","L:2","","60XLTUP"
"28481","TOWEL,RAYPAQUE,SAFETY,STERILE,","IE506","L:3","","AVID262"
"28628","WICK,EAR,9 X 15MM,MEROCEL POPE","IE506","L:50","","400141"
"28829","CORD,12FT,BIOPOLAR,FOOTSWITCHI","IE506","L:10","","E0512"
"28976","ELECTRODE,PENCIL,W/EDGE,HAND C","IE506","L:6","","E2450H"
"29094","MARKER,SKIN,MINI MARKER,PRE SU","IE506","L:1","","2715BN"
"29158","SUTURE,MONOCRYL,UND MONO,SZ 4-","IE506","L:15","","MCP494G"
"29159","SUTURE,MONOCRYL,UND MONO,SZ 5-","IE506","L:10","","MCP493G"
"29255","RULER,MEASURING,WOUND,PAPER,DI","IE506","L:2","","MSCEDURULER"
"29306","EPISTAXIS,5.5CM,UNILATERAL,INF","IE506","L:20","","550"
"29451","VIAL,PREFILLED,BUFFERED,FORMAL","IE506","L:2","","NB0507"
"29493","SOLUTION,IRRIGATION,STER WATER","IE506","L:5","","2F7112"
"29494","SOLUTION,IRRIGATION,0.9% NACL,","IE506","L:6","","R5201-01"
"29559","CANNULA,INNER,TRACH,SZ 6,EXTD","IE506","L:5","","60XLTIN"
"29637","DRESSING,TRANSPARENT,2 3/8 X 4","IE506","L:50","","3584"
"29704","NEEDLE,INSULATED BOVIE TIP","IE506","L:4","","138105"
"29885","CHLORAPREP,ONE STEP,3ML","IE506","L:20","","930400"
"29958","TUBE,LARYNGECTOMY,PROVOX LARYT","IE506","L:2","","7602"
"29959","TUBE,LARYNGECTOMY,PROVOX LARYT","IE506","L:0","","7610"
"29960","TUBE,LARYNGECTOMY,SZ-12/36,LAR","IE506","L:2","","7614"
"30039","DRESSING,XEROFORM,PETROLATUM,F","IE506","L:25","","8884433605"
"30058","SWAB,POVIDONE IODINE,10% W/V","IE506","L:30","","S41350"
"30263","SOLUTION,HYDROGENPEROXIDE,3%,1","IE506","L:10","","APLP1012BK"
"30264","ALCOHOL,ISOPROPYL,70%,4OZ BOTT","IE506","L:3","","I0020"
"30814","SPONGE,ENZYMATIC,DUAL,RED","IE506","L:30","","345OSP"
"30816","KIT,ENDOSCOPY,BEDSIDE,SLR PHAS","IE506","L:3","","345EPO"
"31281","NEEDLE,BIOPSY,COAX,ACHIEVE,14G","IE506","L:3","","CA1411"
"32038","LINER,SUCTION,FLEX ADVANTAGE,1","IE506","L:6","","65651-920C"
"32185","TUBE,VENTILATION,REUTER BOBBIN","IE506","L:5","","10-10201"
"32419","VALVE,BIOPSY","IE506","L:20","","MAJ-1218"
"32463","ADHESIVE,LIQUID,MASTISOL","IE506","L:25","","0523-48"
"32527","GLOVE,EXAM,NITRILE,SM,LTX-FREE","IE506","L:4","","72-50901"
"32528","GLOVE,EXAM,NITRILE,MED,LTX-FRE","IE506","L:6","","72-50902"
"32529","GLOVE,EXAM,NITRILE,LG,LTX-FREE","IE506","L:6","","72-50903"
"32530","GLOVE,EXAM,NITRILE,XL,LTX-FREE","IE506","L:4","","72-50904"
"32769","DRESSING,NASAL,LAMINATED,4.5CM","IE506","L:5","","470401"
"32770","DRESSING,NASAL,LAMINATED,8CM","IE506","L:10","","470404"
"33558","COLD PACK,INSTANT,4X6","IE506","L:5","","SCP50"
"35035","WIPES,DISPOSABLE,GERMICIDAL,SA","IE506","L:0","","Q55172"
"35121","SYRINGE,1ML,SLIP,TIP","IE506","L:10","","309659"
"35486","FLUSH,SALINE,10ML,IN 10ML SYR,","IE506","L:15","","306546"
"35511","JELLY,SURGILUBE,STERILE,5GM","IE506","L:144","","281020545"
"35785","PACK,LUMPNBUMP,CUSTOM SURGICAL","IE506","L:6","","VAPX033-02"
"36893","CAUTERY,SURGICAL,HIGH TEMP,ELO","IE506","L:10","","AA21"
"37163","BASIN,WASH,PLASTIC,DISPOSABLE,","IE506","L:6","","DYND80347"
"37596","FORCEP,STERILE,LUCAE,5.5IN","IE506","L:15","","66415"
"37597","FORCEPT,BAYONET,EAR,JANSEN,SER","IE506","L:20","","66490"
"37599","SPECULUM,NASAL,STERILE","IE506","L:30","","NSP500ST"
"37970","ATOMIZER,NASAL,MAD,INTRANASAL,","IE506","L:25","","MAD300"
"37985","WIPES,CLEANING,GERMICIDAL,HARD","IE506","L:0","","P54072"
"38083","SCISSORS,IRIS,CVD,STERILE,SING","IE506","L:20","","66150"
"38084","HOLDER,NEEDLE,WEBSTER,STERILE,","IE506","L:10","","67120"
"38085","SCISSORS,IRIS,ST,STERILE KIT,S","IE506","L:15","","66155"
"38101","GLASSES,SAFETY,PLSTC LES,CLR,U","IE506","L:1","","SV50A"
"38362","FORCEP,ADSON BROWN,DRESSING,ST","IE506","L:15","","66195"
"38418","PRINTING PACK,COLOR,SELF-LAMIN","IE506","L:4","","UPC-R81MD"
"38892","MOSQUITO,CURVED,SI GLE-USE,5IN","IE506","L:6","","99-10-1730"
"39083","FRAZIER,BARON,SINGLE-USE,5FR","IE506","L:40","","31050"
"39199","CUFF,BP,1 PIECE,ADULT,TUBELESS","IE506","L:10","","SOFT-11"
"39201","CUFF,BP,1 PIECE,ADULT,LARGE,TU","IE506","L:12","","30503-14A"
"39202","CUFF,BP,1 PIECE,ADULT,SMALL,TU","IE506","L:5","","30503-12A"
"39217","SOLUTION 30ML,CYTOLYT,TUBES 50","IE506","L:5","","ASY-15208"
"40365","FORCEPS,ALLIGATOR,3.25,MICRO,S","IE506","L:6","","I68020"
"40862","ELECTRODE,3/16IN,BALL,UNIV HUB","IE506","L:4","","138103"
"41595","CANNULA,NASAL,O2,NON-FLARE TIP","IE506","L:2","","1365"
"41605","SPLINT,NASAL,CHITOSAN,DIS","IE506","L:2","","XG-108"
"41815","CAP,BOUFFANT,24IN,BLUE,FLUID P","IE506","L:1","","B24HD"
"42148","FORCEP,BIPOLAR ADSON,SERRATED","IE506","L:15","","20-1080I"
"42718","FRAZIER,SUCTION,BRANON,W/VENT,","IE506","L:30","","31030"
"42735","MASK,FACE,PROCEDURE,FULL PLTD,","IE506","L:100","","PPE-M-AS-SUR-S"
"43612","CANNULA,INNER,SHILEY,4IC65","IE506","L:5","","4IC65"
"43800","MUSHROOMS,EARTIPS,13MM","IE506","L:1","","ITA-8012978"
"43801","MUSHROO,.EARTIPS,14MM","IE506","L:1","","ITA-8012980"
"43802","MUSHROOM,EARTIPS,15MM","IE506","L:1","","ITA-8012982"
"43803","MUSHROOM,EARTIPS,19MM","IE506","L:1","","ITA-8012984"
"44714","TEST,COVID19,ANTIGEN,OTC,SELF-","IE506","L:5","","195264"
"44759","STRAIGHT SCISSOR W/SHARP/SHARP","IE506","L:5","","66260"
"44760","CRILE,HEMOSTATIC,STRAIGHT,FORC","IE506","L:0","","I67455"
"44871","HOOKS","IE506","L:10","","67105"
"44877","LITTAURE SCISSORS W/HOOK END.S","IE506","L:0","","66215"
"44892","HANDLE,SCALPEL,DISP,#3","IE506","L:0","","66825"
"44896","STRAIGHT SCISSORS","IE506","L:0","","66995"
"45148","ELTRD,BP,CELONPROBREATH,STRL,L","IE506","L:5","","WB990310"
"45172","TUBE,TRACH,SZ 7.5","IE506","L:3","","6UN75A"
"45175","TUBE, TRACH, 4UN65H","IE506","L:3","","4UN65H"
"45867","IMPL,NSL,20MM,LTR,ABS","IE506","L:1","","LATSYS20"
"45869","DEV,CRYOSURGICAL,CLARIFIX,HNDH","IE506","L:2","","CFX-2000"
"47343","DRSG,HEMOPORE,8CM,SIN NSL,BIOR","IE506","L:8","","5400-020-208"
"48301","CLNR,INST 13.5OZ,PREKLN,TRNSPT","IE506","L:3","",""
"48420","TUBE,TRACH,4CN65H,CUFFED","IE506","L:3","","4CN65A"
"48421","TUBE TRCH 8 79MM 12.2MM SHLY U","IE506","L:3","","8UN85A"
"49717","SCOPE,DIAGNOSTIC,FLEXIBLE,SING","IE506","L:20","","RLE1801"
"49724","SCOPE,THERAPEUTIC.FLEXIBLE,SIN","IE506","L:20","","RLE1E01"
"50064","TUBE MYRINGOTOMY PAPARELLA TYP","IE506","L:6","","70241044"
"50066","EXTERNAL NASAL SPLINT SM","IE506","L:5","","15-28111"
"50172","SWAB,SPECIMEN COLLECTION,REG A","IE506","L:25","","4142BX"
"50506","PENCIL,CAUTERY,ROCKER SWITCH,S","IE506","L:5","","703046000"
"50831","SCISSOR, LISTER BANDAGE,STERIL","IE506","L:0","","66855"
"50877","ALLIS TISSUE FORCEP ST","IE506","L:5","","I68170"
"59357","MASK,PROCEDURE,W/EYESHIELD","IE506","L:50","","AT74631"
"59597","CUP,SPECIMEN,WHT","IE506","L:8","",""
"59848","SWAB COLLECTION ANALYZER PART","IE506","L:6","",""
"60089","DRESSING,SORBACT 2X3IN","IE506","L:2","","76199-35"
"60090","DRESSING,SORBACT 3X6IN","IE506","L:2","","76199-37"
"78668","TIPS,SUCTION,7FR","IE506","L:40","","31070"
"96001","COTTON,BALL,STERILE","IE506","L:3","","30-030"
"98006","BATTERY,AAA,NONRECHARGEABLE,AL","IE506","L:0","","PC2400"
"98010","BAG,AMBU,W/PEEP VALVE,DISP","IE506","L:1","","520-611-001"
"99145","SUTURE,MONO.4-0,MCP496G,PS-2","IE506","L:15","","MCP496G"
"129808","CANNULA,INNER,TRACH,SZ 8,DIC S","IE506","L:5","","8IC85"
"214","TAPE,TRANSPORE,1IN,HYPO","IE509","L:3","","1527-1"
"215","TAPE,TRANSPORE,3IN","IE509","L:1","","1527-3"
"434","GAUZE,OR,4X4,STERILE","IE509","L:20","","8045"
"468","DIAPER,ADULT,BRIEF,LARGE,TAPE","IE509","L:2","","MSC33505"
"571","GAUZE,BANDAGE,KERLIX,4.5IN","IE509","L:8","","NON25865"
"865","PETROATUM,WHITE,5GM,FOILPAC","IE509","L:5","","8884433200"
"1320","SILVER NITRATE APPLICATORS 6IN","IE509","L:2","",""
"1583","GEL,ULTRASONIC,TRANSMISSION","IE509","L:2","","8-Mar"
"1622","UNDERPAD,BED,30X36IN,TRANQUILI","IE509","L:20","","2710"
"1624","ADAPTER,OXYGEN,W/NUT,STANDARD","IE509","L:4","","2555"
"1625","MASK,ADULT,PERCENTO","IE509","L:3","","1940"
"1771","BANDAGE,COBAN,4IN,NONSTERILE","IE509","L:1","","2084"
"1825","KIT,REMOVAL,STAPLE,STERILE,DIS","IE509","L:3","","PSX"
"1826","NEEDLE,HYPO,25GA X 1 1/2IN,REG","IE509","L:40","","305127"
"1828","NEEDLE,30GAX1/2IN,DISPOSABLE","IE509","L:5","","305106"
"1849","NEEDLE,SPINIAL,22GA X 3.5IN","IE509","L:25","","405181"
"1912","GLOVE,SURG,NAT RUBBER,SZ 6,POW","IE509","L:15","","41160"
"1913","GLOVE,BIOGEL,6.5,STERILE","IE509","L:12","","41165"
"1914","GLOVE,NON LATEX BIOGEL,7.5,STE","IE509","L:2","","41175"
"1915","GLOVE,BIOGEL,8,STERILE","IE509","L:10","","41180"
"1954","SCALPEL,#10,W/HANDLE,DISPOSABL","IE509","L:8","","372610"
"1955","SCALPEL,#11,W/HANDLE,DISPOSABL","IE509","L:10","","MDS15311"
"1956","SCALPEL,SURG,SZ #15,BARD PARKE","IE509","L:3","","372615"
"1984","DRESSING,TELFA,NONADHER,3X8,ST","IE509","L:6","","1238"
"1986","PACKING,WOUND,PLN,1/2IN X 5YD,","IE509","L:2","","7632"
"1994","SYRINGE,10CC,L/L","IE509","L:15","","302995"
"2032","WOUND,CLOSURE STRIP,1/2IN X 4I","IE509","L:10","","R1547"
"2041","DRESSING,TRANSPARENT,4X4 3/4IN","IE509","L:5","","1616"
"2046","NUGAUZE-IODOFORM-2IN-5YD/BT-ST","IE509","L:2","","NON256025"
"2189","WIPES,PERSONAL,TOWELETTE,PRE-M","IE509","L:300","","MDS094181"
"2198","BANDAGE,ADH,PLSTC,ABSORB PAD,F","IE509","L:100","","44120"
"2343","SPECULA,OTOSCOPE,SMALL,4.25MM","IE509","L:1","","52434-U"
"3769","BANDAGE,COBAN,2IN,NONSTERILE","IE509","L:5","","2082"
"5070","SOLUTION,INTRAVENOUS,IN 0.9% N","IE509","L:10","","2B1322Q"
"5595","GLOVE,BIOGEL,7,STERILE","IE509","L:3","","41170"
"5960","SPONGE,GAUZE,2 X 2IN,STER,8-PL","IE509","L:25","","1806G"
"6153","PUNCH,BIOPSY,BAKER,3MM,STERILE","IE509","L:2","","33-32"
"6154","PUNCH,BIOPSY,BAKER,3.5MM,STERI","IE509","L:3","","33-33"
"6353","APPLICATOR,TIPPED,COTTO,L 6IN,","IE509","L:20","","MDS202000"
"6357","TISSUE,FACIAL,2-PLY,8 X 8IN,10","IE509","L:6","","48550"
"6555","BAG,TRANSPORT,SPECIMEN,BIOHAZA","IE509","L:200","","AR69P"
"6632","PUNCH,BIOPSY,BAKER,4MM,STERILE","IE509","L:4","","P450"
"8983","CUFF,B/P,ADULT,25,35CM,H/P,MED","IE509","L:2","","REUSE-11"
"9057","BATTERY,AA,NONRECHARGEABLE,ALK","IE509","L:4","","PC1500"
"9295","PAD,ALCOHOL,70% ISOPROPYL","IE509","L:400","","6818"
"9296","BANDAID,ADHESIVE,PLASTIC,STRIP","IE509","L:100","","44101"
"9301","SPONGE,GAUZE,4 X 4IN,100% COTT","IE509","L:30","","3033G"
"9306","SPONGE,GAUZE,DRAIN,4 X 4IN,6-P","IE509","L:10","","7086"
"9309","BAG,PAPER,GROCERY,# 25","IE509","L:15","","NONBPB25H"
"9311","BASIN,EMESIS,DISP,PLASTIC","IE509","L:10","","DYND80327N"
"9313","CUP,STYROFOAM,6OZ,DISP","IE509","L:2","","6J6"
"9333","GOWN,SURG,REINFORCED,LG","IE509","L:3","","9011EL"
"9422","NEEDLE,HYPO,18GA X 1 1/2IN,REG","IE509","L:40","","305196"
"9427","SYRINGE,3CC,L/L","IE509","L:15","","1180300777"
"9432","SYRINGE,W/O NEEDLE,10ML,SLIP-T","IE509","L:10","","303134"
"9435","SYRINGE,60CC,L/L","IE509","L:10","","8881560125"
"9625","TOWEL,SURGICAL,BARRIER,PACK","IE509","L:25","","3520"
"9627","KIT,REMOVAL,SUTURE,STERILE,DIS","IE509","L:2","","Jun-00"
"9630","BAG,PAPER,KRAFT,10.75X5.25","IE509","L:25","","NONBPB5"
"9744","PAPER,EXAM,TABLE,18IN X 150FT,","IE509","L:4","","3-06-0002"
"9845","CUFF,B/P,ADULT,33,47CM,H/P,LAR","IE509","L:2","","REUSE-12"
"9922","MASK,SURG,MOLDED","IE509","L:100","","NON27381"
"10377","BATTERY,ALKALINE,SZ D,DURACELL","IE509","L:4","","MN1300CT"
"10934","SNGE,5ML,LUER LOCK","IE509","L:25","","309646"
"10936","SYRINGE,W/O NEEDLE,20ML,LL TIP","IE509","L:3","","1182000777"
"10938","CUP,MEDICINE,10Z,PLASTIC","IE509","L:1","","DYND80000N"
"12205","PAD,SANITARY,MATERNITY,3 X 11I","IE509","L:48","","1380A"
"13310","KIT,IV START,STERILE,L/F,CHLOR","IE509","L:3","","74464"
"13756","CURETTE,SUCTION,PIPLLE,ENDOMET","IE509","L:10","","8200"
"15063","TAMPON,CARDBOARD SLEEVE,TAMPAX","IE509","L:10","","822000"
"15218","SUTURE,PROLENE,4 0,8682G,PS2","IE509","L:5","","8682G"
"17305","ELECTRODE,CAUTERY,BALL TIP,5MM","IE509","L:5","","B0512"
"17597","ELECTRODE,EKG,RESTING,CONDUCTI","IE509","L:0","","31433538"
"18141","DRESSING,GEN USE,ISLAND,4 X 4I","IE509","L:4","","7550"
"18274","REMOVER,ADHESIVE,WIPE","IE509","L:30","","30039"
"18932","DRESSING,TRANSPARENT,2 3/8INX2","IE509","L:10","","1624W"
"19113","SCRUB,PREP,4% CHG,TOPICAL,4OZ","IE509","L:10","","MDS098710"
"19552","BANDAGE,ELASTIC,COMPRESSION,6I","IE509","L:3","","MDS087006LFG"
"19845","DRESSING,FOAM,4 X 4IN,SQ,WATER","IE509","L:8","","55544"
"20047","SET,EXTENSION,NEEDLELESS,VALVE","IE509","L:10","","MC33150"
"20286","BARRIER,SKIN,PROTECTIVE,PASTE,","IE509","L:1","","183910"
"20557","WIPES,CLEANING,GERMICIDAL,HARD","IE509","L:0","","P13872"
"20621","WIPES, PDI EASY SCREEN","IE509","L:0","","P03672"
"22139","NEEDLE,SAFETY,22GAX1.5,1M","IE509","L:20","","8881850215"
"22140","NEEDLE,SAFETY,25GAX5/8IN","IE509","L:20","","8881850558"
"22141","NEEDLE,SAFETY,23GAX1IN","IE509","L:20","","8881850310"
"22142","NEEDLE,SAFETY,21GAX1IN,1M","IE509","L:4","","305915"
"22143","NEEDLE,FILTER,18GA X 1 1/2IN","IE509","L:15","","305211"
"22288","TAPE,MEDICAL,SOFT CLOTH,2IN","IE509","L:2","","2862"
"22351","SYRINGE,TB,1CC,28GAX1/2IN,SAFE","IE509","L:2","","8881882812"
"22546","ADHESIVE,SKIN CLOSURE,TOPICAL","IE509","L:3","","LX6"
"23037","MARKER,BREAST TISSUE,BIOPSY,DU","IE509","L:5","","866017D"
"23157","STRIP,GLUCOSE TESTING,ACCU-CHE","IE509","L:2","","5942861001"
"23412","PERINEAL,BOTTLE,IRRIGATION,8OZ","IE509","L:4","","DYND70125"
"24568","COVER,PROBE,3D","IE509","L:5","","20-P3D548"
"24811","COVER,THERMOMETER PROBE,SURETE","IE509","L:6","","05031-750"
"26930","MASK,FACE,PROCEDURE,FULL PLTD,","IE509","L:100","","15111"
"27104","PAPER,EKG,FOR ZOLL M SERIES,FA","IE509","L:2","","8000-000877-01"
"27702","LABELS,STERILE,MEDICATIONS","IE509","L:10","","9VAPH37-DTR"
"27892","SUTURE,VICRYL PLUS,UND BRD,SZ","IE509","L:6","","J415H"
"27898","GEL,AQUASONIC,20MG","IE509","L:3","","1-Jan"
"27967","SUTURE,3/0 VICRYL PLUS,SH,VCP4","IE509","L:5","","VCP416H"
"28481","TOWEL,RAYPAQUE,SAFETY,STERILE,","IE509","L:4","","AVID262"
"29067","PACKING,WOUND,PLN,1/4IN X 5YD,","IE509","L:2","","7631"
"29255","RULER,MEASURING,WOUND,PAPER,DI","IE509","L:1","","MSCEDURULER"
"29451","VIAL,PREFILLED,BUFFERED,FORMAL","IE509","L:2","","NB0507"
"29494","SOLUTION,IRRIGATION,0.9% NACL,","IE509","L:8","","R5201-01"
"29610","CHLORAPREP,10.5ML,HI LITE,ORAN","IE509","L:3","","930715"
"29885","CHLORAPREP,ONE STEP,3ML","IE509","L:7","","930400"
"30009","FORCEP,BIOPSY,ALLIGATOR JAW,2.","IE509","L:12","","FB-211K.A"
"30058","SWAB,POVIDONE IODINE,10% W/V","IE509","L:40","","S41350"
"30262","SOLUTION,POVIDONE IODINE,10%,1","IE509","L:20","","DYNDA2232A"
"30263","SOLUTION,HYDROGENPEROXIDE,3%,1","IE509","L:4","","APLP1012BK"
"30671","COVER,SHEATH,DISPOSABLE","IE509","L:6","","52640"
"32463","ADHESIVE,LIQUID,MASTISOL","IE509","L:20","","0523-48"
"32527","GLOVE,EXAM,NITRILE,SM,LTX-FREE","IE509","L:5","","72-50901"
"32528","GLOVE,EXAM,NITRILE,MED,LTX-FRE","IE509","L:6","","72-50902"
"32529","GLOVE,EXAM,NITRILE,LG,LTX-FREE","IE509","L:5","","72-50903"
"32530","GLOVE,EXAM,NITRILE,XL,LTX-FREE","IE509","L:5","","72-50904"
"33558","COLD PACK,INSTANT,4X6","IE509","L:50","","SCP50"
"33643","MARKER,SEE-THROUGH RING,O-SPOT","IE509","L:2","","782"
"33659","APERTURE TROCANTER,9GA,13CM,12","IE509","L:5","","EVIVA_0913-12T"
"33660","APERTURE,9GA,13CM,20MM","IE509","L:2","","EVIVA_0913-20"
"33661","NEEDLE,GUIDE,9GA","IE509","L:5","","EVIVA_NG09L"
"33662","CANISTER,SUCTION,W/LID","IE509","L:10","","ATEC CANISTER"
"33665","WIRE,20GX5CM,GHIATA,BEADED,BRE","IE509","L:3","","47520"
"33748","TOWEL,PATIENT,2PLY,POLY,19X13,","IE509","L:250","","1126749"
"34090","MARKER,BREAST,TISSUE,ULTRACLIP","IE509","L:2","","863017D"
"35035","WIPES,DISPOSABLE,GERMICIDAL,SA","IE509","L:0","","Q55172"
"35069","CAP,IV,DISINFECT,CUROS,JET","IE509","L:2","","CFJ5-250"
"35375","MARKER,SKIN,S SPOT","IE509","L:2","","783"
"35383","BREAST BIOPSY & EXCISION SYS,T","IE509","L:5","","ATEC TF-1"
"35391","TRIMARK,MARKER,MRI,HOURGLASS","IE509","L:5","","TRIMARK2S13MR"
"35393","INTRODUCER,BREAST BIOPSY&EXCIS","IE509","L:2","","ILS0914-12"
"35394","INTRODUCER,BREAST BIOPSY&EXCIS","IE509","L:2","","ILS 0914-20"
"35395","MRI GUIDED BIOPSY/EXCISION SYS","IE509","L:2","","0914-12MR"
"35396","DEVICE,BX,HANDPIECE,9GA,20MM C","IE509","L:6","","ATEC-0914-20MR"
"35486","FLUSH,SALINE,10ML,IN 10ML SYR,","IE509","L:5","","306546"
"35511","JELLY,SURGILUBE,STERILE,5GM","IE509","L:144","","281020545"
"35846","FOOTWEAR,PATIENT,YELLOW,XL","IE509","L:8","","68125-YXLA"
"36310","HEMOSTAT,STRT,SATIN,STERILE,DI","IE509","L:4","","66485"
"36812","APPLICATOR,OBGN SWAB,8 INCH,NO","IE509","L:100","","C15052-008"
"37315","PLATE,GRID,MAMMO,IMMOBIZIATION","IE509","L:10","","784009FCS0590"
"37805","SERTERA 14G ULTRASOUD CORE BIO","IE509","L:15","","SERTERA-14"
"37970","ATOMIZER,NASAL,MAD,INTRANASAL,","IE509","L:10","","MAD300"
"37985","WIPES,CLEANING,GERMICIDAL,HARD","IE509","L:0","","P54072"
"38082","FORCEP,ADSON,STERILE,SINGLE US","IE509","L:10","","SS11-1021 F"
"38083","SCISSORS,IRIS,CVD,STERILE,SING","IE509","L:2","","66150"
"38084","HOLDER,NEEDLE,WEBSTER,STERILE,","IE509","L:5","","67120"
"38085","SCISSORS,IRIS,ST,STERILE KIT,S","IE509","L:2","","66155"
"38362","FORCEP,ADSON BROWN,DRESSING,ST","IE509","L:10","","66195"
"38381","VAGINAL SPEC,KLEENSPEC,SINGLE-","IE509","L:14","","59004-LED"
"38459","CAP,MALE,TIPS,DISINFECTION,3M","IE509","L:4","","CM5-200"
"38460","FINDER,OS,DISPOSABLE","IE509","L:10","","920019"
"39217","SOLUTION 30ML,CYTOLYT,TUBES 50","IE509","L:2","","ASY-15208"
"41595","CANNULA,NASAL,O2,NON-FLARE TIP","IE509","L:2","","1365"
"42735","MASK,FACE,PROCEDURE,FULL PLTD,","IE509","L:150","","PPE-M-AS-SUR-S"
"44714","TEST,COVID19,ANTIGEN,OTC,SELF-","IE509","L:10","","195264"
"44718","SWAB,STERILE,SCOPETTES,8INCH","IE509","L:20","","34-7022-50"
"48289","SYS,BRSTBIO,5CM,SAVI,SCOUT,DLV","IE509","L:10","","SSR05-01"
"48292","SYS,BRSTBIO,7.5CM,SAVI,SCOUT,D","IE509","L:4","","SSR75-01"
"48301","CLNR,INST 13.5OZ,PREKLN,TRNSPT","IE509","L:5","",""
"48688","NEEDLE,BIOPSY,14GX10","IE509","L:5","","MQ1410"
"50292","KIT,XPERT,SWB,SPEC CLT","IE509","L:50","","SWAB/G-50"
"50415","TRAY PARACERVICAL-PUDENDAL BLO","IE509","L:6","","DYNJRA9046"
"50617","SET,IV ADMIN,INF,SMARTSITE,NEE","IE509","L:0","","2420-0007"
"50829","STERILE SPONGE FORCEP, 9 1/2","IE509","L:15","","66360"
"50830","SCISSOR, IRIS, SATIN CURVED,DI","IE509","L:0","",""
"50831","SCISSOR, LISTER BANDAGE,STERIL","IE509","L:0","","66855"
"50835","SOUND UTERINE SIMS 13IN GRADUA","IE509","L:0","","67465"
"50836","STERILE RUSSIAN FORCEP 8 INCH","IE509","L:0","","67735"
"50842","LG SPECULUM-PEDERSON, STERILE,","IE509","L:20","","276VLST"
"50847","SPECULUM,GRAVES,PEDIATRIC,STER","IE509","L:0","","GV10PDST"
"50848","SPECULUM,VAGINAL,STERILE - LAR","IE509","L:0","","GVS10LST"
"50849","SPECULUM VAGINAL GRAVES DISPO","IE509","L:0","","GVS10MST"
"50852","UTERINE DILATOR,HEGAR , 3-4MM,","IE509","L:0","","HUD34ST"
"50853","FIXED-DIAMETER CERVICAL DILATO","IE509","L:0","","HUD56ST"
"50854","DILATOR HEGAR UTERINE 8IN 7-8M","IE509","L:0","","HUD78ST"
"50857","FORCEPS LK MOSQT CURV STER5","IE509","L:0","","I68155"
"50858","CLAMP,VAS,FIXATION,STERILE,DIS","IE509","L:0","","I68200"
"50862","ST KEV-YOUNGE BPSY FCP/TEETH 1","IE509","L:0","","I68485"
"50863","FORCEPS BIOPSY CENTURION TISCH","IE509","L:10","","I68490"
"50868","ST IUD REMOVAL HOOK 10 504090","IE509","L:0","","I68785"
"50869","STERILE 9-1/2' TENACULUM FORCE","IE509","L:15","","TRI66875"
"50870","FORCEPS SURGICAL ADSON 4.75IN","IE509","L:0","","66190"
"59197","KLEENSPEC,DISPOSABLE,590 SERIE","IE509","L:15","","59000-LED"
"59198","KLEENSPEC,DISPOSABLE,MED,590 S","IE509","L:25","","59001-LED"
"59199","KLEENSPEC,DISPOSABLE,XSML,590","IE509","L:4","","590XS-LED"
"59597","CUP,SPECIMEN,WHT","IE509","L:25","",""
"59848","SWAB COLLECTION ANALYZER PART","IE509","L:10","",""
"96001","COTTON,BALL,STERILE","IE509","L:2","","30-030"
"96017","FORCEP,KELLY,CVD,5.5IN,DISP","IE509","L:6","","SS09-0627 F"
"98006","BATTERY,AAA,NONRECHARGEABLE,AL","IE509","L:4","","PC2400"
"99073","OIL,ESSENTIAL,LAVENDER,AROMATA","IE509","L:3","","372"
"81","KIT,SUCTION,18FR CATH,WHISTLE","IE514","L:2","","DYND40974"
"89","COVER,SHOE,SIZE 8 TO 12","IE514","L:1","","4852"
"177","TUBING,SUCTION,1/4IN X 12FT","IE514","L:6","","8888301622"
"178","DRAIN,PLUER,EVAC,CHEST","IE514","L:1","","S-1100-08LF"
"180","STRAW,DRINKING,FLEXIBLE","IE514","L:20","","NON02315"
"214","TAPE,TRANSPORE,1IN,HYPO","IE514","L:6","","1527-1"
"215","TAPE,TRANSPORE,3IN","IE514","L:5","","1527-3"
"434","GAUZE,OR,4X4,STERILE","IE514","L:30","","8045"
"571","GAUZE,BANDAGE,KERLIX,4.5IN","IE514","L:5","","NON25865"
"589","KIT,LUMBAR PU CTURE,DIAMOND PT","IE514","L:2","","26-LP1SFDA"
"1583","GEL,ULTRASONIC,TRANSMISSION","IE514","L:20","","8-Mar"
"1603","BANDAGE,TUBULAR,NYLON,SZ 6,25Y","IE514","L:1","","MT06"
"1606","SPONGE,GAUZE,GEN USE,2 X 2IN,8","IE514","L:3","","NON25208"
"1622","UNDERPAD,BED,30X36IN,TRANQUILI","IE514","L:6","","2710"
"1624","ADAPTER,OXYGEN,W/NUT,STANDARD","IE514","L:10","","2555"
"1626","CONNECTOR,TUBING,OXYGEN","IE514","L:50","","1811"
"1627","MASK,OXYGEN,NON-REBREATHER,ADU","IE514","L:3","","1060"
"1787","BLADE,CLIPPER,SURGICAL,STERILE","IE514","L:20","","9660"
"1821","TUBE,EXTENSION,K51","IE514","L:6","","2C6226"
"1824","ADAPTER,CATHETER,BD,DISPOSABLE","IE514","L:3","","403250"
"1826","NEEDLE,HYPO,25GA X 1 1/2IN,REG","IE514","L:10","","305127"
"1834","NEEDLE,SPINAL,QUINCKE,20GA,L 3","IE514","L:9","","405182"
"1849","NEEDLE,SPINIAL,22GA X 3.5IN","IE514","L:4","","405181"
"1888","BULB, RESERVOIR, DRAINAGE, 100","IE514","L:2","","SU130-1305"
"1913","GLOVE,BIOGEL,6.5,STERILE","IE514","L:25","","41165"
"1914","GLOVE,NON LATEX BIOGEL,7.5,STE","IE514","L:15","","41175"
"1915","GLOVE,BIOGEL,8,STERILE","IE514","L:20","","41180"
"1955","SCALPEL,#11,W/HANDLE,DISPOSABL","IE514","L:5","","MDS15311"
"1956","SCALPEL,SURG,SZ #15,BARD PARKE","IE514","L:8","","372615"
"1972","TUBE,SUCTION,YANKAUER","IE514","L:4","","K86"
"1994","SYRINGE,10CC,L/L","IE514","L:25","","302995"
"1996","BANDAGE,ELASTOPLAST,3IN,UNSTER","IE514","L:3","","2595002"
"2010","DRAPE,TOWEL,18X24,STERILE","IE514","L:5","","D1010"
"2014","CONNECTOR,TUBING,5IN1,PLASTIC,","IE514","L:2","","501"
"2032","WOUND,CLOSURE STRIP,1/2IN X 4I","IE514","L:20","","R1547"
"2041","DRESSING,TRANSPARENT,4X4 3/4IN","IE514","L:50","","1616"
"2053","BAG,LEG,URINE,32OZ","IE514","L:10","","DYND12578"
"2242","MASK,OXYGEN,ADULT SZ 6","IE514","L:6","","HUD1930"
"2273","SUTURE,SILK,BLK BRD,SZ 2-0,L 1","IE514","L:5","","1588H"
"2800","GLOVE,BIOGEL,8.5,STERILE","IE514","L:10","","41185"
"3769","BANDAGE,COBAN,2IN,NONSTERILE","IE514","L:16","","2082"
"5038","SOLUTION,INTRAVENOUS,IN 0.9% N","IE514","L:20","","2B1323Q"
"5039","SOLUTION,INTRAVENOUS,IN 0.9% N","IE514","L:14","","2B1324X"
"5595","GLOVE,BIOGEL,7,STERILE","IE514","L:20","","41170"
"5645","IV,STAT,2","IE514","L:10","","MFS132"
"5960","SPONGE,GAUZE,2 X 2IN,STER,8-PL","IE514","L:30","","1806G"
"6353","APPLICATOR,TIPPED,COTTO,L 6IN,","IE514","L:10","","MDS202000"
"6357","TISSUE,FACIAL,2-PLY,8 X 8IN,10","IE514","L:6","","48550"
"6555","BAG,TRANSPORT,SPECIMEN,BIOHAZA","IE514","L:100","","AR69P"
"8696","CATH,URETHRAL,FOLEY,2-WAY,16FR","IE514","L:2","","0196L16"
"9295","PAD,ALCOHOL,70% ISOPROPYL","IE514","L:600","","6818"
"9296","BANDAID,ADHESIVE,PLASTIC,STRIP","IE514","L:50","","44101"
"9301","SPONGE,GAUZE,4 X 4IN,100% COTT","IE514","L:10","","3033G"
"9305","DRESSING,GEN USE,ABD PAD,8 X 1","IE514","L:2","","9194A"
"9306","SPONGE,GAUZE,DRAIN,4 X 4IN,6-P","IE514","L:40","","7086"
"9313","CUP,STYROFOAM,6OZ,DISP","IE514","L:2","","6J6"
"9333","GOWN,SURG,REINFORCED,LG","IE514","L:4","","9011EL"
"9334","PACK,DRAPE,SHEET,STERILE,L/F,#","IE514","L:6","","29350"
"9402","GOWN,SURG,IMPERVIOUS,STER,DISP","IE514","L:6","","C9545"
"9414","TUBING,SUCTION,L 6FT,FEMALE CO","IE514","L:3","","8888301515"
"9415","URINAL,MALE,PLSTC,1000ML,W/LID","IE514","L:8","","DYND80235S"
"9419","TRAY,CATHETERIZATION,FOLEY","IE514","L:2","","5029"
"9421","SET,IV ADMIN EXT,L 20IN","IE514","L:3","","V5406"
"9427","SYRINGE,3CC,L/L","IE514","L:50","","1180300777"
"9432","SYRINGE,W/O NEEDLE,10ML,SLIP-T","IE514","L:4","","303134"
"9435","SYRINGE,60CC,L/L","IE514","L:5","","8881560125"
"9436","SYRINGE,60CC,CATH TIP","IE514","L:10","","309620"
"9720","RAZOR,SURGICAL,DBLE EDGED","IE514","L:2","","BRN1312"
"10931","TAPE,ADHESIVE,PAPER,1I,HYPO","IE514","L:3","","1530-1"
"10932","TAPE,ADHESIVE,PAPER,2IN","IE514","L:2","","1530-2"
"10934","SNGE,5ML,LUER LOCK","IE514","L:20","","309646"
"10936","SYRINGE,W/O NEEDLE,20ML,LL TIP","IE514","L:10","","1182000777"
"12981","NEEDLE,SPINAL,QUINCKE,22GA,L 5","IE514","L:3","","405148"
"13310","KIT,IV START,STERILE,L/F,CHLOR","IE514","L:25","","74464"
"13843","MASK,FACE,SURG,W/O SHIELD,PLTD","IE514","L:100","","AT74535"
"14774","STOPCOCK,4WAY,LUER LOCK","IE514","L:10","","1168336"
"18932","DRESSING,TRANSPARENT,2 3/8INX2","IE514","L:10","","1624W"
"19676","CATHETER,IV,SAFETY,18GA X1.25I","IE514","L:25","","3065"
"19677","CATHETER,IV,SAFETY,20GAX1.25IN","IE514","L:60","","3066"
"19678","CATHETER,IV,SAFETY,22GAX1IN","IE514","L:10","","306001"
"20057","CANNULA,NEEDLELESS,ACCESS VALV","IE514","L:20","","MC100"
"20074","CAP,ALARIS","IE514","L:15","","70804"
"20557","WIPES,CLEANING,GERMICIDAL,HARD","IE514","L:0","","P13872"
"22138","NEEDLE,SAFET,18GAX1.5IN,1M","IE514","L:40","","8881850815"
"22139","NEEDLE,SAFETY,22GAX1.5,1M","IE514","L:10","","8881850215"
"22141","NEEDLE,SAFETY,23GAX1IN","IE514","L:15","","8881850310"
"22142","NEEDLE,SAFETY,21GAX1IN,1M","IE514","L:15","","305915"
"22350","SOAP, SURGICAL HAND PREP, AVAG","IE514","L:2","","9200"
"22456","INTRODUCER,SHEATH,6FR,L 10CM,P","IE514","L:0","","RSB602"
"22546","ADHESIVE,SKIN CLOSURE,TOPICAL","IE514","L:12","","LX6"
"22843","BAG,DRAINAGE,2000ML","IE514","L:6","","154002"
"24113","NEEDLE HOLDER,STACKABLE","IE514","L:10","","364815"
"24204","DRAPE,FEMORAL,ANGIOGRAPHY","IE514","L:10","","29560"
"24352","DRESSING,PRESSURE","IE514","L:5","","2019"
"24568","COVER,PROBE,3D","IE514","L:30","","20-P3D548"
"27050","DECANTER,BAG,L/F","IE514","L:15","","10-102"
"27065","TAPE,MEDICAL,ELASTIC FOAM,3IN","IE514","L:3","","1528-3"
"27102","PAD,DEFIBRILLATION,ZOLL,5 X 6","IE514","L:2","","22770PC"
"27104","PAPER,EKG,FOR ZOLL M SERIES,FA","IE514","L:2","","8000-000877-01"
"27702","LABELS,STERILE,MEDICATIONS","IE514","L:5","","9VAPH37-DTR"
"27831","DRESSING,ANTIMICROBIAL,BIOPATC","IE514","L:20","","4150"
"27898","GEL,AQUASONIC,20MG","IE514","L:20","","1-Jan"
"27936","SUTURE,BRAIDED VICRYL,4-0,18IN","IE514","L:12","","J496H"
"27967","SUTURE,3/0 VICRYL PLUS,SH,VCP4","IE514","L:5","","VCP416H"
"28084","KIT,THORACENTESIS,PLEURAL CATH","IE514","L:1","","50-7000B"
"28481","TOWEL,RAYPAQUE,SAFETY,STERILE,","IE514","L:15","","AVID262"
"29404","SET,THORACENTESIS,30 INCH","IE514","L:15","","4653-48"
"29493","SOLUTION,IRRIGATION,STER WATER","IE514","L:8","","2F7112"
"29610","CHLORAPREP,10.5ML,HI LITE,ORAN","IE514","L:6","","930715"
"29611","CHLORAPREP,26ML,HI LITE,ORANGE","IE514","L:10","","930815"
"30205","SLING,PATIENT LIFT,DISPOSABLE","IE514","L:3","","AHD001"
"31896","DEVICE,STATLOCK,325PSI","IE514","L:25","","IV0563P"
"32038","LINER,SUCTION,FLEX ADVANTAGE,1","IE514","L:15","","65651-920C"
"32184","PACK,ANGIO,CUSTOM","IE514","L:5","","VAPX021-05"
"32527","GLOVE,EXAM,NITRILE,SM,LTX-FREE","IE514","L:4","","72-50901"
"32528","GLOVE,EXAM,NITRILE,MED,LTX-FRE","IE514","L:4","","72-50902"
"32529","GLOVE,EXAM,NITRILE,LG,LTX-FREE","IE514","L:4","","72-50903"
"32530","GLOVE,EXAM,NITRILE,XL,LTX-FREE","IE514","L:4","","72-50904"
"32973","WIRE,GLIDE,ADVANTAGE,260","IE514","L:2","","GA3502"
"33083","COVER,SNAP,CAP","IE514","L:0","","SNAPCAPST"
"33996","ELECTRODE,AED,ONESTEP","IE514","L:1","","8900-0214-01"
"35035","WIPES,DISPOSABLE,GERMICIDAL,SA","IE514","L:0","","Q55172"
"35069","CAP,IV,DISINFECT,CUROS,JET","IE514","L:10","","CFJ5-250"
"35121","SYRINGE,1ML,SLIP,TIP","IE514","L:2","","309659"
"35486","FLUSH,SALINE,10ML,IN 10ML SYR,","IE514","L:120","","306546"
"35604","PORT,SLIM,POWER INJECTABLE,8FR","IE514","L:4","","1618000"
"35886","DEVICE,VASCULAR CLOSURE,ANGIOS","IE514","L:2","","610130"
"35966","KIT,PEG,INTRO,18FR,MIC-KEY,LO","IE514","L:3","","98433"
"36752","INTERVENTIONAL,QUIKCLOT,W/OUT","IE514","L:5","","467-Z"
"36893","CAUTERY,SURGICAL,HIGH TEMP,ELO","IE514","L:2","","AA21"
"36908","PAPER,PRINTER,PATIENT MONITOR,","IE514","L:5","","FQW502100"
"38082","FORCEP,ADSON,STERILE,SINGLE US","IE514","L:15","","SS11-1021 F"
"38083","SCISSORS,IRIS,CVD,STERILE,SING","IE514","L:10","","66150"
"38084","HOLDER,NEEDLE,WEBSTER,STERILE,","IE514","L:3","","67120"
"38085","SCISSORS,IRIS,ST,STERILE KIT,S","IE514","L:4","","66155"
"38380","BOWL,STERILE,BLUE,32OZ","IE514","L:4","","SSK9002A"
"38683","SYRINGE,ENTERAL,MONOJET,ENFIT,","IE514","L:5","","460SE"
"38866","SYRINGE,ENFIT,12ML,MONOJECT","IE514","L:5","","412SE"
"39918","KIT,4FR,SINGLE LUMEN,3CG MAX","IE514","L:0","","1174108D"
"39919","KIT,5FR,DUAL FT,TAPER 3CG","IE514","L:0","","1275108FD"
"40308","TRAY,HEMODIALYSIS,16FRX31CM,EQ","IE514","L:3","","5913310"
"40483","SYRINGE,FEEDING,ENFIT,60CC","IE514","L:5","","ENF60"
"41271","TUBING,OXYGEN CONNECTING,L 7FT","IE514","L:12","","1925"
"41392","TUBE,FEEDING GASTROSTOMY,MIC,2","IE514","L:2","","8100-20"
"41395","SET,EXTENSION,TUBE,FEEDING,GAS","IE514","L:2","","8140-20-3.5"
"41403","TUBE,JEJUNAL,MIC,16FR,5.33MM,W","IE514","L:2","","8200-16"
"41562","TUBE,GASTROSTOMY,PEG,16FR,W/EN","IE514","L:3","","8110-16LV"
"41563","TUBE,FEEDING GASTROSTOMY,MIC,1","IE514","L:3","","8100-18"
"41595","CANNULA,NASAL,O2,NON-FLARE TIP","IE514","L:12","","1365"
"41815","CAP,BOUFFANT,24IN,BLUE,FLUID P","IE514","L:1","","B24HD"
"42735","MASK,FACE,PROCEDURE,FULL PLTD,","IE514","L:100","","PPE-M-AS-SUR-S"
"44086","SYRINGE,MEDICATION,HIGH-PRESSU","IE514","L:10","","DYNJSYRPC10R"
"45122","KIT,CATH,FOLE,16FR,SIL,LTX-FRE","IE514","L:2","","URO170816"
"45607","MASK,SURGICAL,ANTI-FOG ADHESIV","IE514","L:50","","49215"
"48301","CLNR,INST 13.5OZ,PREKLN,TRNSPT","IE514","L:10","",""
"49070","TRAY,BIOPSY,PROCEDURE","IE514","L:0","","DYNJTS0018A"
"49684","TUBING,DRAINAGE,48 IN,3-WAY,ST","IE514","L:10","","k08-03296"
"50617","SET,IV ADMIN,INF,SMARTSITE,NEE","IE514","L:0","","2420-0007"
"50641","IV ADMIN SET,SECONDARY,40 W/ H","IE514","L:15","","DYNDTA1540"
"50829","STERILE SPONGE FORCEP, 9 1/2","IE514","L:4","","66360"
"51103","KIT PATIENT TRANSFER HOVERMATT","IE514","L:2","",""
"59357","MASK,PROCEDURE,W/EYESHIELD","IE514","L:50","","AT74631"
"59596","BAG,EMESIS,WHITE,HDPE","IE514","L:36","","NON80331"
"59597","CUP,SPECIMEN,WHT","IE514","L:5","",""
"61271","SLING,COMFORT,X-LARGE,POLY,DIS","IE514","L:3","",""
"61404","BOTTLE,DRAINAGE,1000ML,SPIKE-A","IE514","L:10","","JGGSV1000SSP"
"78710","NEEDLE,COUNTER,MAGNET,FOAM BLO","IE514","L:0","","70512"
"96017","FORCEP,KELLY,CVD,5.5IN,DISP","IE514","L:15","","SS09-0627 F"
"98010","BAG,AMBU,W/PEEP VALVE,DISP","IE514","L:1","","520-611-001"
"99015","BAG,PATIENT,BELONGING","IE514","L:25","","BIOBAGGY1820"
"99077","VALVE,LOPEZ,ENFIT","IE514","L:5","","M9000-EF"
"129817","PACK,SURG,CUSTOM,INTERVENTION","IE514","L:10","","DYNJ0225569F"
"177","TUBING,SUCTION,1/4IN X 12FT","IE518","L:2","","8888301622"
"180","STRAW,DRINKING,FLEXIBLE","IE518","L:10","","NON02315"
"214","TAPE,TRANSPORE,1IN,HYPO","IE518","L:5","","1527-1"
"215","TAPE,TRANSPORE,3IN","IE518","L:2","","1527-3"
"434","GAUZE,OR,4X4,STERILE","IE518","L:10","","8045"
"587","SET,IRRIGATION,CYSTO,ROBERTS C","IE518","L:3","","2C4040"
"1583","GEL,ULTRASONIC,TRANSMISSION","IE518","L:4","","8-Mar"
"1622","UNDERPAD,BED,30X36IN,TRANQUILI","IE518","L:20","","2710"
"1624","ADAPTER,OXYGEN,W/NUT,STANDARD","IE518","L:2","","2555"
"1626","CONNECTOR,TUBING,OXYGEN","IE518","L:7","","1811"
"1627","MASK,OXYGEN,NON-REBREATHER,ADU","IE518","L:3","","1060"
"1776","PACK,HOT/COLD","IE518","L:10","","33500"
"1787","BLADE,CLIPPER,SURGICAL,STERILE","IE518","L:3","","9660"
"1821","TUBE,EXTENSION,K51","IE518","L:10","","2C6226"
"1824","ADAPTER,CATHETER,BD,DISPOSABLE","IE518","L:2","","403250"
"1826","NEEDLE,HYPO,25GA X 1 1/2IN,REG","IE518","L:5","","305127"
"1827","NEEDLE,27GA X 1.5IN,DISPOSABLE","IE518","L:15","","1188827112"
"1833","NEEDLE,SPINAL,18GAX3 1/2IN","IE518","L:5","","405184"
"1834","NEEDLE,SPINAL,QUINCKE,20GA,L 3","IE518","L:15","","405182"
"1849","NEEDLE,SPINIAL,22GA X 3.5IN","IE518","L:20","","405181"
"1850","NEEDLE, SPINAL, 25 GA X 3.5 IN","IE518","L:3","","405180"
"1912","GLOVE,SURG,NAT RUBBER,SZ 6,POW","IE518","L:12","","41160"
"1914","GLOVE,NON LATEX BIOGEL,7.5,STE","IE518","L:50","","41175"
"1915","GLOVE,BIOGEL,8,STERILE","IE518","L:20","","41180"
"1972","TUBE,SUCTION,YANKAUER","IE518","L:2","","K86"
"1994","SYRINGE,10CC,L/L","IE518","L:30","","302995"
"1998","CUP,DENTURE,8OZ,W/LID,PLASTIC","IE518","L:50","","DYND70293"
"2014","CONNECTOR,TUBING,5IN1,PLASTIC,","IE518","L:4","","501"
"2032","WOUND,CLOSURE STRIP,1/2IN X 4I","IE518","L:20","","R1547"
"2036","BLADE,SCALPEL,#11,W/O HANDLE","IE518","L:0","","371111"
"2041","DRESSING,TRANSPARENT,4X4 3/4IN","IE518","L:2","","1616"
"2093","DRAPE,APERUTURE,SMALL","IE518","L:2","","DYNJSD1020"
"2189","WIPES,PERSONAL,TOWELETTE,PRE-M","IE518","L:100","","MDS094181"
"2800","GLOVE,BIOGEL,8.5,STERILE","IE518","L:6","","41185"
"3429","BAG,PLASTIC,8X10IN,1.5ML,","IE518","L:0","","3429"
"3769","BANDAGE,COBAN,2IN,NONSTERILE","IE518","L:45","","2082"
"5070","SOLUTION,INTRAVENOUS,IN 0.9% N","IE518","L:6","","2B1322Q"
"5595","GLOVE,BIOGEL,7,STERILE","IE518","L:10","","41170"
"5960","SPONGE,GAUZE,2 X 2IN,STER,8-PL","IE518","L:300","","1806G"
"6291","TAPE,ADHESIVE,CLOTH,1IN","IE518","L:3","","1538-1"
"6357","TISSUE,FACIAL,2-PLY,8 X 8IN,10","IE518","L:8","","48550"
"6555","BAG,TRANSPORT,SPECIMEN,BIOHAZA","IE518","L:100","","AR69P"
"9057","BATTERY,AA,NONRECHARGEABLE,ALK","IE518","L:4","","PC1500"
"9295","PAD,ALCOHOL,70% ISOPROPYL","IE518","L:800","","6818"
"9296","BANDAID,ADHESIVE,PLASTIC,STRIP","IE518","L:200","","44101"
"9301","SPONGE,GAUZE,4 X 4IN,100% COTT","IE518","L:10","","3033G"
"9311","BASIN,EMESIS,DISP,PLASTIC","IE518","L:1","","DYND80327N"
"9313","CUP,STYROFOAM,6OZ,DISP","IE518","L:3","","6J6"
"9414","TUBING,SUCTION,L 6FT,FEMALE CO","IE518","L:2","","8888301515"
"9415","URINAL,MALE,PLSTC,1000ML,W/LID","IE518","L:3","","DYND80235S"
"9427","SYRINGE,3CC,L/L","IE518","L:30","","1180300777"
"9432","SYRINGE,W/O NEEDLE,10ML,SLIP-T","IE518","L:5","","303134"
"9435","SYRINGE,60CC,L/L","IE518","L:2","","8881560125"
"9436","SYRINGE,60CC,CATH TIP","IE518","L:8","","309620"
"9625","TOWEL,SURGICAL,BARRIER,PACK","IE518","L:2","","3520"
"9719","TUBING,OXYGEN CONNECTING,7FT,N","IE518","L:6","","1350"
"9720","RAZOR,SURGICAL,DBLE EDGED","IE518","L:2","","BRN1312"
"9922","MASK,SURG,MOLDED","IE518","L:50","","NON27381"
"10931","TAPE,ADHESIVE,PAPER,1I,HYPO","IE518","L:3","","1530-1"
"10934","SNGE,5ML,LUER LOCK","IE518","L:15","","309646"
"10936","SYRINGE,W/O NEEDLE,20ML,LL TIP","IE518","L:15","","1182000777"
"12112","PLUG,PROTECTION,EAR","IE518","L:100","","MAX-1"
"13310","KIT,IV START,STERILE,L/F,CHLOR","IE518","L:50","","74464"
"17294","SKIN PREP,ELECTROMEDICAL,ELECT","IE518","L:2","","30806726"
"18932","DRESSING,TRANSPARENT,2 3/8INX2","IE518","L:4","","1624W"
"19551","BANDAGE,ELASTIC,SAFEWRAP,LF,4I","IE518","L:10","","MDS087004LF"
"19678","CATHETER,IV,SAFETY,22GAX1IN","IE518","L:100","","306001"
"20047","SET,EXTENSION,NEEDLELESS,VALVE","IE518","L:50","","MC33150"
"20057","CANNULA,NEEDLELESS,ACCESS VALV","IE518","L:20","","MC100"
"20074","CAP,ALARIS","IE518","L:10","","70804"
"20557","WIPES,CLEANING,GERMICIDAL,HARD","IE518","L:4","","P13872"
"20621","WIPES, PDI EASY SCREEN","IE518","L:0","","P03672"
"20943","GOWN,ISOLATION,DISPOSABLE,FULL","IE518","L:20","","A69961-C"
"22138","NEEDLE,SAFET,18GAX1.5IN,1M","IE518","L:20","","8881850815"
"22139","NEEDLE,SAFETY,22GAX1.5,1M","IE518","L:5","","8881850215"
"22140","NEEDLE,SAFETY,25GAX5/8IN","IE518","L:5","","8881850558"
"22142","NEEDLE,SAFETY,21GAX1IN,1M","IE518","L:10","","305915"
"22351","SYRINGE,TB,1CC,28GAX1/2IN,SAFE","IE518","L:10","","8881882812"
"22755","DIAPER,ADULT,XLARGE","IE518","L:4","","66035"
"23725","TOURNIQUET,.75X18INCH,LATEX FR","IE518","L:1","","367203"
"23924","ELECTRODE-CLOTH-3M","IE518","L:5","","2570"
"26930","MASK,FACE,PROCEDURE,FULL PLTD,","IE518","L:100","","15111"
"27104","PAPER,EKG,FOR ZOLL M SERIES,FA","IE518","L:3","","8000-000877-01"
"27702","LABELS,STERILE,MEDICATIONS","IE518","L:10","","9VAPH37-DTR"
"28481","TOWEL,RAYPAQUE,SAFETY,STERILE,","IE518","L:3","","AVID262"
"29094","MARKER,SKIN,MINI MARKER,PRE SU","IE518","L:1","","2715BN"
"29371","BANDAGE,GAUZE,3IN X 75IN,STER,","IE518","L:10","","Nov-93"
"29885","CHLORAPREP,ONE STEP,3ML","IE518","L:20","","930400"
"30058","SWAB,POVIDONE IODINE,10% W/V","IE518","L:5","","S41350"
"30624","SHEATH,TRANSDUCER COVER,PLASTI","IE518","L:0","","610-836"
"31896","DEVICE,STATLOCK,325PSI","IE518","L:70","","IV0563P"
"32038","LINER,SUCTION,FLEX ADVANTAGE,1","IE518","L:2","","65651-920C"
"32527","GLOVE,EXAM,NITRILE,SM,LTX-FREE","IE518","L:4","","72-50901"
"32528","GLOVE,EXAM,NITRILE,MED,LTX-FRE","IE518","L:6","","72-50902"
"32529","GLOVE,EXAM,NITRILE,LG,LTX-FREE","IE518","L:6","","72-50903"
"32530","GLOVE,EXAM,NITRILE,XL,LTX-FREE","IE518","L:4","","72-50904"
"33361","CATH,IV,PERIPH VENOUS,INSYTE A","IE518","L:100","","381423"
"33552","SHORTS,ORTHO,BLUE,X-LRG,38X48","IE518","L:8","","45410-105"
"33554","COVER,HEADSET,LRG","IE518","L:8","","2970014455"
"33558","COLD PACK,INSTANT,4X6","IE518","L:5","","SCP50"
"34585","GLOVE,SURG,SZ 9,LTX-FREE,POWDE","IE518","L:10","","71-ML47690"
"35035","WIPES,DISPOSABLE,GERMICIDAL,SA","IE518","L:12","","Q55172"
"35069","CAP,IV,DISINFECT,CUROS,JET","IE518","L:12","","CFJ5-250"
"35486","FLUSH,SALINE,10ML,IN 10ML SYR,","IE518","L:240","","306546"
"35511","JELLY,SURGILUBE,STERILE,5GM","IE518","L:30","","281020545"
"36669","CATHETER,IV,INTERGRATED,22GA X","IE518","L:50","","383512"
"37163","BASIN,WASH,PLASTIC,DISPOSABLE,","IE518","L:5","","DYND80347"
"37293","BAG,EMESIS,BLUE","IE518","L:24","","EME-BAG"
"37636","NEEDLE,HYPO,20GAX1.5IN,SAFETY,","IE518","L:10","","8881850015"
"37985","WIPES,CLEANING,GERMICIDAL,HARD","IE518","L:0","","P54072"
"38459","CAP,MALE,TIPS,DISINFECTION,3M","IE518","L:0","","CM5-200"
"38760","COVER,PROBE,GENERAL PURPOSE,AD","IE518","L:5","","APC1289"
"38880","ORTHO-SPOT PACKETS","IE518","L:3","","186"
"39199","CUFF,BP,1 PIECE,ADULT,TUBELESS","IE518","L:15","","SOFT-11"
"41271","TUBING,OXYGEN CONNECTING,L 7FT","IE518","L:8","","1925"
"41595","CANNULA,NASAL,O2,NON-FLARE TIP","IE518","L:6","","1365"
"41815","CAP,BOUFFANT,24IN,BLUE,FLUID P","IE518","L:0","","B24HD"
"41880","SET,EXTENSION,IV","IE518","L:10","","1058-50"
"42735","MASK,FACE,PROCEDURE,FULL PLTD,","IE518","L:100","","PPE-M-AS-SUR-S"
"48228","NOSA,MENTHOL,NASAL,PLUG,PK/100","IE518","L:25","","NO110901"
"50240","KIT,DISPOSABLE WATER TRAP,3160","IE518","L:5","","9.89803E+11"
"50617","SET,IV ADMIN,INF,SMARTSITE,NEE","IE518","L:10","","2420-0007"
"50807","SENSOR PULSE OXIMETRY ADULT QU","IE518","L:0","",""
"50988","CATHETER,IV,CLOSED,22GA X 1.75","IE518","L:0","",""
"59042","LUER-LOK ACCESS,DEVICE BD,LATE","IE518","L:5","","36490200"
"59134","COVER,SHOE,XL,ANTISKID","IE518","L:2","","ICP-SCNS0003"
"59596","BAG,EMESIS,WHITE,HDPE","IE518","L:24","","NON80331"
"61238","TRAY, ARTHROGRAM","IE518","L:20","",""
"96017","FORCEP,KELLY,CVD,5.5IN,DISP","IE518","L:3","","SS09-0627 F"
"99015","BAG,PATIENT,BELONGING","IE518","L:25","","BIOBAGGY1820"
"129817","PACK,SURG,CUSTOM,INTERVENTION","IE518","L:3","","DYNJ0225569F"
"468","DIAPER,ADULT,BRIEF,LARGE,TAPE","IE529","L:6","","MSC33505"
"1481","ELECTRODE,EKG,DIAPH,FOAM,WET G","IE529","L:6","","2560"
"1622","UNDERPAD,BED,30X36IN,TRANQUILI","IE529","L:60","","2710"
"1776","PACK,HOT/COLD","IE529","L:10","","33500"
"1972","TUBE,SUCTION,YANKAUER","IE529","L:4","","K86"
"5010","SOLUTION,INTRAVENOUS,D5W,250ML","IE529","L:8","","2B0062Q"
"5029","SOLUTION,INTRAVENOUS,D5W,1000M","IE529","L:3","","2B0064X"
"5030","SOLUTION,INTRAVENOUS,D5W,IN 0.","IE529","L:3","","2B1064X"
"5033","SOLUTION,INTRAVENOUS,D5W,0.45%","IE529","L:4","","2B1074X"
"5035","SOLUTION,INTRAVENOUS,D10W,1000","IE529","L:3","","2B0164X"
"5038","SOLUTION,INTRAVENOUS,IN 0.9% N","IE529","L:6","","2B1323Q"
"5039","SOLUTION,INTRAVENOUS,IN 0.9% N","IE529","L:10","","2B1324X"
"5041","SOLUTION,INTRAVENOUS,0.45% NAC","IE529","L:6","","2B1314X"
"5042","SOLUTION,INTRAVENOUS,LR,1000ML","IE529","L:20","","2B2324X"
"5043","SOLUTION,INTRAVENOUS,D5W,LR,10","IE529","L:5","","2B2074X"
"5045","SOLUTION,IRRIGATION,0.9% NACL,","IE529","L:6","","2F7123"
"5047","SOLUTION,IRRIGATION,STER WATER","IE529","L:6","","2F7113"
"5070","SOLUTION,INTRAVENOUS,IN 0.9% N","IE529","L:8","","2B1322Q"
"5077","SOLUTION,IRRIGATION,0.9% NACL,","IE529","L:6","","R8206"
"18325","SET,IV ADMIN,NITROGLYCERIN,MED","IE529","L:10","","2260-0500"
"19968","SET,BLOOD ADMIN,200 MICRON FIL","IE529","L:8","","2477-0007"
"20557","WIPES,CLEANING,GERMICIDAL,HARD","IE529","L:0","","P13872"
"20621","WIPES, PDI EASY SCREEN","IE529","L:0","","P03672"
"20657","SODIUM CHLORIDE,1000ML,IRRIGAT","IE529","L:6","","2F7124"
"20658","STERILE WATER,IRRIGATION,1000M","IE529","L:6","","2F7114"
"20943","GOWN,ISOLATION,DISPOSABLE,FULL","IE529","L:140","","A69961-C"
"24811","COVER,THERMOMETER PROBE,SURETE","IE529","L:10","","05031-750"
"25294","SENSOR PROBE,PULSE OXIMETER,FI","IE529","L:0","","1863"
"29845","KIT,ORAL CARE","IE529","L:10","","6429"
"32171","SWAB,SUCTION,ALCOHOL FREE,ORAL","IE529","L:10","","6513"
"33930","DIAPER,ADULT,PULL ON BRIEF,LG","IE529","L:6","","2116"
"35035","WIPES,DISPOSABLE,GERMICIDAL,SA","IE529","L:0","","Q55172"
"35041","CLOTH,CHLORHEXIDINE,GLUCONATE","IE529","L:30","","9717"
"35846","FOOTWEAR,PATIENT,YELLOW,XL","IE529","L:15","","68125-YXLA"
"35847","FOOTWEAR,PATIENT,3XL","IE529","L:10","","68125-PUR"
"35848","FOOTWEAR,PATIENT,BROWN,BARIATR","IE529","L:10","","68125-BRN"
"37293","BAG,EMESIS,BLUE","IE529","L:50","","EME-BAG"
"37985","WIPES,CLEANING,GERMICIDAL,HARD","IE529","L:0","","P54072"
"38101","GLASSES,SAFETY,PLSTC LES,CLR,U","IE529","L:10","","SV50A"
"38318","SENSOR,ADHESIVE,ADULT,ADTX,LNC","IE529","L:40","","1859"
"39199","CUFF,BP,1 PIECE,ADULT,TUBELESS","IE529","L:15","","SOFT-11"
"39201","CUFF,BP,1 PIECE,ADULT,LARGE,TU","IE529","L:30","","30503-14A"
"39202","CUFF,BP,1 PIECE,ADULT,SMALL,TU","IE529","L:5","","30503-12A"
"39203","CUFF,BP,1 PIECE,ADULT,LONG,TUB","IE529","L:15","","SOFT-11L"
"41960","PULSE,OXIMETER","IE529","L:6","","81560630"
"42735","MASK,FACE,PROCEDURE,FULL PLTD,","IE529","L:450","","PPE-M-AS-SUR-S"
"48862","PACK,HOT,INSTANT,5X7","IE529","L:5","","MDS149010"
"50419","CLEANSER DERMAL OR PERINEAL NE","IE529","L:20","","MSC095311"
"50420","WIPES,PERSONAL,SKIN CLEANSING/","IE529","L:40","","MSC092503"
"50421","WIPE,PERSONAL,CLEANSING,PRE-MO","IE529","L:30","","MSC095102"
"50422","CAP,SHAMPOO/CONDITIONER,ALL IN","IE529","L:10","",""
"50423","LIPBALM,REMEDY,PHYTOPLEX,0.15","IE529","L:20","",""
"50613","UNDERPAD INCONTINENCE COMFORTG","IE529","L:10","",""
"50614","UNDERPAD INCONTINENCE XL 80X40","IE529","L:10","",""
"50617","SET,IV ADMIN,INF,SMARTSITE,NEE","IE529","L:40","","2420-0007"
"50641","IV ADMIN SET,SECONDARY,40 W/ H","IE529","L:30","","DYNDTA1540"
"59596","BAG,EMESIS,WHITE,HDPE","IE529","L:50","","NON80331"
"59795","SET,SURELEAD,PHILIPS 5 COMPAT","IE529","L:25","","DLS-PHP5L-4F"
"45","KIT,HUMIDIFIER,DISP","IE530","L:6","test1","HUD006-40"
"81","KIT,SUCTION,18FR CATH,WHISTLE","IE530","L:20","","DYND40974"
"177","TUBING,SUCTION,1/4IN X 12FT","IE530","L:15","","8888301622"
"236","NEBULIZER,MICRO MIST,ADAPTER,H","IE530","L:15","","1884"
"437","MASK,AEROSOL,DISP","IE530","L:10","","1206"
"594","KIT,TRACH,CARE","IE530","L:6","","47890"
"1569","TAPE,HOLDER,ENDOTRACHIEL,ET","IE530","L:10","","11010"
"1584","BLOCK,BITE,ADULT,COMPRESSED FO","IE530","L:6","","4000"
"1617","ADAPTER,BLUE,15MM","IE530","L:25","","1674"
"1618","ADAPTER,AEROSOL TUBING,PRES LI","IE530","L:6","","1642"
"1624","ADAPTER,OXYGEN,W/NUT,STANDARD","IE530","L:10","","2555"
"1625","MASK,ADULT,PERCENTO","IE530","L:6","","1940"
"1626","CONNECTOR,TUBING,OXYGEN","IE530","L:15","","1811"
"1627","MASK,OXYGEN,NON-REBREATHER,ADU","IE530","L:10","","1060"
"1747","TUBE, TRACH, HI LO, SIZE 6","IE530","L:6","","86109"
"1753","STYLET,ET TUBE,14FR,STL","IE530","L:10","","85865"
"1759","TUBE,TRACH,CUFFLESS,4CFS","IE530","L:3","","4UN65R"
"1762","AIRWA,ASAL,#8.0,34FR","IE530","L:4","","340080"
"1964","AIRWAY,NASAL,#7.0,29FR","IE530","L:4","","340070"
"1972","TUBE,SUCTION,YANKAUER","IE530","L:15","","K86"
"2014","CONNECTOR,TUBING,5IN1,PLASTIC,","IE530","L:10","","501"
"2058","TUBE,TRACH,CUFFED,SIZE 6","IE530","L:5","","6CN75A"
"2059","TUBE,TRACH,LO CUFF PRES,SZ 8,L","IE530","L:4","","8CN85A"
"2086","AIRWAY,BERMAN,100MM","IE530","L:8","","312100"
"2238","MASK,ADULT,TRACH,DISP","IE530","L:5","","1075"
"2245","BAG,DRAINAGE,T","IE530","L:5","","1740"
"4001","BLOCK,BITE,ADULT,PLSTC,DISP","IE530","L:5","","4832711"
"5074","WATER,STERILE,1000ML,IRRIGATIO","IE530","L:6","","2B7114X"
"5076","SOLUTION,IRRIGATION,STER WATER","IE530","L:4","","2B7117"
"6343","BLOCK,BITE PROOF,ENDO,RT","IE530","L:5","","11040"
"7722","DETECTOR,ADULT,CO2,EASY CAP,II","IE530","L:6","","EASYCAP II 6"
"8429","CANNULA,INNER,DISP,#6","IE530","L:20","","6IC75"
"8770","BAG-SET-UP-DRAW-STRING-BLUE,GR","IE530","L:4","","64"
"9299","KIT,SUCTIO,14FR CATH,WHISTLE T","IE530","L:20","","37424"
"9414","TUBING,SUCTION,L 6FT,FEMALE CO","IE530","L:10","","8888301515"
"9626","SPECIMEN TRAP,MUCOUS,40CC","IE530","L:10","","DYND44180"
"9719","TUBING,OXYGEN CONNECTING,7FT,N","IE530","L:10","","1350"
"17416","FLOWMETER,PEAK,TRU ZONE","IE530","L:1","","96510"
"17418","LUBRICANT,EARMOLD,LIQ,DROPS,1/","IE530","L:3","","AUDGEL"
"18827","HOLDER,TUBE,TRACH,3/4IN,ADJ","IE530","L:10","","240"
"18840","DEVICE,FLUTTER,MUCUS","IE530","L:6","","21-1015"
"19768","TUBE,TRACHEAL,8.5,HI LO,W/CUFF","IE530","L:3","","18885"
"20491","AIRWAY,SUPRAGLOTTIC,SIZE 3,15M","IE530","L:10","","8203000"
"20492","AIRWAY,SUPRAGLOTTIC,SIZE 4,15M","IE530","L:12","","8204000"
"20493","AIRWAY,SUPRAGLOTTIC,SIZE 5,15M","IE530","L:10","","8205000"
"20542","MASK,AF541,FULL FACE,SMALL","IE530","L:5","","1120915"
"23111","OXYMASK,OXYGEN,MASK","IE530","L:5","","OM11258ML"
"23158","EAR PROTECTORS E-Z WRAP","IE530","L:10","","1016050"
"23172","CIRCUIT,EMV+,AEV,DISPOSABLE,AD","IE530","L:6","","820-0106-15"
"23673","CATHETER,EXCHANGE,AIRWAY","IE530","L:4","","G57623"
"23854","FILTER,LOW DEAD SPACE,W/O CO2","IE530","L:6","","350U5865"
"24139","VALVE,ENDO,SUCTION,EVIS MDL,RE","IE530","L:10","","MAJ-209"
"24510","WATER,INHALATION,1070ML,PREFIL","IE530","L:5","","040-00"
"26979","TUBE,TRACH,PROXIMAL,8.0MM","IE530","L:6","","80XLTCP"
"27979","TUBE,TRACH,SHILEY XLT,CUFFED,I","IE530","L:6","","60XLTCP"
"27981","TUBE,TRACH,CUFFED,DISTAL,6.0MM","IE530","L:5","","60XLTCD"
"27983","TUBE,TRACH,CUFFED,DISTAL,8.0MM","IE530","L:3","","80XLTCD"
"28534","CONNECTOR,ISOTHERMAL,ADULT,OMN","IE530","L:5","","3222"
"28637","EXERCISER,LUNG,POS EXPIRATORY","IE530","L:4","","26-23-0757"
"28966","ADAPTER,BALLARD VENT","IE530","L:10","","112"
"29451","VIAL,PREFILLED,BUFFERED,FORMAL","IE530","L:1","","NB0507"
"29559","CANNULA,INNER,TRACH,SZ 6,EXTD","IE530","L:10","","60XLTIN"
"29980","CANNULA,INNER,PROXIMAL,SHILEY,","IE530","L:10","","80XLTIN"
"30052","FEP CIRCUIT S/A W/FILTER-INTL","IE530","L:6","","1065834"
"30061","ADAPTER,NEBULIZER,SIZE 028","IE530","L:5","","031-28"
"30455","CIRCUIT,VENTILATOR,MRI PATIENT","IE530","L:3","","58051"
"30548","STAT,GVL#4","IE530","L:4","","0270-0628"
"30549","BLADE,LARYNGOSCOPE,GLIDESCOPE,","IE530","L:6","","0270-0626"
"30816","KIT,ENDOSCOPY,BEDSIDE,SLR PHAS","IE530","L:3","","345EPO"
"31432","KIT,METER,INSPIRATORY,NEGATIVE","IE530","L:5","","10-340-01"
"32148","INTRODUCER,STYLET,15FR,W/COUDE","IE530","L:10","","9-0212-70"
"32419","VALVE,BIOPSY","IE530","L:10","","MAJ-1218"
"32483","LIBERATOR,CLOSED SUCTION,14FR","IE530","L:8","","01-EC-459-1401"
"32485","CASSETTE,SEAL,PORT,REPLACEMENT","IE530","L:10","","01-EC-200-2205"
"32486","VIAL,SALINE,15ML,PORT FLUSH,KI","IE530","L:4","","116"
"33074","FASTNER,TUBE,ORAL,ENDOTRACH","IE530","L:10","","9799"
"33997","ADAPTER,PEDIATRIC ADULT,AIRWAY","IE530","L:6","","8000-0265-01"
"34069","AEROCHAMBER,PLUS ZSTAT","IE530","L:6","","79750"
"35165","TUBING,C02,IRRIGATION","IE530","L:2","","100622"
"35242","BLADE,LARYNGOSCOPE,MAC 4","IE530","L:4","","1024.C"
"35243","BLADE,LARYNGOSCOPE,MILLER 3","IE530","L:4","","INT1033"
"35244","BLADE,LARYNGOSCOPE,MILLER 4","IE530","L:4","","INT1034"
"35398","7.0 SUBGLOTTIC ET TUBE","IE530","L:5","","18870"
"35399","7.5 SUBGLOTTIC ET TUBE","IE530","L:5","","18875"
"35400","8.0 SUBGLOTTIC ET TUBE","IE530","L:5","","18880"
"35402","9.0 SUBGLOTTIC ET TUBE","IE530","L:0","","18890"
"37035","HANDLE,LARYNGOSCOPE,STANDARD,D","IE530","L:6","","2015.C"
"37037","BLADE,LARYNGOSCOPE,MAC 3+,DISP","IE530","L:6","","1029C"
"37796","GLIDESCOPE,BFLEX,5.0MM,DISP","IE530","L:4","","0570-0449"
"37824","GLIDESCOPE,BFLEX,3.8MM,DISP","IE530","L:4","","0570-0448"
"37970","ATOMIZER,NASAL,MAD,INTRANASAL,","IE530","L:10","","MAD300"
"38239","MASK,NIV,FULL FACE,LARGE,W/STR","IE530","L:5","","1120912"
"38241","MASK,NIV,FULL FACE,XLARGE,W/CA","IE530","L:5","","731120913"
"38242","CUSHION,UNDER THE NOSE (UTN),S","IE530","L:10","","1120980"
"38243","CUSHION,UNDER THE NOSE (UTN),S","IE530","L:10","","1120981"
"38244","CUSHION,UNDER THE NOSE (UTN),S","IE530","L:10","","1120982"
"38252","KIT,CANNULA,HIGH FLOW,ADULT,79","IE530","L:8","","79SOFT-7-25"
"38753","MASK CPAP MEDIUM","IE530","L:5","","9.89806E+11"
"38897","FORCEP,MAGILL,SINGLE-USE","IE530","L:10","","SS30-2601"
"38928","ADAPTOR,PORTEX,BRONCH","IE530","L:10","","625191"
"38936","AIRWAY,WILLIAMS","IE530","L:10","","1-1503-10"
"39217","SOLUTION 30ML,CYTOLYT,TUBES 50","IE530","L:5","","ASY-15208"
"40490","CANNULA,NASAL OPTIFLOW,MEDIUM,","IE530","L:10","","OPT944"
"40491","KIT,CIRCUIT,ADULT,BREATHIG TUB","IE530","L:6","","900PT561"
"40492","CANNULA,NASAL OPTIFLOW+,SMALL,","IE530","L:6","","OPT942"
"40521","ADAPTOR,TRACHEOSTOMY,DIRECT CO","IE530","L:6","","OPT970"
"40522","ADAPTOR,MASK,INTERFACE","IE530","L:6","","OPT980"
"40693","CANNULA,ADULT,LARGE,OPTIFLOW","IE530","L:6","","OPT946"
"40817","LABEL,INDICATOR,1HOUR","IE530","L:1","","HTK-1H2"
"40904","PORT,ELBOW,SE","IE530","L:12","","1120969"
"41103","WRAP,SPU VEST,DISP,LG","IE530","L:10","","P300632005"
"41271","TUBING,OXYGEN CONNECTING,L 7FT","IE530","L:10","","1925"
"41481","STYLET,GLIDERITE,DISPOSABLE","IE530","L:6","","0270-1005"
"41582","WRAP,SPU VEST,DISP,XLG","IE530","L:10","","P300633005"
"41584","COMPONENT,AIRWAY CLEARANCE SYS","IE530","L:4","","P0049825"
"41595","CANNULA,NASAL,O2,NON-FLARE TIP","IE530","L:15","","1365"
"41731","FILTER,EXCHANGE,HEAT,MOISTURE","IE530","L:6","","157"
"41875","NEBULIZER,KIT,CONVENIENCE,AERO","IE530","L:5","","AG-AS3350"
"41993","ASPIRATOR,SAFE PICO","IE530","L:20","","956-622"
"43612","CANNULA,INNER,SHILEY,4IC65","IE530","L:5","","4IC65"
"44425","CAP,SHILEY,ANY SIZE,TRACH TUBE","IE530","L:6","","CAP"
"45172","TUBE,TRACH,SZ 7.5","IE530","L:2","","6UN75A"
"45175","TRACH,TUBE,SZ-7","IE530","L:3","","4UN65H"
"47066","OUTLET,AIR,AIRSENSE 10","IE530","L:4","","37310"
"48420","TUBE,TRACH,SHILEY,SZ 6.5,TAPEG","IE530","L:4","","4CN65A"
"48421","TUBE TRCH 8 79MM 12.2MM SHLY U","IE530","L:3","","8UN85A"
"50165","BARRIER,SKIN,PROTECTA-GEL,SMAL","IE530","L:5","","301T1126SM"
"50167","BARRIER,SKIN,PROTECTA","IE530","L:5","",""
"50168","ADAPTER AIRWAY EMMA ADULT/PEDI","IE530","L:12","",""
"50261","KIT,ABG,3ML SYR,DRY LI HEP,23G","IE530","L:30","","4599P-1"
"50300","LARYNGOSCOPE VIDEO GLIDESCOPE","IE530","L:5","","0270-1083"
"50302","LARYNGOSCOPE VIDEO QC SIZE 4 H","IE530","L:5","",""
"50304","LARYNGOSCOPE VIDEO QC SIZE 3 M","IE530","L:5","","0270-1085"
"50305","LARYNGOSCOPE VIDEO QC SIZE 4 M","IE530","L:5","",""
"50770","DRESSING TRACH POLYU HYDRO 3.5","IE530","L:10","",""
"59098","TUBE,TRACH,SZ 8,CUFFED,ID 7.6M","IE530","L:2","","8CN85R"
"59212","GLIDESCOPE,BFLEX,5.8MM,DISP","IE530","L:2","","0570-0450"
"60020","ADAPTER CIRCUIT TEE SPRING LOA","IE530","L:8","",""
"61218","LINE,FILTER,INTUB LONG ADULT/P","IE530","L:10","","MVAIHL"
"61285","SENSOR,SPO2,ASSURANCE,NASAL","IE530","L:6","","301-11214"
"61299","LINE,FILTER,NASAL,13FT,ADULT","IE530","L:6","","MVAOHL"
"98010","BAG,AMBU,W/PEEP VALVE,DISP","IE530","L:4","","520-611-001"
"99324","SUCTION,CATH,CLEANING,TURBO,14","IE530","L:10","","2270135"
"129808","CANNULA,INNER,TRACH,SZ 8,DIC S","IE530","L:20","","8IC85"
"45","KIT,HUMIDIFIER,DISP","IE535","L:10","test1","HUD006-40"
"89","COVER,SHOE,SIZE 8 TO 12","IE535","L:2","","4852"
"223","TUBING,CORRUGATED,100FT","IE535","L:1","","1426"
"236","NEBULIZER,MICRO MIST,ADAPTER,H","IE535","L:15","","1884"
"437","MASK,AEROSOL,DISP","IE535","L:15","","1206"
"1569","TAPE,HOLDER,ENDOTRACHIEL,ET","IE535","L:20","","11010"
"1616","ADAPTOR,TRACH,T","IE535","L:4","","1575"
"1617","ADAPTER,BLUE,15MM","IE535","L:50","","1674"
"1618","ADAPTER,AEROSOL TUBING,PRES LI","IE535","L:10","","1642"
"1624","ADAPTER,OXYGEN,W/NUT,STANDARD","IE535","L:15","","2555"
"1625","MASK,ADULT,PERCENTO","IE535","L:8","","1940"
"1626","CONNECTOR,TUBING,OXYGEN","IE535","L:50","","1811"
"1627","MASK,OXYGEN,NON-REBREATHER,ADU","IE535","L:6","","1060"
"2238","MASK,ADULT,TRACH,DISP","IE535","L:10","","1075"
"2245","BAG,DRAINAGE,T","IE535","L:5","","1740"
"5047","SOLUTION,IRRIGATION,STER WATER","IE535","L:8","","2F7113"
"5074","WATER,STERILE,1000ML,IRRIGATIO","IE535","L:10","","2B7114X"
"5076","SOLUTION,IRRIGATION,STER WATER","IE535","L:8","","2B7117"
"5226","DEVICE,OXYGEN CONSERVING,PENDA","IE535","L:5","","P-224"
"6555","BAG,TRANSPORT,SPECIMEN,BIOHAZA","IE535","L:100","","AR69P"
"7722","DETECTOR,ADULT,CO2,EASY CAP,II","IE535","L:10","","EASYCAP II 6"
"8770","BAG-SET-UP-DRAW-STRING-BLUE,GR","IE535","L:100","","64"
"9295","PAD,ALCOHOL,70% ISOPROPYL","IE535","L:200","","6818"
"9432","SYRINGE,W/O NEEDLE,10ML,SLIP-T","IE535","L:15","","303134"
"9557","ADAPTER,T VALVE,CS30","IE535","L:10","","2060"
"11675","MASK,ADULT,LARGE,DISP","IE535","L:2","","1065"
"17416","FLOWMETER,PEAK,TRU ZONE","IE535","L:2","","96510"
"18827","HOLDER,TUBE,TRACH,3/4IN,ADJ","IE535","L:8","","240"
"18840","DEVICE,FLUTTER,MUCUS","IE535","L:10","","21-1015"
"20542","MASK,AF541,FULL FACE,SMALL","IE535","L:10","","1120915"
"20557","WIPES,CLEANING,GERMICIDAL,HARD","IE535","L:0","","P13872"
"20621","WIPES, PDI EASY SCREEN","IE535","L:0","","P03672"
"20943","GOWN,ISOLATION,DISPOSABLE,FULL","IE535","L:20","","A69961-C"
"22139","NEEDLE,SAFETY,22GAX1.5,1M","IE535","L:10","","8881850215"
"23111","OXYMASK,OXYGEN,MASK","IE535","L:10","","OM11258ML"
"23112","MASK,OXY,PLUS","IE535","L:15","","OP-1125-8"
"23135","DUAL,ADAPTOR","IE535","L:10","","900MR805"
"23172","CIRCUIT,EMV+,AEV,DISPOSABLE,AD","IE535","L:15","","820-0106-15"
"23695","SCISSORS-SHARP/BLUNT-5.5-STERI","IE535","L:8","","65945"
"23854","FILTER,LOW DEAD SPACE,W/O CO2","IE535","L:20","","350U5865"
"24510","WATER,INHALATION,1070ML,PREFIL","IE535","L:15","","040-00"
"26930","MASK,FACE,PROCEDURE,FULL PLTD,","IE535","L:150","","15111"
"27115","CANNULA,ADULT,DIVIDED 7,OXYGEN","IE535","L:12","","1844"
"28534","CONNECTOR,ISOTHERMAL,ADULT,OMN","IE535","L:5","","3222"
"28637","EXERCISER,LUNG,POS EXPIRATORY","IE535","L:10","","26-23-0757"
"28964","CATH,SUCTION,14FR,L 12IN,T-PIE","IE535","L:20","","2201358"
"28966","ADAPTER,BALLARD VENT","IE535","L:25","","112"
"30052","FEP CIRCUIT S/A W/FILTER-INTL","IE535","L:12","","1065834"
"30061","ADAPTER,NEBULIZER,SIZE 028","IE535","L:12","","031-28"
"30455","CIRCUIT,VENTILATOR,MRI PATIENT","IE535","L:10","","58051"
"30548","STAT,GVL#4","IE535","L:1","","0270-0628"
"30549","BLADE,LARYNGOSCOPE,GLIDESCOPE,","IE535","L:1","","0270-0626"
"31432","KIT,METER,INSPIRATORY,NEGATIVE","IE535","L:10","","10-340-01"
"32483","LIBERATOR,CLOSED SUCTION,14FR","IE535","L:15","","01-EC-459-1401"
"32485","CASSETTE,SEAL,PORT,REPLACEMENT","IE535","L:8","","01-EC-200-2205"
"32486","VIAL,SALINE,15ML,PORT FLUSH,KI","IE535","L:24","","116"
"33074","FASTNER,TUBE,ORAL,ENDOTRACH","IE535","L:16","","9799"
"33997","ADAPTER,PEDIATRIC ADULT,AIRWAY","IE535","L:3","","8000-0265-01"
"34069","AEROCHAMBER,PLUS ZSTAT","IE535","L:6","","79750"
"35035","WIPES,DISPOSABLE,GERMICIDAL,SA","IE535","L:0","","Q55172"
"37620","TUBING,CPAP/BIPAP,SLIMLINE,L 6","IE535","L:20","","37500"
"37985","WIPES,CLEANING,GERMICIDAL,HARD","IE535","L:0","","P54072"
"38101","GLASSES,SAFETY,PLSTC LES,CLR,U","IE535","L:1","","SV50A"
"38239","MASK,NIV,FULL FACE,LARGE,W/STR","IE535","L:0","","1120912"
"38241","MASK,NIV,FULL FACE,XLARGE,W/CA","IE535","L:10","","731120913"
"38242","CUSHION,UNDER THE NOSE (UTN),S","IE535","L:10","","1120980"
"38243","CUSHION,UNDER THE NOSE (UTN),S","IE535","L:10","","1120981"
"38244","CUSHION,UNDER THE NOSE (UTN),S","IE535","L:10","","1120982"
"38252","KIT,CANNULA,HIGH FLOW,ADULT,79","IE535","L:6","","79SOFT-7-25"
"38753","MASK CPAP MEDIUM","IE535","L:10","","9.89806E+11"
"38921","ADAPTER,AIRWAY","IE535","L:10","","YG-111T"
"38928","ADAPTOR,PORTEX,BRONCH","IE535","L:5","","625191"
"40490","CANNULA,NASAL OPTIFLOW,MEDIUM,","IE535","L:20","","OPT944"
"40491","KIT,CIRCUIT,ADULT,BREATHIG TUB","IE535","L:15","","900PT561"
"40492","CANNULA,NASAL OPTIFLOW+,SMALL,","IE535","L:10","","OPT942"
"40514","FILTER,AIR,AIRVO","IE535","L:3","","900PT913"
"40519","CIRCUIT,VENTILATOR,FISHER AND","IE535","L:8","","RT380"
"40521","ADAPTOR,TRACHEOSTOMY,DIRECT CO","IE535","L:10","","OPT970"
"40522","ADAPTOR,MASK,INTERFACE","IE535","L:10","","OPT980"
"40526","FILTER,BACTERIAL/VIRAL,EXPIRAT","IE535","L:10","","10043551"
"40693","CANNULA,ADULT,LARGE,OPTIFLOW","IE535","L:20","","OPT946"
"40904","PORT,ELBOW,SE","IE535","L:5","","1120969"
"41102","WRAP,SPU VEST,DISP,MED","IE535","L:10","","P300631-005"
"41103","WRAP,SPU VEST,DISP,LG","IE535","L:10","","P300632005"
"41271","TUBING,OXYGEN CONNECTING,L 7FT","IE535","L:15","","1925"
"41582","WRAP,SPU VEST,DISP,XLG","IE535","L:10","","P300633005"
"41583","WRAP,SPU VEST,DISP,XXLG","IE535","L:5","","P300634005"
"41584","COMPONENT,AIRWAY CLEARANCE SYS","IE535","L:30","","P0049825"
"41595","CANNULA,NASAL,O2,NON-FLARE TIP","IE535","L:15","","1365"
"41724","PROBE,TEMP,FLOW,RT,ANG,1850MM","IE535","L:5","","900MR869"
"41731","FILTER,EXCHANGE,HEAT,MOISTURE","IE535","L:20","","157"
"41850","FILTER,VIRAL,BACTERIAL,1605","IE535","L:10","","RF605U"
"41854","FILTER,F&P,INSP,EXPI","IE535","L:10","","RT019"
"41875","NEBULIZER,KIT,CONVENIENCE,AERO","IE535","L:30","","AG-AS3350"
"41960","PULSE,OXIMETER","IE535","L:10","","81560630"
"42595","SYSTEM,ASSAY,LUCIFERASE,ONE ST","IE535","L:2","","606901"
"42643","MASK,ACUCARE,FULL FACE,SMALL","IE535","L:15","","60756"
"42651","F1-4 MED MASK","IE535","L:20","","60757"
"42652","F1-4 LARGE MASK","IE535","L:15","","60758"
"42673","MASK,CPAP/BIPAP,NASAL,MED,VENT","IE535","L:10","","61106"
"42674","MASK,NASAL,VENTED,LARGE","IE535","L:15","","61107"
"42843","FILTER,HYPO-ALLERGENIC","IE535","L:12","","36857"
"47064","COVER,HUMIDIFIER,AIRSENSE 10","IE535","L:20","","19729"
"47065","COVER,SIDE,AIRSENSE 10","IE535","L:7","","37335"
"47066","OUTLET,AIR,AIRSENSE 10","IE535","L:20","","37310"
"47298","FILTER,PARTICULATE,EVO,TRILOG","IE535","L:50","","1134430"
"47299","FILTER,AIR,INLET,FOAM","IE535","L:20","","1134591"
"48265","AG CUFFILL, MANOMETER, 10CC","IE535","L:10","","HSCUFF0041"
"49768","MASK,CPAP,LARGE,CAPSTRAP","IE535","L:5","","9.89806E+11"
"59019","TUBING,CPAP,OXY,MAX,CLIMATELIN","IE535","L:0","","36996"
"59597","CUP,SPECIMEN,WHT","IE535","L:10","",""
"59606","CATHETER ABLATION CLOSURERFS S","IE535","L:4","",""
"59609","CIRCUIT BREATHING CLEAR DUAL L","IE535","L:4","",""
"59610","CIRCUIT CLEAR DUAL LUMEN W/FAC","IE535","L:4","",""
"59611","CIRCUIT CLEAR DUAL LUMEN W/TRA","IE535","L:4","",""
"59613","KIT ACUTE CARE CLEAR DUAL LUME","IE535","L:4","",""
"59614","CIRCUIT CLEAR DUAL LUMEN W/FAC","IE535","L:4","",""
"59941","SENSOR O2 MAX-550E","IE535","L:2","","R140P02"
"59942","DIVERTER FLOW FOR MAX02 ANALYZ","IE535","L:10","","R110P10001"
"60020","ADAPTER CIRCUIT TEE SPRING LOA","IE535","L:8","",""
"61218","LINE,FILTER,INTUB LONG ADULT/P","IE535","L:10","","MVAIHL"
"98006","BATTERY,AAA,NONRECHARGEABLE,AL","IE535","L:12","","PC2400"
"99324","SUCTION,CATH,CLEANING,TURBO,14","IE535","L:10","","2270135"
"177","TUBING,SUCTION,1/4IN X 12FT","IE541","L:3","","8888301622"
"178","DRAIN,PLUER,EVAC,CHEST","IE541","L:1","","S-1100-08LF"
"434","GAUZE,OR,4X4,STERILE","IE541","L:15","","8045"
"468","DIAPER,ADULT,BRIEF,LARGE,TAPE","IE541","L:5","","MSC33505"
"1583","GEL,ULTRASONIC,TRANSMISSION","IE541","L:0","","8-Mar"
"1624","ADAPTER,OXYGEN,W/NUT,STANDARD","IE541","L:10","","2555"
"1626","CONNECTOR,TUBING,OXYGEN","IE541","L:20","","1811"
"1627","MASK,OXYGEN,NON-REBREATHER,ADU","IE541","L:2","","1060"
"1906","DRESSING,3X16IN,NONADHERENT,ST","IE541","L:3","","CUR250317"
"1972","TUBE,SUCTION,YANKAUER","IE541","L:3","","K86"
"1984","DRESSING,TELFA,NONADHER,3X8,ST","IE541","L:10","","1238"
"1994","SYRINGE,10CC,L/L","IE541","L:15","","302995"
"1996","BANDAGE,ELASTOPLAST,3IN,UNSTER","IE541","L:2","","2595002"
"1998","CUP,DENTURE,8OZ,W/LID,PLASTIC","IE541","L:3","","DYND70293"
"2041","DRESSING,TRANSPARENT,4X4 3/4IN","IE541","L:10","","1616"
"2043","DRESSING,IMPREGNATED,3 X 3IN,O","IE541","L:0","","6112"
"2234","RESTRAINT,WRIST","IE541","L:2","","MDT829020C"
"2518","GAUZE,PETROLEUM,3X18I,NONADH","IE541","L:5","","MAY884414600Z"
"3769","BANDAGE,COBAN,2IN,NONSTERILE","IE541","L:6","","2082"
"5645","IV,STAT,2","IE541","L:12","","MFS132"
"5960","SPONGE,GAUZE,2 X 2IN,STER,8-PL","IE541","L:100","","1806G"
"5963","PAPER,RECORDING,THERMAL","IE541","L:2","","40477A"
"6144","BINDER,ABDOMINAL,UNIV LONG,HT","IE541","L:2","","79-89091"
"6147","BIDER,ABDOMINAL,UNIV LONG,HT 9","IE541","L:2","","ORT21110LXL"
"6288","SWAB,MOUTH,TOOTHETTE,FOAM TIPP","IE541","L:1","","6120"
"6353","APPLICATOR,TIPPED,COTTO,L 6IN,","IE541","L:5","","MDS202000"
"6357","TISSUE,FACIAL,2-PLY,8 X 8IN,10","IE541","L:6","","48550"
"6555","BAG,TRANSPORT,SPECIMEN,BIOHAZA","IE541","L:0","","AR69P"
"9057","BATTERY,AA,NONRECHARGEABLE,ALK","IE541","L:6","","PC1500"
"9059","CATHETER,EXT,SIL,MED","IE541","L:3","","33102"
"9061","CATHETER,EXT,SIL,LG","IE541","L:3","","36104"
"9295","PAD,ALCOHOL,70% ISOPROPYL","IE541","L:400","","6818"
"9296","BANDAID,ADHESIVE,PLASTIC,STRIP","IE541","L:100","","44101"
"9299","KIT,SUCTION,14FR CATH,WHISTLE","IE541","L:6","","37424"
"9305","DRESSING,GEN USE,ABD PAD,8 X 1","IE541","L:2","","9194A"
"9306","SPONGE,GAUZE,DRAIN,4 X 4IN,6-P","IE541","L:3","","7086"
"9415","URINAL,MALE,PLSTC,1000ML,W/LID","IE541","L:4","","DYND80235S"
"9427","SYRINGE,3CC,L/L","IE541","L:15","","1180300777"
"9434","SYRINGE,30CC,L/L","IE541","L:2","","8881535762"
"9435","SYRINGE,60CC,L/L","IE541","L:3","","8881560125"
"9627","KIT,REMOVAL,SUTURE,STERILE,DIS","IE541","L:3","","Jun-00"
"10934","SNGE,5ML,LUER LOCK","IE541","L:15","","309646"
"10936","SYRINGE,W/O NEEDLE,20ML,LL TIP","IE541","L:6","","1182000777"
"12075","ADAPTER,MULTIPLE,SAMPLE","IE541","L:20","","367290"
"13310","KIT,IV START,STERILE,L/F,CHLOR","IE541","L:20","","74464"
"16927","LANCET,SAFETY,1.8MM,21GA","IE541","L:2","","8290366577"
"18325","SET,IV ADMIN,NITROGLYCERIN,MED","IE541","L:5","","2260-0500"
"18677","NEEDLE, 16GA X 1 1/2","IE541","L:20","","305198"
"18871","STOPCOCK, 4 WAY, W/INJ SITE, 3","IE541","L:10","","B9269"
"18932","DRESSING,TRANSPARENT,2 3/8INX2","IE541","L:10","","1624W"
"19676","CATHETER,IV,SAFETY,18GA X1.25I","IE541","L:10","","3065"
"19677","CATHETER,IV,SAFETY,20GAX1.25IN","IE541","L:10","","3066"
"19678","CATHETER,IV,SAFETY,22GAX1IN","IE541","L:5","","306001"
"19968","SET,BLOOD ADMIN,200 MICRON FIL","IE541","L:5","","2477-0007"
"20047","SET,EXTENSION,NEEDLELESS,VALVE","IE541","L:5","","MC33150"
"20074","CAP,ALARIS","IE541","L:2","","70804"
"22138","NEEDLE,SAFET,18GAX1.5IN,1M","IE541","L:20","","8881850815"
"22143","NEEDLE,FILTER,18GA X 1 1/2IN","IE541","L:20","","305211"
"22288","TAPE,MEDICAL,SOFT CLOTH,2IN","IE541","L:2","","2862"
"22323","ARMBAND, ID, PATIENT, GREEN","IE541","L:20","","140-15-PDM"
"23157","STRIP,GLUCOSE TESTING,ACCU-CHE","IE541","L:1","","5942861001"
"23927","DEVICE,BLOOD COLLECTION,BLOOD","IE541","L:10","","36488000"
"24113","NEEDLE HOLDER,STACKABLE","IE541","L:10","","364815"
"27104","PAPER,EKG,FOR ZOLL M SERIES,FA","IE541","L:3","","8000-000877-01"
"30016","DRESSING,BORDER LITE,MEPILEX,4","IE541","L:10","","595300"
"31896","DEVICE,STATLOCK,325PSI","IE541","L:15","","IV0563P"
"33558","COLD PACK,INSTANT,4X6","IE541","L:10","","SCP50"
"33761","ELECTRODE,MONITOR,ADULT,FOAM","IE541","L:30","","2670-3"
"33836","BAND,PATIENT,IDENTIFICATION,SH","IE541","L:2","","LDL-1-LA"
"35035","WIPES,DISPOSABLE,GERMICIDAL,SA","IE541","L:0","","Q55172"
"35069","CAP,IV,DISINFECT,CUROS,JET","IE541","L:10","","CFJ5-250"
"35486","FLUSH,SALINE,10ML,IN 10ML SYR,","IE541","L:30","","306546"
"35511","JELLY,SURGILUBE,STERILE,5GM","IE541","L:20","","281020545"
"35623","SET,IFUSION,2-PIECE,MALE,LUER","IE541","L:4","","10942011"
"35847","FOOTWEAR,PATIENT,3XL","IE541","L:4","","68125-PUR"
"35848","FOOTWEAR,PATIENT,BROWN,BARIATR","IE541","L:8","","68125-BRN"
"36472","NEEDLE,GRIPPER PLUS,HUBER,.75I","IE541","L:6","","21-3465-24"
"37162","CATHETER,SAFETY,TEFLON,20GAX1.","IE541","L:10","","4252527-020"
"38318","SENSOR,ADHESIVE,ADULT,ADTX,LNC","IE541","L:20","","1859"
"38459","CAP,MALE,TIPS,DISINFECTION,3M","IE541","L:10","","CM5-200"
"39199","CUFF,BP,1 PIECE,ADULT,TUBELESS","IE541","L:16","","SOFT-11"
"39201","CUFF,BP,1 PIECE,ADULT,LARGE,TU","IE541","L:6","","30503-14A"
"39202","CUFF,BP,1 PIECE,ADULT,SMALL,TU","IE541","L:15","","30503-12A"
"39203","CUFF,BP,1 PIECE,ADULT,LONG,TUB","IE541","L:10","","SOFT-11L"
"39581","MEPILEX,BORDER,SACRUM,16X20CM","IE541","L:6","","282055"
"40480","CONECTOR,ACE,W/ ENTERNAL ACCES","IE541","L:5","","485"
"40487","DRESSING,FOAM,9.2 X 9.2IN,SOFT","IE541","L:6","","282455"
"40668","NEEDLE,BUTTERFLY,ULTRATOUCH,25","IE541","L:2","","367363"
"41271","TUBING,OXYGEN CONNECTING,L 7FT","IE541","L:12","","1925"
"41474","SURGIFOAM,HEMOSTATIC","IE541","L:10","","1972"
"41595","CANNULA,NASAL,O2,NON-FLARE TIP","IE541","L:10","","1365"
"42720","CATHETER,FEMALE,PUREWICK","IE541","L:2","","PWF030F"
"42735","MASK,FACE,PROCEDURE,FULL PLTD,","IE541","L:100","","PPE-M-AS-SUR-S"
"50617","SET,IV ADMIN,INF,SMARTSITE,NEE","IE541","L:8","","2420-0007"
"50641","IV ADMIN SET,SECONDARY,40 W/ H","IE541","L:10","","DYNDTA1540"
"59597","CUP,SPECIMEN,WHT","IE541","L:2","",""
"59848","SWAB COLLECTION ANALYZER PART","IE541","L:10","",""
"61191","SET,PHILIPS,3 SURELEAD","IE541","L:20","","DLS-PHP3L-4F"
"61216","LINE,FILTER,ADULT NASAL,MICROS","IE541","L:10","","MVANOL"
"61404","BOTTLE,DRAINAGE,1000ML,SPIKE-A","IE541","L:10","","JGGSV1000SSP"
"98003","SET,DRESSING,CENTRAL LINE","IE541","L:6","","DT14675"
"99015","BAG,PATIENT,BELONGING","IE541","L:20","","BIOBAGGY1820"
"129613","CANNULA,BLUNT,PLASTIC","IE541","L:30","","8881540111"
"214","TAPE,TRANSPORE,1IN,HYPO","IE542","L:12","","1527-1"
"434","GAUZE,OR,4X4,STERILE","IE542","L:40","","8045"
"571","GAUZE,BANDAGE,KERLIX,4.5IN","IE542","L:80","","NON25865"
"1107","BENZOIN,TINCUTRE,2/3CC","IE542","L:40","","C1544"
"1520","BANDAGE,GAUZE,2 X 75IN,STER,1-","IE542","L:24","","2231"
"1603","BANDAGE,TUBULAR,NYLON,SZ 6,25Y","IE542","L:2","","MT06"
"1604","SURGIFIX,SZ#8","IE542","L:2","","MT08"
"1622","UNDERPAD,BED,30X36IN,TRANQUILI","IE542","L:20","","2710"
"1771","BANDAGE,COBAN,4IN,NONSTERILE","IE542","L:15","","2084"
"1825","KIT,REMOVAL,STAPLE,STERILE,DIS","IE542","L:15","","PSX"
"1826","NEEDLE,HYPO,25GA X 1 1/2IN,REG","IE542","L:30","","305127"
"1827","NEEDLE,27GA X 1.5IN,DISPOSABLE","IE542","L:30","","1188827112"
"1906","DRESSING,3X16IN,NONADHERENT,ST","IE542","L:35","","CUR250317"
"1954","SCALPEL,#10,W/HANDLE,DISPOSABL","IE542","L:30","","372610"
"1955","SCALPEL,#11,W/HANDLE,DISPOSABL","IE542","L:30","","MDS15311"
"1956","SCALPEL,SURG,SZ #15,BARD PARKE","IE542","L:50","","372615"
"1975","WOUND,CLOSURE STRIP,1/4IN X 4I","IE542","L:30","","R1546"
"1984","DRESSING,TELFA,NONADHER,3X8,ST","IE542","L:50","","1238"
"1988","GAUZE,IODOFORM,1/2IN","IE542","L:5","","7832"
"1994","SYRINGE,10CC,L/L","IE542","L:15","","302995"
"1996","BANDAGE,ELASTOPLAST,3IN,UNSTER","IE542","L:4","","2595002"
"2032","WOUND,CLOSURE STRIP,1/2IN X 4I","IE542","L:20","","R1547"
"2043","DRESSING,IMPREGNATED,3 X 3IN,O","IE542","L:100","","6112"
"2342","SUTURE,NYLON,BLK MONO,SZ 3-0,L","IE542","L:8","","1663H"
"3769","BANDAGE,COBAN,2IN,NONSTERILE","IE542","L:20","","2082"
"5038","SOLUTION,INTRAVENOUS,IN 0.9% N","IE542","L:3","","2B1323Q"
"5070","SOLUTION,INTRAVENOUS,IN 0.9% N","IE542","L:6","","2B1322Q"
"5960","SPONGE,GAUZE,2 X 2IN,STER,8-PL","IE542","L:200","","1806G"
"6153","PUNCH,BIOPSY,BAKER,3MM,STERILE","IE542","L:12","","33-32"
"6154","PUNCH,BIOPSY,BAKER,3.5MM,STERI","IE542","L:8","","33-33"
"6291","TAPE,ADHESIVE,CLOTH,1IN","IE542","L:12","","1538-1"
"6292","TAPE,ADHESIVE,CLOTH,2IN","IE542","L:5","","1538-2"
"6353","APPLICATOR,TIPPED,COTTO,L 6IN,","IE542","L:200","","MDS202000"
"6357","TISSUE,FACIAL,2-PLY,8 X 8IN,10","IE542","L:5","","48550"
"6555","BAG,TRANSPORT,SPECIMEN,BIOHAZA","IE542","L:200","","AR69P"
"6632","PUNCH,BIOPSY,BAKER,4MM,STERILE","IE542","L:8","","P450"
"9295","PAD,ALCOHOL,70% ISOPROPYL","IE542","L:400","","6818"
"9296","BANDAID,ADHESIVE,PLASTIC,STRIP","IE542","L:200","","44101"
"9300","DEPRESSOR,TONGUE,WOOD,STL","IE542","L:200","","C1560-006"
"9301","SPONGE,GAUZE,4 X 4IN,100% COTT","IE542","L:150","","3033G"
"9305","DRESSING,GEN USE,ABD PAD,8 X 1","IE542","L:36","","9194A"
"9306","SPONGE,GAUZE,DRAIN,4 X 4IN,6-P","IE542","L:20","","7086"
"9415","URINAL,MALE,PLSTC,1000ML,W/LID","IE542","L:4","","DYND80235S"
"9427","SYRINGE,3CC,L/L","IE542","L:40","","1180300777"
"9625","TOWEL,SURGICAL,BARRIER,PACK","IE542","L:5","","3520"
"10229","PLASTER, SPLINT, EXTRA FAST, 5","IE542","L:2","","7392"
"10931","TAPE,ADHESIVE,PAPER,1I,HYPO","IE542","L:12","","1530-1"
"10934","SNGE,5ML,LUER LOCK","IE542","L:20","","309646"
"11912","STOCKINETTE, 4 X 5 IN, P-4","IE542","L:3","","0171-04"
"12730","BANDAGE,COBAN,1IN,NONSTERILE","IE542","L:20","","CAH15LF"
"13171","ORTHOSIS,FOOT,BUNION,ADH,FELT","IE542","L:100","","MPAD-024"
"13172","FELT-ADHESIVE-1/8IN-6INX2.5YDS","IE542","L:2","","2429063"
"13173","FOAM,SLEEVE,3/4INX12IN,MEDIUM","IE542","L:2","","8137-3"
"13308","DRESSING,ALGINATE,4X4IN,CALCIC","IE542","L:10","","529937"
"13423","STOCKINETTE, 3 X 5 IN, P-3","IE542","L:3","","0171-03"
"13424","STOCKINETTE, 6 INCH","IE542","L:1","","13424"
"13447","FOAM,SLEEVE,1INX12IN LARGE","IE542","L:3","","8137-1"
"14314","SPLINT, DELTA, LITE, 5X30","IE542","L:10","","OG-5PC"
"14468","FOAM,SLEEVE,5/8INX12IN,SMALL","IE542","L:2","","14468"
"14908","ORTHOSIS,FOOT,CREST PAD,MED,LT","IE542","L:10","","8154A-M-L"
"15276","PADS,BUTTERES,MEDIUM,RIGHT","IE542","L:12","","8154A-M-R"
"17164","KIT,COMPRESSION BANDAGE,4-LAER","IE542","L:17","","66020626"
"18512","FELT-ADHESIVE-1/4IN-6INX2.5YDS","IE542","L:2","","4140"
"19374","MONOFILAMENT,SENSORY TOUCH,5.0","IE542","L:10","","VA40"
"19551","BANDAGE,ELASTIC,SAFEWRAP,LF,4I","IE542","L:70","","MDS087004LF"
"19552","BANDAGE,ELASTIC,COMPRESSION,6I","IE542","L:60","","MDS087006LFG"
"19824","PADDING,CAST,6IN X 4YD","IE542","L:6","","9046"
"19825","PADDING,CAST,CRIMPED,COTTON,4I","IE542","L:4","","3175"
"19845","DRESSING,FOAM,4 X 4IN,SQ,WATER","IE542","L:30","","55544"
"19846","DRESSING,FOAM,4 X 8IN,POLYURET","IE542","L:15","","55548"
"20128","DRESSING,FOAM,LARGE,SOFT,WHITE","IE542","L:5","","KTC627503410H"
"20188","DRESSING,VAC,MEDIUM,BLACK,KCI","IE542","L:4","","M8275040/10"
"20189","DRESSING,TRAC,FOAM,KCI,LG,BLAC","IE542","L:15","","M8275053/10"
"20202","APPLICATOR,TIPPED,COTTON,2.5MM","IE542","L:1600","","A28PC"
"20268","KIT,PHENOL,APPLICATOR","IE542","L:4","","15-06"
"20291","HEEL-ADJUST-A-LIFT-SMALL","IE542","L:3","","20291"
"20292","HEEL-ADJUST-A-LIFT-MEDIUM","IE542","L:20","","20292"
"20293","HEEL-ADJUST-A-LIFT-LARGE","IE542","L:15","","20293"
"20621","WIPES, PDI EASY SCREEN","IE542","L:0","","P03672"
"20943","GOWN,ISOLATION,DISPOSABLE,FULL","IE542","L:20","","A69961-C"
"21979","DRESSING,HYDROCOLLOID,4.34SQ I","IE542","L:10","","PG004"
"22138","NEEDLE,SAFET,18GAX1.5IN,1M","IE542","L:30","","8881850815"
"22139","NEEDLE,SAFETY,22GAX1.5,1M","IE542","L:15","","8881850215"
"22288","TAPE,MEDICAL,SOFT CLOTH,2IN","IE542","L:12","","2862"
"22845","SPONGE,ABSORBABLE,GELATIN,SURG","IE542","L:15","","1974"
"23217","FORCEPS DISSECTING ADSON SERRA","IE542","L:5","","SS11-1020 F"
"23725","TOURNIQUET,.75X18INCH,LATEX FR","IE542","L:4","","367203"
"23860","TRAY,BX,BONE MARROW,JAMSHIDI/I","IE542","L:3","","BEK4511"
"24043","TAPE,CASTING,FIBERGLASS,4IN X","IE542","L:10","","40134"
"24044","CASTING TAPE, 4 YD LONG X 3 IN","IE542","L:15","","82003"
"27022","DRESSING,HYDROCOLLOID,4 X 5IN,","IE542","L:65","","422299"
"27274","DRESSING,HYDROCOLLOID,4.34SQ I","IE542","L:40","","MA028"
"27869","DRESSING,BORDER LITE,MEPILEX,1","IE542","L:80","","581011"
"27870","MEPILEX,BORDER LITE,2X5","IE542","L:80","","581100"
"27871","MEPILEX,BORDER LITE,3X3","IE542","L:80","","595200"
"27898","GEL,AQUASONIC,20MG","IE542","L:20","","1-Jan"
"29067","PACKING,WOUND,PLN,1/4IN X 5YD,","IE542","L:5","","7631"
"29094","MARKER,SKIN,MINI MARKER,PRE SU","IE542","L:2","","2715BN"
"29255","RULER,MEASURING,WOUND,PAPER,DI","IE542","L:2","","MSCEDURULER"
"29371","BANDAGE,GAUZE,3IN X 75IN,STER,","IE542","L:24","","Nov-93"
"29494","SOLUTION,IRRIGATION,0.9% NACL,","IE542","L:7","","R5201-01"
"29885","CHLORAPREP,ONE STEP,3ML","IE542","L:15","","930400"
"29922","DRESSING,WOUND,4X4,HYDROFERA B","IE542","L:5","","HB4414"
"29987","PAD,FOOT,CORN,NARROW,1/8INCH,W","IE542","L:2","","MPAD-022"
"30015","DRESSING,BORDER LITE,MEPILEX,6","IE542","L:20","","581500"
"30016","DRESSING,BORDER LITE,MEPILEX,4","IE542","L:80","","595300"
"30017","BANDAGE,PASTE,UNNA BOOT,4IN X","IE542","L:20","","GL4001C"
"30039","DRESSING,XEROFORM,PETROLATUM,F","IE542","L:15","","8884433605"
"30058","SWAB,POVIDONE IODINE,10% W/V","IE542","L:50","","S41350"
"30262","SOLUTION,POVIDONE IODINE,10%,1","IE542","L:60","","DYNDA2232A"
"30263","SOLUTION,HYDROGENPEROXIDE,3%,1","IE542","L:10","","APLP1012BK"
"30264","ALCOHOL,ISOPROPYL,70%,4OZ BOTT","IE542","L:7","","I0020"
"31392","PROTECTOR,LEG,WATERPROOF,LARGE","IE542","L:6","","HL-15"
"31396","PROTECTOR,LEG,WATERPROOF,LRG,F","IE542","L:10","","FL-18"
"32243","CURETTE,DISPOSABLE,7MM LOOP","IE542","L:40","","MDS1033570"
"32408","CURETTE,DISPOSABLE,4MM LOOP","IE542","L:40","","MDS1033540"
"32527","GLOVE,EXAM,NITRILE,SM,LTX-FREE","IE542","L:4","","72-50901"
"32528","GLOVE,EXAM,NITRILE,MED,LTX-FRE","IE542","L:4","","72-50902"
"32529","GLOVE,EXAM,NITRILE,LG,LTX-FREE","IE542","L:4","","72-50903"
"32530","GLOVE,EXAM,NITRILE,XL,LTX-FREE","IE542","L:4","","72-50904"
"32575","WASHCLOTH,DISPOSABLE,NO RINSE,","IE542","L:6","","7055"
"32676","CLEANSER,BODY,FOAMING,9OZ","IE542","L:5","","MSC092108"
"32678","PROTECTANT,SKIN,MARATHON,LIQUI","IE542","L:3","","MSC093005"
"32679","CREAM,SKIN REPAIR,REMEDY,4OZ","IE542","L:50","","MSC0924004"
"33030","CLEANSER,WOUND,VASHE","IE542","L:6","","jrs00314"
"33115","GEL,MEDIHONEY,TUBE,1.5FL OZ,TW","IE542","L:10","","31815"
"33748","TOWEL,PATIENT,2PLY,POLY,19X13,","IE542","L:500","","1126749"
"35035","WIPES,DISPOSABLE,GERMICIDAL,SA","IE542","L:0","","Q55172"
"35486","FLUSH,SALINE,10ML,IN 10ML SYR,","IE542","L:30","","306546"
"35488","PADDING,BIOFOAM","IE542","L:0","","4000"
"35532","DRESSING,MATRIX,ULTRA,TRI-LAYE","IE542","L:5","","8213000016"
"35847","FOOTWEAR,PATIENT,3XL","IE542","L:10","","68125-PUR"
"35848","FOOTWEAR,PATIENT,BROWN,BARIATR","IE542","L:10","","68125-BRN"
"36317","NIPPER,CUTICLE,4.5IN,DBL SPRIN","IE542","L:40","","SS08-0537 F"
"36731","DRESSING,SORBION,SACHET,4X4","IE542","L:30","","7323206"
"36732","DRESSING,SORBION,SACHET,8X4","IE542","L:10","","7266203"
"37163","BASIN,WASH,PLASTIC,DISPOSABLE,","IE542","L:10","","DYND80347"
"37216","DRESS,CUTIMED,SORBACT,WCL","IE542","L:10","","7266201"
"37217","DRESSING,CUTIMED,SORBACT,CONTA","IE542","L:15","","72662-00"
"37219","DRESS,CUTIMED,3X3,SILTEC","IE542","L:20","","73251-00"
"37220","DRESSING,CUTIMED,5X5,ADHES,SIL","IE542","L:10","","73251-01"
"37694","POWDER,COLLAGEN","IE542","L:50","","HCP0110"
"37695","GEL,COLLAGEN","IE542","L:20","","CRXG28GMEA"
"37957","APPLICATOR,ULTRAMIST","IE542","L:10","","CP-80040"
"37985","WIPES,CLEANING,GERMICIDAL,HARD","IE542","L:0","","P54072"
"38082","FORCEP,ADSON,STERILE,SINGLE US","IE542","L:50","","SS11-1021 F"
"38085","SCISSORS,IRIS,ST,STERILE KIT,S","IE542","L:40","","66155"
"38934","SET,PODIATRY BASIC CARE","IE542","L:130","","BSDP-04UK F"
"39028","BANDAGE,4IN,TUBULAR,ELASTIC,CO","IE542","L:2","","6S763104"
"39029","BANDAGE,3.5IN,TUBULAR,ELASTIC,","IE542","L:2","","6S-7631-S3"
"39030","BANDAGE,5IN,TUBULAR,ELASTIC,CO","IE542","L:2","","6S763105"
"39031","BANDAGE,6IN,TUBULAR,ELASTIC,CO","IE542","L:2","","6S763106"
"40620","SCISSOR,LISTER BANDAGE,18.5CM","IE542","L:60","","SS07-0291 F"
"40686","KIT,NAIL REMOVAL,PNA","IE542","L:70","","BSDP-03UK F"
"40703","SET,SUTURE,STANDARD","IE542","L:20","","SSP-021 F"
"41089","CURRETTE,DISP,17CM,CLOSED,2-4M","IE542","L:5","","SS62-4349 F"
"41246","CURRETTE,MICRO,DOUBLE SIDED,WO","IE542","L:40","","SS62-4300 F"
"41474","SURGIFOAM,HEMOSTATIC","IE542","L:15","","1972"
"41497","BANDAE,GAUZE,1X75,STER,1-PLY,S","IE542","L:24","","2230"
"42735","MASK,FACE,PROCEDURE,FULL PLTD,","IE542","L:100","","PPE-M-AS-SUR-S"
"48482","BCA-SET3,REGEN,ACCESSORY KIT","IE542","L:10","","BCA-SET3"
"48483","RK-BCT-3,REGENKIT,10ML","IE542","L:10","","RK-BCT-3"
"48683","REGENKIT,THT-3,THREE TUBES (10","IE542","L:10","","RK-THT-3"
"48744","FORCEPS,DISSECTING,T.O.E.","IE542","L:50","","SS11-0950"
"50109","OINTMENT,POVIDONE,IODINE,1 OZ,","IE542","L:10","",""
"50211","LAVAGE, JET WOUND DEVICE, 0.05","IE542","L:3","","ISEPT-450-USA"
"50295","PROTECTOR,HEEL,FOOTCHECK,W WE","IE542","L:6","",""
"59211","WOUND,MATRIX,OMEGA 3","IE542","L:5","","50200S01B2D"
"59215","HYPICHLOROUS,WOUND,WASH","IE542","L:12","","6517"
"59358","DRESSING,SYSTEM,MEDIUM,VERAFLO","IE542","L:5","","ULTVFL05MD"
"59596","BAG,EMESIS,WHITE,HDPE","IE542","L:1","","NON80331"
"59597","CUP,SPECIMEN,WHT","IE542","L:8","",""
"59848","SWAB COLLECTION ANALYZER PART","IE542","L:10","",""
"61402","TAPE,SUTURE,1.2MM,ASTRON,36 IN","IE542","L:5","",""
"61403","SUTURE,USP #2,W/LOOP,ASTRON","IE542","L:5","",""
"96017","FORCEP,KELLY,CVD,5.5IN,DISP","IE542","L:20","","SS09-0627 F"
"97759","FENESTRATED, WOUND MATRIX,ANTH","IE542","L:5","","AN-0036"
"97760","FENESTRATED, WOUND MATRIX,ANTH","IE542","L:2","","AN-0035"
"99015","BAG,PATIENT,BELONGING","IE542","L:100","","BIOBAGGY1820"
"99118","CANISTER, ACTIVAC","IE542","L:5","","M8275058/5"
"99309","MATRIX, PHOENIX WOUND 1.6CM DI","IE542","L:2","","FG-0014C"
"99310","MATRIX,PHOENIX WOUND,3CMX4CM","IE542","L:2","","FG-0006C"
"99311","MATRIX,PHOENIX WOUND,2.5CMX2.5","IE542","L:2","","FG-0004C"
"129574","FELT,HORSESHOE,1/8 INCH","IE542","L:4","","612-7385"
"129598","SEPARATOR,TOE,FOAM,SM,PEDIFIX,","IE542","L:12","","8130-S"
"129599","SEPARATOR,TOE,FOAM,LG,PEDIFIX,","IE542","L:20","","BER8130L"
"129600","PAD,ORTHOSIS,TOE SLEEVE,SMALL-","IE542","L:10","","G10065"
"129601","ORTHOSIS,FOOT,TOE SLEEVE,MINER","IE542","L:5","","G10075"
"180","STRAW,DRINKING,FLEXIBLE","IE543","L:0","","NON02315"
"214","TAPE,TRANSPORE,1IN,HYPO","IE543","L:0","","1527-1"
"215","TAPE,TRANSPORE,3IN","IE543","L:4","","1527-3"
"236","NEBULIZER,MICRO MIST,ADAPTER,H","IE543","L:0","","1884"
"439","SOLUTION,POVIDONE-IODINE 10%,T","IE543","L:0","","MDS093944"
"449","KIT,SHAVE PREP,BASIN,PVP SCRUB","IE543","L:0","","DYND70661"
"468","DIAPER,ADULT,BRIEF,LARGE,TAPE","IE543","L:0","","MSC33505"
"571","GAUZE,BANDAGE,KERLIX,4.5IN","IE543","L:0","","NON25865"
"1520","BANDAGE,GAUZE,2 X 75IN,STER,1-","IE543","L:0","","2231"
"1583","GEL,ULTRASONIC,TRANSMISSION","IE543","L:0","","8-Mar"
"1601","SURGIFIX,SZ#3","IE543","L:0","","MT03"
"1603","BANDAGE,TUBULAR,NYLON,SZ 6,25Y","IE543","L:0","","MT06"
"1604","SURGIFIX,SZ#8","IE543","L:1","","MT08"
"1606","SPONGE,GAUZE,GEN USE,2 X 2IN,8","IE543","L:0","","NON25208"
"1607","SPONGE,GAUZE,4 X 4IN,NON-STER","IE543","L:0","","2556G"
"1613","CLAMP,INCONTIENCE,CUNNINGHAM","IE543","L:0","","4053"
"1622","UNDERPAD,BED,30X36IN,TRANQUILI","IE543","L:0","","2710"
"1627","MASK,OXYGEN,NON-REBREATHER,ADU","IE543","L:0","","1060"
"1771","BANDAGE,COBAN,4IN,NONSTERILE","IE543","L:0","","2084"
"1776","PACK,HOT/COLD","IE543","L:0","","33500"
"1787","BLADE,CLIPPER,SURGICAL,STERILE","IE543","L:0","","9660"
"1825","KIT,REMOVAL,STAPLE,STERILE,DIS","IE543","L:0","","PSX"
"1826","NEEDLE,HYPO,25GA X 1 1/2IN,REG","IE543","L:0","","305127"
"1827","NEEDLE,27GA X 1.5IN,DISPOSABLE","IE543","L:0","","1188827112"
"1828","NEEDLE,30GAX1/2IN,DISPOSABLE","IE543","L:0","","305106"
"1834","NEEDLE,SPINAL,QUINCKE,20GA,L 3","IE543","L:0","","405182"
"1850","NEEDLE, SPINAL, 25 GA X 3.5 IN","IE543","L:0","","405180"
"1906","DRESSING,3X16IN,NONADHERENT,ST","IE543","L:0","","CUR250317"
"1912","GLOVE,SURG,NAT RUBBER,SZ 6,POW","IE543","L:0","","41160"
"1913","GLOVE,BIOGEL,6.5,STERILE","IE543","L:0","","41165"
"1914","GLOVE,NON LATEX BIOGEL,7.5,STE","IE543","L:0","","41175"
"1915","GLOVE,BIOGEL,8,STERILE","IE543","L:0","","41180"
"1954","SCALPEL,#10,W/HANDLE,DISPOSABL","IE543","L:0","","372610"
"1955","SCALPEL,#11,W/HANDLE,DISPOSABL","IE543","L:0","","MDS15311"
"1956","SCALPEL,SURG,SZ #15,BARD PARKE","IE543","L:0","","372615"
"1975","WOUND,CLOSURE STRIP,1/4IN X 4I","IE543","L:0","","R1546"
"1984","DRESSING,TELFA,NONADHER,3X8,ST","IE543","L:0","","1238"
"1986","PACKING,WOUND,PLN,1/2IN X 5YD,","IE543","L:4","","7632"
"1988","GAUZE,IODOFORM,1/2IN","IE543","L:0","","7832"
"1994","SYRINGE,10CC,L/L","IE543","L:0","","302995"
"1998","CUP,DENTURE,8OZ,W/LID,PLASTIC","IE543","L:0","","DYND70293"
"2010","DRAPE,TOWEL,18X24,STERILE","IE543","L:4","","D1010"
"2016","STETHOSCOPE,MANUAL,DUAL HEAD,L","IE543","L:4","","6515-00-NIB-0115"
"2032","WOUND,CLOSURE STRIP,1/2IN X 4I","IE543","L:0","","R1547"
"2041","DRESSING,TRANSPARENT,4X4 3/4IN","IE543","L:0","","1616"
"2042","DRESSING,TRANSPARENT,10INX5 1/","IE543","L:0","","1628"
"2043","DRESSING,IMPREGNATED,3 X 3IN,O","IE543","L:0","","6112"
"2084","BEDPAN,PONTOON,PLSTC,CONTOURED","IE543","L:0","","DYND88205"
"2087","STOCKING,COMPRESSION,BK,LG REG","IE543","L:4","","7203"
"2093","DRAPE,APERUTURE,SMALL","IE543","L:0","","DYNJSD1020"
"2189","WIPES,PERSONAL,TOWELETTE,PRE-M","IE543","L:0","","MDS094181"
"2342","SUTURE,NYLON,BLK MONO,SZ 3-0,L","IE543","L:0","","1663H"
"2343","SPECULA,OTOSCOPE,SMALL,4.25MM","IE543","L:0","","52434-U"
"2344","SUTURE,NYLON,BLK MONO,SZ 2-0,L","IE543","L:12","","585H"
"2350","SUTURE,NYLON,PLIABILIZED,BLK M","IE543","L:6","","1667H"
"2351","SUTURE,ETHILON,6-0,697H,P1","IE543","L:2","","697H"
"2530","CAUTERY,LOW TEMP,STERILE","IE543","L:0","","ESCT000"
"2800","GLOVE,BIOGEL,8.5,STERILE","IE543","L:0","","41185"
"3769","BANDAGE,COBAN,2IN,NONSTERILE","IE543","L:0","","2082"
"5410","BRUSH,SURGICAL,DRY,W/O DETERGE","IE543","L:0","","371603"
"5416","SUTURE, PROLENE, 6.0, P3 NEEDL","IE543","L:0","","8695G"
"5595","GLOVE,BIOGEL,7,STERILE","IE543","L:0","","41170"
"5960","SPONGE,GAUZE,2 X 2IN,STER,8-PL","IE543","L:0","","1806G"
"6153","PUNCH,BIOPSY,BAKER,3MM,STERILE","IE543","L:0","","33-32"
"6154","PUNCH,BIOPSY,BAKER,3.5MM,STERI","IE543","L:0","","33-33"
"6291","TAPE,ADHESIVE,CLOTH,1IN","IE543","L:0","","1538-1"
"6292","TAPE,ADHESIVE,CLOTH,2IN","IE543","L:6","","1538-2"
"6353","APPLICATOR,TIPPED,COTTO,L 6IN,","IE543","L:30","","MDS202000"
"6357","TISSUE,FACIAL,2-PLY,8 X 8IN,10","IE543","L:0","","48550"
"6555","BAG,TRANSPORT,SPECIMEN,BIOHAZA","IE543","L:0","","AR69P"
"6632","PUNCH,BIOPSY,BAKER,4MM,STERILE","IE543","L:0","","P450"
"6691","PIN,SAFETY,LARGE,NON STERILE","IE543","L:0","","MDT223025Z"
"8772","ELECTRODE,PATIENT,RETURN,VALLE","IE543","L:0","","E7507"
"9057","BATTERY,AA,NONRECHARGEABLE,ALK","IE543","L:0","","PC1500"
"9295","PAD,ALCOHOL,70% ISOPROPYL","IE543","L:0","","6818"
"9296","BANDAID,ADHESIVE,PLASTIC,STRIP","IE543","L:0","","44101"
"9300","DEPRESSOR,TONGUE,WOOD,STL","IE543","L:100","","C1560-006"
"9301","SPONGE,GAUZE,4 X 4IN,100% COTT","IE543","L:0","","3033G"
"9305","DRESSING,GEN USE,ABD PAD,8 X 1","IE543","L:0","","9194A"
"9306","SPONGE,GAUZE,DRAIN,4 X 4IN,6-P","IE543","L:50","","7086"
"9309","BAG,PAPER,GROCERY,# 25","IE543","L:0","","NONBPB25H"
"9311","BASIN,EMESIS,DISP,PLASTIC","IE543","L:0","","DYND80327N"
"9312","COTTON BALL,UNCOVERED,DIA 2IN,","IE543","L:0","","MDS21463"
"9313","CUP,STYROFOAM,6OZ,DISP","IE543","L:0","","6J6"
"9415","URINAL,MALE,PLSTC,1000ML,W/LID","IE543","L:0","","DYND80235S"
"9419","TRAY,CATHETERIZATION,FOLEY","IE543","L:0","","5029"
"9427","SYRINGE,3CC,L/L","IE543","L:0","","1180300777"
"9434","SYRINGE,30CC,L/L","IE543","L:0","","8881535762"
"9435","SYRINGE,60CC,L/L","IE543","L:0","","8881560125"
"9436","SYRINGE,60CC,CATH TIP","IE543","L:0","","309620"
"9625","TOWEL,SURGICAL,BARRIER,PACK","IE543","L:0","","3520"
"9627","KIT,REMOVAL,SUTURE,STERILE,DIS","IE543","L:0","","Jun-00"
"9630","BAG,PAPER,KRAFT,10.75X5.25","IE543","L:0","","NONBPB5"
"9719","TUBING,OXYGEN CONNECTING,7FT,N","IE543","L:6","","1350"
"9720","RAZOR,SURGICAL,DBLE EDGED","IE543","L:10","","BRN1312"
"9744","PAPER,EXAM,TABLE,18IN X 150FT,","IE543","L:0","","3-06-0002"
"9845","CUFF,B/P,ADULT,33,47CM,H/P,LAR","IE543","L:5","","REUSE-12"
"10250","SYRINGE,1CC,LUER LOCK","IE543","L:0","","309628"
"10310","BATTERY,C,NONRECHARGE","IE543","L:0","","PC1400"
"10377","BATTERY,ALKALINE,SZ D,DURACELL","IE543","L:2","","MN1300CT"
"10931","TAPE,ADHESIVE,PAPER,1I,HYPO","IE543","L:0","","1530-1"
"10932","TAPE,ADHESIVE,PAPER,2IN","IE543","L:0","","1530-2"
"10934","SNGE,5ML,LUER LOCK","IE543","L:0","","309646"
"10936","SYRINGE,W/O NEEDLE,20ML,LL TIP","IE543","L:0","","1182000777"
"12730","BANDAGE,COBAN,1IN,NONSTERILE","IE543","L:0","","CAH15LF"
"14992","STOCKING,THIGH HI,XL/REG","IE543","L:0","","MDS160888"
"15218","SUTURE,PROLENE,4 0,8682G,PS2","IE543","L:8","","8682G"
"16927","LANCET,SAFETY,1.8MM,21GA","IE543","L:0","","8290366577"
"17597","ELECTRODE,EKG,RESTING,CONDUCTI","IE543","L:0","","31433538"
"18141","DRESSING,GEN USE,ISLAND,4 X 4I","IE543","L:0","","7550"
"18274","REMOVER,ADHESIVE,WIPE","IE543","L:0","","30039"
"18275","REMOVER,ADHESIVE,4OZ","IE543","L:2","","32404"
"18677","NEEDLE, 16GA X 1 1/2","IE543","L:50","","305198"
"18816","PAPER,EKG,THERMAL,RED GRID","IE543","L:0","","1272335"
"19113","SCRUB,PREP,4% CHG,TOPICAL,4OZ","IE543","L:0","","MDS098710"
"19374","MONOFILAMENT,SENSORY TOUCH,5.0","IE543","L:5","","VA40"
"19550","BANDAGE,ELASTIC,SAFEWRAP,3X5YD","IE543","L:0","","MDS087003LFG"
"19551","BANDAGE,ELASTIC,SAFEWRAP,LF,4I","IE543","L:0","","MDS087004LF"
"19552","BANDAGE,ELASTIC,COMPRESSION,6I","IE543","L:19","","MDS087006LFG"
"19845","DRESSING,FOAM,4 X 4IN,SQ,WATER","IE543","L:0","","55544"
"19846","DRESSING,FOAM,4 X 8IN,POLYURET","IE543","L:0","","55548"
"19973","PIN,ADAPTER,ACCESS VIAL,2202E","IE543","L:0","","2202E"
"20074","CAP,ALARIS","IE543","L:0","","70804"
"20189","DRESSING,TRAC,FOAM,KCI,LG,BLAC","IE543","L:4","","M8275053/10"
"20629","CUP,URINE,NONSTERILE,BLUE TOP","IE543","L:0","","364975"
"20943","GOWN,ISOLATION,DISPOSABLE,FULL","IE543","L:0","","A69961-C"
"22138","NEEDLE,SAFET,18GAX1.5IN,1M","IE543","L:0","","8881850815"
"22139","NEEDLE,SAFETY,22GAX1.5,1M","IE543","L:0","","8881850215"
"22140","NEEDLE,SAFETY,25GAX5/8IN","IE543","L:0","","8881850558"
"22141","NEEDLE,SAFETY,23GAX1IN","IE543","L:0","","8881850310"
"22142","NEEDLE,SAFETY,21GAX1IN,1M","IE543","L:0","","305915"
"22288","TAPE,MEDICAL,SOFT CLOTH,2IN","IE543","L:0","","2862"
"22289","TAPE,MEDICAL,SOFT CLOTH,4IN","IE543","L:0","","2864"
"22290","TAPE,MEDICAL,SOFT CLOTH,6IN","IE543","L:0","","2866"
"22350","SOAP, SURGICAL HAND PREP, AVAG","IE543","L:0","","9200"
"22351","SYRINGE,TB,1CC,28GAX1/2IN,SAFE","IE543","L:0","","8881882812"
"22352","SYRINGE,INSULIN,1CC,29GAX1/2IN","IE543","L:0","","8881892910"
"22520","GUIDEWIRE,VASCULAR,L 180CM,FLE","IE543","L:0","","RF*GS35183A"
"22546","ADHESIVE,SKIN CLOSURE,TOPICAL","IE543","L:0","","LX6"
"22967","CENTURION SEWN","IE543","L:0","","67535"
"22974","RETRACTOR,6.5IN,SENN","IE543","L:0","","66795"
"23157","STRIP,GLUCOSE TESTING,ACCU-CHE","IE543","L:0","","5942861001"
"23465","SWABSTICK,CHG 3.15%,ISOPROPYL","IE543","L:10","","B10800"
"23695","SCISSORS-SHARP/BLUNT-5.5-STERI","IE543","L:0","","65945"
"23910","PUNCH,BIOPSY,2MM,STERILE","IE543","L:8","","9033502"
"23980","BATTERY,9V,NON-RECHRG,ALKALINE","IE543","L:2","","PC1604"
"24320","INTRODUCER,SHEATH,STD,7FR,L 11","IE543","L:5","","PSI-7F-11-038"
"24568","COVER,PROBE,3D","IE543","L:5","","20-P3D548"
"24811","COVER,THERMOMETER PROBE,SURETE","IE543","L:0","","05031-750"
"27022","DRESSING,HYDROCOLLOID,4 X 5IN,","IE543","L:0","","422299"
"27089","CUFF,BLOOD PRESSURE,SMALL ADUL","IE543","L:0","","REUSE-11-1HP"
"27104","PAPER,EKG,FOR ZOLL M SERIES,FA","IE543","L:0","","8000-000877-01"
"27256","SET,PUNCTURE,MICRO,5FR,10CM,IN","IE543","L:5","","G48008"
"27894","SUTURE,VICRYL PLUS,SH,VCP417H","IE543","L:10","","VCP417H"
"27898","GEL,AQUASONIC,20MG","IE543","L:30","","1-Jan"
"27936","SUTURE,BRAIDED VICRYL,4-0,18IN","IE543","L:0","","J496H"
"27956","SUTURE,VICRYL PLUS,UND BRD,SZ","IE543","L:12","","VCP493G"
"27967","SUTURE,3/0 VICRYL PLUS,SH,VCP4","IE543","L:0","","VCP416H"
"28018","DEVICE,CATH SECUREMENT,FOLE,ST","IE543","L:0","","FOL0102"
"28481","TOWEL,RAYPAQUE,SAFETY,STERILE,","IE543","L:0","","AVID262"
"28829","CORD,12FT,BIOPOLAR,FOOTSWITCHI","IE543","L:0","","E0512"
"28976","ELECTRODE,PENCIL,W/EDGE,HAND C","IE543","L:0","","E2450H"
"29036","CLOTH,2% CHLORHEXIDINE,GLUCONA","IE543","L:6","","9705"
"29067","PACKING,WOUND,PLN,1/4IN X 5YD,","IE543","L:3","","7631"
"29160","SUTURE,MONOCRYL PLUS,PS-2,MCP4","IE543","L:32","","MCP426H"
"29362","DRESSING,ADHESIVE,4X4,W/ANTIMC","IE543","L:3","","MSC9604"
"29363","DRESSING,NON-ADHE,4X4,ANTIMCRO","IE543","L:0","","MSC9614EP"
"29371","BANDAGE,GAUZE,3IN X 75IN,STER,","IE543","L:25","","Nov-93"
"29451","VIAL,PREFILLED,BUFFERED,FORMAL","IE543","L:0","","NB0507"
"29611","CHLORAPREP,26ML,HI LITE,ORANGE","IE543","L:0","","930815"
"29637","DRESSING,TRANSPARENT,2 3/8 X 4","IE543","L:0","","3584"
"29885","CHLORAPREP,ONE STEP,3ML","IE543","L:0","","930400"
"29976","SUTURE,PDS,3.0,27INCH","IE543","L:0","","PDP316H"
"30015","DRESSING,BORDER LITE,MEPILEX,6","IE543","L:10","","581500"
"30039","DRESSING,XEROFORM,PETROLATUM,F","IE543","L:0","","8884433605"
"30058","SWAB,POVIDONE IODINE,10% W/V","IE543","L:0","","S41350"
"30085","DRESSING STERILE 4INX4IN","IE543","L:0","","187971"
"30262","SOLUTION,POVIDONE IODINE,10%,1","IE543","L:0","","DYNDA2232A"
"30263","SOLUTION,HYDROGENPEROXIDE,3%,1","IE543","L:0","","APLP1012BK"
"30264","ALCOHOL,ISOPROPYL,70%,4OZ BOTT","IE543","L:0","","I0020"
"30624","SHEATH,TRANSDUCER COVER,PLASTI","IE543","L:0","","610-836"
"32094","DRESSING,ALGINATE,MEDIHONEY,4X","IE543","L:10","","31045"
"32463","ADHESIVE,LIQUID,MASTISOL","IE543","L:12","","0523-48"
"32527","GLOVE,EXAM,NITRILE,SM,LTX-FREE","IE543","L:0","","72-50901"
"32528","GLOVE,EXAM,NITRILE,MED,LTX-FRE","IE543","L:0","","72-50902"
"32529","GLOVE,EXAM,NITRILE,LG,LTX-FREE","IE543","L:0","","72-50903"
"32530","GLOVE,EXAM,NITRILE,XL,LTX-FREE","IE543","L:0","","72-50904"
"32679","CREAM,SKIN REPAIR,REMEDY,4OZ","IE543","L:0","","MSC0924004"
"33115","GEL,MEDIHONEY,TUBE,1.5FL OZ,TW","IE543","L:12","","31815"
"34473","DRESSING,5 X 12.5IN,MEPILEX BO","IE543","L:10","","496605"
"35069","CAP,IV,DISINFECT,CUROS,JET","IE543","L:0","","CFJ5-250"
"35121","SYRINGE,1ML,SLIP,TIP","IE543","L:0","","309659"
"35122","SYRINGE,3ML,25GA X 5/8,LUER LO","IE543","L:0","","309570"
"35123","NEEDLE,21GA X 2IN,NON SAFETY","IE543","L:100","","305129"
"35486","FLUSH,SALINE,10ML,IN 10ML SYR,","IE543","L:0","","306546"
"35511","JELLY,SURGILUBE,STERILE,5GM","IE543","L:0","","281020545"
"35847","FOOTWEAR,PATIENT,3XL","IE543","L:10","","68125-PUR"
"35848","FOOTWEAR,PATIENT,BROWN,BARIATR","IE543","L:10","","68125-BRN"
"36310","HEMOSTAT,STRT,SATIN,STERILE,DI","IE543","L:0","","66485"
"37053","PACK,BASIC,U-BAR II,","IE543","L:5","","88321"
"37163","BASIN,WASH,PLASTIC,DISPOSABLE,","IE543","L:10","","DYND80347"
"37636","NEEDLE,HYPO,20GAX1.5IN,SAFETY,","IE543","L:0","","8881850015"
"37787","SYSTEM,CLOSURE,VENASEAL,COVIDI","IE543","L:4","","VS-404"
"38083","SCISSORS,IRIS,CVD,STERILE,SING","IE543","L:6","","66150"
"38084","HOLDER,NEEDLE,WEBSTER,STERILE,","IE543","L:0","","67120"
"38085","SCISSORS,IRIS,ST,STERILE KIT,S","IE543","L:0","","66155"
"38101","GLASSES,SAFETY,PLSTC LES,CLR,U","IE543","L:0","","SV50A"
"38362","FORCEP,ADSON BROWN,DRESSING,ST","IE543","L:10","","66195"
"39199","CUFF,BP,1 PIECE,ADULT,TUBELESS","IE543","L:0","","SOFT-11"
"39581","MEPILEX,BORDER,SACRUM,16X20CM","IE543","L:20","","282055"
"40669","NEEDLE,BUTTERFLY,ULTRATOUCH,23","IE543","L:0","","367364"
"41341","CONTAINER,URINE COLLECTION,COM","IE543","L:0","","2500SA"
"41595","CANNULA,NASAL,O2,NON-FLARE TIP","IE543","L:0","","1365"
"41815","CAP,BOUFFANT,24IN,BLUE,FLUID P","IE543","L:1","","B24HD"
"42036","LINER,PITCHER,PLSTC,CARAFE,1QT","IE543","L:0","","DYND80528"
"42037","PITCHER,HANDLE,W/LID,GRAPHITE","IE543","L:0","","DYND80535N"
"42148","FORCEP,BIPOLAR ADSON,SERRATED","IE543","L:0","","20-1080I"
"42593","DEVICE,BIOP,CYTOCORE,ROTATION","IE543","L:0","","C0025"
"42735","MASK,FACE,PROCEDURE,FULL PLTD,","IE543","L:100","","PPE-M-AS-SUR-S"
"44714","TEST,COVID19,ANTIGEN,OTC,SELF-","IE543","L:0","","195264"
"45111","FLUSH,SALINE,10ML,STERILE,IN 1","IE543","L:0","","306553"
"47333","TURBINE FLOWMIR","IE543","L:0","","910004"
"47334","FLOWMIR TURBINE MOUTHPIECE","IE543","L:0","","910304"
"50294","CREAM,SKIN,PHYTOPLEX,12.5% DMT","IE543","L:0","","MSC092562"
"50930","CLEANSER,WOUND,SPRAY,BOTTLE,8O","IE543","L:0","",""
"59357","MASK,PROCEDURE,W/EYESHIELD","IE543","L:0","","AT74631"
"59597","CUP,SPECIMEN,WHT","IE543","L:0","",""
"61342","GEL,WOUND,TUBE,1.5OZ,THERAHONE","IE543","L:12","",""
"61440","PHILIPS - MOBILE CARDIAC OUTPA","IE543","L:0","","02-02208"
"61467","MONITOR,CARDIAC,HOLTER,EXTENDE","IE543","L:0","","02-02209"
"96001","COTTON,BALL,STERILE","IE543","L:0","","30-030"
"99015","BAG,PATIENT,BELONGING","IE543","L:0","","BIOBAGGY1820"
"129613","CANNULA,BLUNT,PLASTIC","IE543","L:0","","8881540111"
"45","KIT,HUMIDIFIER,DISP","IE549","L:3","test1","HUD006-40"
"180","STRAW,DRINKING,FLEXIBLE","IE549","L:20","","NON02315"
"214","TAPE,TRANSPORE,1IN,HYPO","IE549","L:8","","1527-1"
"215","TAPE,TRANSPORE,3IN","IE549","L:2","","1527-3"
"236","NEBULIZER,MICRO MIST,ADAPTER,H","IE549","L:2","","1884"
"434","GAUZE,OR,4X4,STERILE","IE549","L:20","","8045"
"468","DIAPER,ADULT,BRIEF,LARGE,TAPE","IE549","L:3","","MSC33505"
"571","GAUZE,BANDAGE,KERLIX,4.5IN","IE549","L:4","","NON25865"
"588","CATH,URETHRAL,ROBINSON-NELATON","IE549","L:2","","8888492041"
"1481","ELECTRODE,EKG,DIAPH,FOAM,WET G","IE549","L:10","","2560"
"1603","BANDAGE,TUBULAR,NYLON,SZ 6,25Y","IE549","L:1","","MT06"
"1606","SPONGE,GAUZE,GEN USE,2 X 2IN,8","IE549","L:4","","NON25208"
"1622","UNDERPAD,BED,30X36IN,TRANQUILI","IE549","L:10","","2710"
"1624","ADAPTER,OXYGEN,W/NUT,STANDARD","IE549","L:50","","2555"
"1626","CONNECTOR,TUBING,OXYGEN","IE549","L:50","","1811"
"1627","MASK,OXYGEN,NON-REBREATHER,ADU","IE549","L:4","","1060"
"1787","BLADE,CLIPPER,SURGICAL,STERILE","IE549","L:20","","9660"
"1821","TUBE,EXTENSION,K51","IE549","L:4","","2C6226"
"1826","NEEDLE,HYPO,25GA X 1 1/2IN,REG","IE549","L:0","","305127"
"1914","GLOVE,NON LATEX BIOGEL,7.5,STE","IE549","L:5","","41175"
"1915","GLOVE,BIOGEL,8,STERILE","IE549","L:5","","41180"
"1972","TUBE,SUCTION,YANKAUER","IE549","L:5","","K86"
"1994","SYRINGE,10CC,L/L","IE549","L:20","","302995"
"1998","CUP,DENTURE,8OZ,W/LID,PLASTIC","IE549","L:25","","DYND70293"
"2014","CONNECTOR,TUBING,5IN1,PLASTIC,","IE549","L:2","","501"
"2084","BEDPAN,PONTOON,PLSTC,CONTOURED","IE549","L:1","","DYND88205"
"2093","DRAPE,APERUTURE,SMALL","IE549","L:6","","DYNJSD1020"
"2242","MASK,OXYGEN,ADULT SZ 6","IE549","L:4","","HUD1930"
"2645","CATHETER,ROBINSON,16FR","IE549","L:2","","277716"
"2800","GLOVE,BIOGEL,8.5,STERILE","IE549","L:5","","41185"
"3769","BANDAGE,COBAN,2IN,NONSTERILE","IE549","L:14","","2082"
"5039","SOLUTION,INTRAVENOUS,IN 0.9% N","IE549","L:7","","2B1324X"
"5595","GLOVE,BIOGEL,7,STERILE","IE549","L:5","","41170"
"5960","SPONGE,GAUZE,2 X 2IN,STER,8-PL","IE549","L:100","","1806G"
"5963","PAPER,RECORDING,THERMAL","IE549","L:2","","40477A"
"6353","APPLICATOR,TIPPED,COTTO,L 6IN,","IE549","L:50","","MDS202000"
"6357","TISSUE,FACIAL,2-PLY,8 X 8IN,10","IE549","L:6","","48550"
"9057","BATTERY,AA,NONRECHARGEABLE,ALK","IE549","L:12","","PC1500"
"9295","PAD,ALCOHOL,70% ISOPROPYL","IE549","L:800","","6818"
"9296","BANDAID,ADHESIVE,PLASTIC,STRIP","IE549","L:100","","44101"
"9299","KIT,SUCTION,14FR CATH,WHISTLE","IE549","L:5","","37424"
"9309","BAG,PAPER,GROCERY,# 25","IE549","L:0","","NONBPB25H"
"9311","BASIN,EMESIS,DISP,PLASTIC","IE549","L:5","","DYND80327N"
"9313","CUP,STYROFOAM,6OZ,DISP","IE549","L:3","","6J6"
"9333","GOWN,SURG,REINFORCED,LG","IE549","L:4","","9011EL"
"9334","PACK,DRAPE,SHEET,STERILE,L/F,#","IE549","L:4","","29350"
"9414","TUBING,SUCTION,L 6FT,FEMALE CO","IE549","L:4","","8888301515"
"9415","URINAL,MALE,PLSTC,1000ML,W/LID","IE549","L:4","","DYND80235S"
"9427","SYRINGE,3CC,L/L","IE549","L:50","","1180300777"
"9435","SYRINGE,60CC,L/L","IE549","L:10","","8881560125"
"10310","BATTERY,C,NONRECHARGE","IE549","L:4","","PC1400"
"10377","BATTERY,ALKALINE,SZ D,DURACELL","IE549","L:4","","MN1300CT"
"10931","TAPE,ADHESIVE,PAPER,1I,HYPO","IE549","L:6","","1530-1"
"10934","SNGE,5ML,LUER LOCK","IE549","L:40","","309646"
"10936","SYRINGE,W/O NEEDLE,20ML,LL TIP","IE549","L:20","","1182000777"
"12730","BANDAGE,COBAN,1IN,NONSTERILE","IE549","L:15","","CAH15LF"
"13310","KIT,IV START,STERILE,L/F,CHLOR","IE549","L:40","","74464"
"14774","STOPCOCK,4WAY,LUER LOCK","IE549","L:40","","1168336"
"16927","LANCET,SAFETY,1.8MM,21GA","IE549","L:1","","8290366577"
"18816","PAPER,EKG,THERMAL,RED GRID","IE549","L:5","","1272335"
"18932","DRESSING,TRANSPARENT,2 3/8INX2","IE549","L:5","","1624W"
"19676","CATHETER,IV,SAFETY,18GA X1.25I","IE549","L:20","","3065"
"19677","CATHETER,IV,SAFETY,20GAX1.25IN","IE549","L:5","","3066"
"19973","PIN,ADAPTER,ACCESS VIAL,2202E","IE549","L:10","","2202E"
"20047","SET,EXTENSION,NEEDLELESS,VALVE","IE549","L:50","","MC33150"
"20057","CANNULA,NEEDLELESS,ACCESS VALV","IE549","L:100","","MC100"
"20557","WIPES,CLEANING,GERMICIDAL,HARD","IE549","L:0","","P13872"
"20621","WIPES, PDI EASY SCREEN","IE549","L:0","","P03672"
"20629","CUP,URINE,NONSTERILE,BLUE TOP","IE549","L:10","","364975"
"20943","GOWN,ISOLATION,DISPOSABLE,FULL","IE549","L:5","","A69961-C"
"22138","NEEDLE,SAFET,18GAX1.5IN,1M","IE549","L:20","","8881850815"
"22143","NEEDLE,FILTER,18GA X 1 1/2IN","IE549","L:15","","305211"
"22352","SYRINGE,INSULIN,1CC,29GAX1/2IN","IE549","L:5","","8881892910"
"22841","KIT,CATHETER,16FR,FOLEY,DRAIN","IE549","L:0","","PP16SD"
"23157","STRIP,GLUCOSE TESTING,ACCU-CHE","IE549","L:2","","5942861001"
"23725","TOURNIQUET,.75X18INCH,LATEX FR","IE549","L:8","","367203"
"23980","BATTERY,9V,NON-RECHRG,ALKALINE","IE549","L:6","","PC1604"
"24811","COVER,THERMOMETER PROBE,SURETE","IE549","L:2","","05031-750"
"26930","MASK,FACE,PROCEDURE,FULL PLTD,","IE549","L:50","","15111"
"27104","PAPER,EKG,FOR ZOLL M SERIES,FA","IE549","L:5","","8000-000877-01"
"29094","MARKER,SKIN,MINI MARKER,PRE SU","IE549","L:1","","2715BN"
"29610","CHLORAPREP,10.5ML,HI LITE,ORAN","IE549","L:5","","930715"
"29885","CHLORAPREP,ONE STEP,3ML","IE549","L:4","","930400"
"29988","NEEDLE,SAFETY,27GA,5/8INCH","IE549","L:0","","305921"
"30205","SLING,PATIENT LIFT,DISPOSABLE","IE549","L:0","","AHD001"
"30264","ALCOHOL,ISOPROPYL,70%,4OZ BOTT","IE549","L:6","","I0020"
"30515","DRESSING,FILM,IV,W/BORDER,TEGA","IE549","L:100","","1683"
"31896","DEVICE,STATLOCK,325PSI","IE549","L:0","","IV0563P"
"32038","LINER,SUCTION,FLEX ADVANTAGE,1","IE549","L:3","","65651-920C"
"32527","GLOVE,EXAM,NITRILE,SM,LTX-FREE","IE549","L:6","","72-50901"
"32528","GLOVE,EXAM,NITRILE,MED,LTX-FRE","IE549","L:6","","72-50902"
"32529","GLOVE,EXAM,NITRILE,LG,LTX-FREE","IE549","L:6","","72-50903"
"32530","GLOVE,EXAM,NITRILE,XL,LTX-FREE","IE549","L:4","","72-50904"
"33361","CATH,IV,PERIPH VENOUS,INSYTE A","IE549","L:100","","381423"
"33552","SHORTS,ORTHO,BLUE,X-LRG,38X48","IE549","L:2","","45410-105"
"33748","TOWEL,PATIENT,2PLY,POLY,19X13,","IE549","L:200","","1126749"
"35035","WIPES,DISPOSABLE,GERMICIDAL,SA","IE549","L:0","","Q55172"
"35069","CAP,IV,DISINFECT,CUROS,JET","IE549","L:10","","CFJ5-250"
"35486","FLUSH,SALINE,10ML,IN 10ML SYR,","IE549","L:150","","306546"
"35845","FOOTWEAR,PATIENT,NON-SKID,MED,","IE549","L:2","","68125-TM"
"35846","FOOTWEAR,PATIENT,YELLOW,XL","IE549","L:2","","68125-YXLA"
"35847","FOOTWEAR,PATIENT,3XL","IE549","L:2","","68125-PUR"
"35848","FOOTWEAR,PATIENT,BROWN,BARIATR","IE549","L:2","","68125-BRN"
"36089","MITT,SURGICAL,PREP,ADHESIVE,25","IE549","L:1","","HPC19144"
"36310","HEMOSTAT,STRT,SATIN,STERILE,DI","IE549","L:6","","66485"
"36472","NEEDLE,GRIPPER PLUS,HUBER,.75I","IE549","L:8","","21-3465-24"
"36669","CATHETER,IV,INTERGRATED,22GA X","IE549","L:5","","383512"
"37163","BASIN,WASH,PLASTIC,DISPOSABLE,","IE549","L:12","","DYND80347"
"37636","NEEDLE,HYPO,20GAX1.5IN,SAFETY,","IE549","L:20","","8881850015"
"37985","WIPES,CLEANING,GERMICIDAL,HARD","IE549","L:0","","P54072"
"38840","BLADE,CLIPPER,SURGICAL,PROFESS","IE549","L:20","","9680"
"40668","NEEDLE,BUTTERFLY,ULTRATOUCH,25","IE549","L:20","","367363"
"41271","TUBING,OXYGEN CONNECTING,L 7FT","IE549","L:20","","1925"
"41425","CATHETER,INTRAVENOUS,AUTOGUARD","IE549","L:50","","382512"
"41595","CANNULA,NASAL,O2,NON-FLARE TIP","IE549","L:10","","1365"
"42735","MASK,FACE,PROCEDURE,FULL PLTD,","IE549","L:50","","PPE-M-AS-SUR-S"
"45122","KIT,CATH,FOLE,16FR,SIL,LTX-FRE","IE549","L:2","","URO170816"
"48837","TUBING,CANNULA,NASAL,25FT O2 H","IE549","L:10","","16SOFTHF2510"
"50420","WIPES,PERSONAL,SKIN CLEANSING/","IE549","L:10","","MSC092503"
"50617","SET,IV ADMIN,INF,SMARTSITE,NEE","IE549","L:0","","2420-0007"
"50641","IV ADMIN SET,SECONDARY,40 W/ H","IE549","L:4","","DYNDTA1540"
"50683","ADH PORT ACCESS KIT","IE549","L:10","","DYNPAK06"
"59596","BAG,EMESIS,WHITE,HDPE","IE549","L:24","","NON80331"
"61270","SLING,COMFORT,LARGE,POLY,DISPO","IE549","L:0","",""
"98006","BATTERY,AAA,NONRECHARGEABLE,AL","IE549","L:24","","PC2400"
"99015","BAG,PATIENT,BELONGING","IE549","L:25","","BIOBAGGY1820"
"2190","BLADE,BEAVER,6400","IE556","L:15","","BEAVER6400"
"2201","SUTURE,GUT,PLAIN,SIZE 2-0,CT-3","IE556","L:36","","N863H"
"2222","SUTURE, CHROMIC, SIZE 0, CT1 N","IE556","L:24","","924H"
"2251","SUTURE,SILK,BLK BRD,SZ 4-0,L 1","IE556","L:36","","A183H"
"2253","SUTURE,SILK,BLK BRD,SZ 3-0,L 1","IE556","L:12","","A184H"
"2259","SUTURE,SILK,BLK BRD,SZ 0,L 6-1","IE556","L:36","","A186H"
"2263","SUTURE, SILK, 3-0-A304H-TIES","IE556","L:36","","A304H"
"2266","SUTURE,SILK,BLK BRD,SZ 2-0,L 1","IE556","L:12","","A305H"
"2270","SUTURE, SILK, SIZE 1, TIES","IE556","L:48","","A307H"
"2321","SUTURE,SILK,3 0, SH NEEDLE","IE556","L:46","","K832H"
"2323","SUTURE,SILK,BLK BRD,SZ 2-0","IE556","L:24","","K833H"
"2325","SUTURE, SILK, 4 0, K87H1, RB1","IE556","L:36","","K871H"
"2329","SUTURE, SILK, 0 , CT1 NEEDLE","IE556","L:42","","424H"
"2333","SUTURE,SILK,BLK BRD,SZ 3-0,L 8","IE556","L:6","","C017D"
"2334","SUTURE,SILK,BLK BRD,SZ 2-0,L 8","IE556","L:24","","C016D"
"2342","SUTURE,NYLON,BLK MONO,SZ 3-0,L","IE556","L:24","","1663H"
"2344","SUTURE,NYLON,BLK MONO,SZ 2-0,L","IE556","L:24","","585H"
"2350","SUTURE,NYLON,PLIABILIZED,BLK M","IE556","L:24","","1667H"
"2351","SUTURE,ETHILON,6-0,697H,P1","IE556","L:6","","697H"
"2369","SUTURE,PROLENE,BLU MONO,SZ 7-0","IE556","L:6","","M8702"
"2372","SUTURE, PROLENE, SIZE 5-0, C1","IE556","L:36","","8725H"
"2376","SUTURE,PROLENE,6-0,CV-1,BV-1,","IE556","L:18","","M8709"
"2416","SUTURE,ETHIBOND EXCEL,GRN BRD,","IE556","L:24","","X424H"
"2426","SUTURE, PDS II, SIZE 0, CTX NE","IE556","L:12","","Z370T"
"2427","SUTURE,PDS II,VIOLET,MONO,36IN","IE556","L:24","","Z371T"
"2428","SUTURE, PDS II 0, CTX NEEDLE","IE556","L:24","","Z776D"
"2430","SUTURE, PDS II 1, CTX NEEDLE","IE556","L:24","","Z765D"
"2434","SUTURE, PROLENE, O, CT1 NEEDLE","IE556","L:0","","8424H"
"2438","SUTURE NUROLON C541D","IE556","L:6","","C541D"
"2453","WAX, BONE, 2.5GRAMS","IE556","L:12","","DYNJBW25"
"5374","SUTURE,VICRYL,6-0,P-3","IE556","L:12","","J492H"
"5414","SUTURE-PROLENE-4-0-8935H-V5","IE556","L:36","",""
"5417","SUTURE,PROLENE,BLU MONO,SZ 6-0","IE556","L:36","","8805H"
"6278","SUTURE, GUT, PLAIN,4-0-1824H-S","IE556","L:72","","1824H"
"6865","SUTURE,SILK,6 O,P1 NEEDLE","IE556","L:12","","639G"
"9226","SUTURE, CHROMIC, SIZE 4-0, PS4","IE556","L:24","","2644G"
"9811","SUTURE,PROLENE,BLU MONO,SZ 5-0","IE556","L:36","","8720ZH"
"11022","SUTURE 0 ETHIBOND #CX21D","IE556","L:24","","CX21D"
"11023","SUTURE, ETHIBOND, SIZE 1, CT1","IE556","L:24","","X425H"
"13734","SUTURE,MONOCRYL,UND MONO,SZ 5-","IE556","L:12","","Y493G"
"14582","SUTURE,PLN GUT,SZ 6-0,L 18IN,W","IE556","L:6","","770G"
"15109","SUTURE,PDS 11,1,XLH,Z881G","IE556","L:24","","Z881G"
"15183","SUTURE,SILK,SZ 0, SH NEEDLE","IE556","L:36","","K834H"
"15218","SUTURE,PROLENE,4 0,8682G,PS2","IE556","L:12","","8682G"
"17665","SUTURE,PROLENE,6.0,C-1 NEEDLE","IE556","L:46","","8726H"
"18560","SUTURE,PROLENE,BLU MONO,SZ 5-0","IE556","L:36","","9702H"
"18936","SUTURE, CHROMIC, SIZE 2-0, SH","IE556","L:24","","G123H"
"18937","SUTURE, CHROMIC, SIZE 3-0, SH","IE556","L:72","","G122H"
"18938","SUTURE,CHROMIC,4-0,U203H,RB1","IE556","L:10","","U203H"
"20126","SUTURE, PLAIN, GUT 5 0, NEEDLE","IE556","L:24","","1915G"
"20141","SUTURE,ETHIBOND,SZ 0,SH NEEDLE","IE556","L:24","","X834H"
"20142","SUTURE-ETHIBOND-SH-NEEDLE-X833","IE556","L:24","","X833H"
"21926","SUTURE,PROLENE,4-0,C-1/CV-11,3","IE556","L:18","","9706H"
"22182","SUTURE, PDS II, SZ0,Z990G","IE556","L:24","","Z990G"
"22803","SUTURE,ETHIBOND EXCEL,GRN BRD,","IE556","L:24","","X519H"
"22804","SUTURE, PDS II, SIZE 5-O, P-3","IE556","L:24","","Z493G"
"23784","SUTURE,CHROMIC GUT,SZ 4-0,L 18","IE556","L:12","","793G"
"23786","INTRODUCER,CHECK FLO,EXTRA LAR","IE556","L:15","","G12831"
"23951","NEEDLE,SUTURE,KEITH,STR,CUTTIN","IE556","L:24","","213412"
"24220","SUTURE, 6-0, CHROMIC GUT, G-1","IE556","L:12","","790G"
"24479","SUTURE, 4-0, PROLENE, 8521H, S","IE556","L:36","","8521H"
"27020","SUTURE,PROLENE,SIZE 4-0","IE556","L:36","","8557H"
"27893","SUTURE,VICRYL PLUS,UND BRD,SZ","IE556","L:12","","VCP946H"
"27930","SUTURE,VICRYL PLUS,VIO BRD,SZ","IE556","L:12","","VCP317H"
"27933","SUTURE,VICRYL PLUS,UND BRD,SZ","IE556","L:12","","VCP841D"
"27936","SUTURE,BRAIDED VICRYL,4-0,18IN","IE556","L:24","","J496H"
"27939","SUTURE,VICRYL PLUS,VIO BRD,SZ","IE556","L:18","","VCP765D"
"27941","SUTURE,VICRL PLUS,UND BRD,SZ 2","IE556","L:12","","VCP839D"
"27942","SUTURE,VICRYL PLUS,UND BRD,SZ","IE556","L:18","","VCP503G"
"27947","SUTURE,VICRYL PLUS,UND BRD,SZ","IE556","L:12","","VCP593G"
"27952","SUTURE,VICRYL PLUS,UND BRD,SZ","IE556","L:36","","J977H"
"27955","SUTURE,VICRYL PLUS,UND BRD,SZ","IE556","L:24","","VCP214H"
"27956","SUTURE,VICRYL PLUS,UND BRD,SZ","IE556","L:18","","VCP493G"
"27959","SUTURE,VICRYL PLUS,VCP110G","IE556","L:24","","VCP110G"
"27961","SUTURE,VICRYL PLUS,VIO BRD,SZ","IE556","L:12","","VCP603H"
"27962","SUTURE,VICRYL PLUS,VIO BRD,SZ","IE556","L:24","","VCP864D"
"27964","SUTURE,VICRYL PLUS,UND BRD,SZ","IE556","L:12","","VCP945H"
"27966","SUTURE,VICRYL PLUS,UND BRD,SZ","IE556","L:12","","VCP494G"
"27967","SUTURE,3/0 VICRYL PLUS,SH,VCP4","IE556","L:24","","VCP416H"
"27968","SUTURE,VICRYL PLUS,UND BRD,SZ","IE556","L:24","","VCP109G"
"27971","SUTURE,VICRYL PLUS,UND BRD,SZ","IE556","L:36","","VCP269H"
"27972","SUTURE,VICRYL PLUS,UND BRD,SZ","IE556","L:36","","VCP258H"
"29152","SUTURE,MONOCRYL,UND MONO,SZ 3-","IE556","L:24","","MCP427H"
"29155","SUTURE,MONOCRYL,UND MONO,SZ 2-","IE556","L:24","","MCP417H"
"29157","SUTURE,MONOCRYL,UND MONO,SZ 4-","IE556","L:24","","Y935H"
"29158","SUTURE,MONOCRYL,UND MONO,SZ 4-","IE556","L:24","","MCP494G"
"29159","SUTURE,MONOCRYL,UND MONO,SZ 5-","IE556","L:12","","MCP493G"
"29160","SUTURE,MONOCRYL PLUS,PS-2,MCP4","IE556","L:24","","MCP426H"
"29161","SUTURE 2-0 MONOCRYL PLUS,36IN,","IE556","L:24","","MCP945H"
"29400","SUTURE,2-0SH,CTD VICRYL PLUP P","IE556","L:12","","VCP785D"
"29976","SUTURE,PDS,3.0,27INCH","IE556","L:50","","PDP316H"
"32011","SUTURE,VICRYL,UNDYED,8X27IN,70","IE556","L:24","","VCPP41D"
"32012","SUTURE,ETHIBOND,GREEN,8X18IN,4","IE556","L:24","","CX45D"
"32260","SUTURE,PDSII","IE556","L:36","","Z304H"
"32261","PDS II,SUTURE,3-0 VIO","IE556","L:36","","Z305H"
"32262","PDS II,SUTURE,4-0 VIO","IE556","L:18","","Z315H"
"32969","SUTURE,BLUE,TAPERED NEEDLE","IE556","L:10","","AR-7200"
"33124","NEEDLE,SUTURE,MAYO CATGUT,1/2","IE556","L:20","","217006"
"33447","SUTURE,VICRYL PLUS,0,3X18INCH,","IE556","L:12","","VCP646T"
"33600","SUTURE,PROLENE,BLUE,30INCH,CT-","IE556","L:36","","8412H"
"33626","SUTURE,SURGILON,BLK,SZ 0,MO6,H","IE556","L:24","","C545D"
"33861","SUTURE,CHROMIC GUT,2-0,UR-6,ET","IE556","L:50","","N878H"
"33976","SUTURE,2-0,27IN,V20,T-5,PDSII","IE556","L:50","","Z317H"
"33977","SUTURE,0,36INCH,VIOLET,MAXON,P","IE556","L:24","","Z346H"
"34137","SUTURE,PROLENE,BLU,2-0,30 IN,S","IE556","L:36","","8833H"
"34974","SUTURE,PROLENE,2-0,TS,30IN","IE556","L:12","","D9080"
"35191","SUTURE,VICRYL PLUS,VIOLET,CTD,","IE556","L:36","","VCP607H"
"35508","SUTURE,PROLENE,7-0,24IN,BV-1/C","IE556","L:36","","8304H"
"36230","SUTURE,PDSII,C-1,13MM,3/8CIRCL","IE556","L:18","","Z127H"
"37054","SUTURE,STRATAFIX SPIRAL,CLEAR,","IE556","L:24","","SXMP1B103"
"37055","SUTURE,STRATAFIX SPIRAL,CLEAR,","IE556","L:24","","SXMP1B119"
"37059","SUTURE,STRATAFIX PDS PLUS,VIO,","IE556","L:24","","SXPP1A400"
"37176","SUTURE,FIBERWIRE,#5,BLUE","IE556","L:24","","AR-7211"
"37335","SUTURE,TAPER POINT 13,2.0,FIBE","IE556","L:6","","AR-7220"
"40409","SUTURE,PDSII,CLR,MONO,4-0,PS-2","IE556","L:24","","Z496G"
"40872","SUTURE,CT-1,PDS,2.0","IE556","L:12","","Z339H"
"43648","FIBERWIRE,3-0,18INCH","IE556","L:24","","AR-7227-01"
"43649","FIBERWIRE,4-0,18INCH","IE556","L:6","","AR-7230-01"
"43660","SUTURE,MERSILENE,3.0","IE556","L:12","","R832H"
"48306","BLADE,BEAVER,6900","IE556","L:10","","BEAVER6900"
"48419","SUTURE 2-O UNDYED","IE556","L:36","","J979H"
"48785","SUTURE,VICRYL,VIO BRD,SZ 6-0,L","IE556","L:12","","J590G"
"48786","SUTURE,NYLON,BLK MONO,SZ 6-0,L","IE556","L:0","","697H"
"48878","SUTURE CTX 48MM","IE556","L:24","","CX30D"
"50110","COVER,HANDLE,SKYTRON.LUMOS,DIS","IE556","L:10","","MP05701"
"50872","ST. WEITLANER RETRACTOR 4 1/4'","IE556","L:15","","67095"
"61219","PAPER,THERMAL,ARRAY,PHILIPS","IE556","L:8","","M4816A"
"78698","SUTURE,CHROMIC GUT,4-0","IE556","L:12","","798G"
"99316","SUTURE,Y606H,MONOCRYL,27IN,UR6","IE556","L:18","","Y606H"
"177","TUBING,SUCTION,1/4IN X 12FT","IE557","L:10","","8888301622"
"434","GAUZE,OR,4X4,STERILE","IE557","L:6","","8045"
"439","SOLUTION,POVIDONE-IODINE 10%,T","IE557","L:4","","MDS093944"
"449","KIT,SHAVE PREP,BASIN,PVP SCRUB","IE557","L:2","","DYND70661"
"564","GAUZE,RAYTEC,4X8,STERILE","IE557","L:3","","7318"
"571","GAUZE,BANDAGE,KERLIX,4.5IN","IE557","L:3","","NON25865"
"933","SCRUB,POVIDONE IODINE,7.5%, 4O","IE557","L:4","","MDS093945"
"1520","BANDAGE,GAUZE,2 X 75IN,STER,1-","IE557","L:5","","2231"
"1542","SPO GE,SURG,KITTNER,5 1/4 X 9/","IE557","L:5","","81-1000"
"1555","SLEEVE,SURGICAL,STL","IE557","L:3","","89791"
"1789","STAPLER,SKIN,SS,35 WIDE,W/SS S","IE557","L:5","","PXW35"
"1826","NEEDLE,HYPO,25GA X 1 1/2IN,REG","IE557","L:8","","305127"
"1827","NEEDLE,27GA X 1.5IN,DISPOSABLE","IE557","L:5","","1188827112"
"1833","NEEDLE,SPINAL,18GAX3 1/2IN","IE557","L:8","","405184"
"1906","DRESSING,3X16IN,NONADHERENT,ST","IE557","L:4","","CUR250317"
"1912","GLOVE,SURG,NAT RUBBER,SZ 6,POW","IE557","L:12","","41160"
"1913","GLOVE,BIOGEL,6.5,STERILE","IE557","L:12","","41165"
"1914","GLOVE,NON LATEX BIOGEL,7.5,STE","IE557","L:12","","41175"
"1915","GLOVE,BIOGEL,8,STERILE","IE557","L:12","","41180"
"1971","TIP,SUCTION,POOLE,STERILE","IE557","L:4","","K770"
"1972","TUBE,SUCTION,YANKAUER","IE557","L:4","","K86"
"1982","BLADE,SCALPEL,#15,W/O HANDLE","IE557","L:5","","371115"
"1984","DRESSING,TELFA,NONADHER,3X8,ST","IE557","L:8","","1238"
"1994","SYRINGE,10CC,L/L","IE557","L:10","","302995"
"2010","DRAPE,TOWEL,18X24,STERILE","IE557","L:5","","D1010"
"2032","WOUND,CLOSURE STRIP,1/2IN X 4I","IE557","L:15","","R1547"
"2035","BLADE,SCALPEL,#10,W/O HANDLE","IE557","L:8","","371110"
"2036","BLADE,SCALPEL,#11,W/O HANDLE","IE557","L:10","","371111"
"2041","DRESSING,TRANSPARENT,4X4 3/4IN","IE557","L:10","","1616"
"2042","DRESSING,TRANSPARENT,10INX5 1/","IE557","L:4","","1628"
"2043","DRESSING,IMPREGNATED,3 X 3IN,O","IE557","L:3","","6112"
"2323","SUTURE,SILK,BLK BRD,SZ 2-0","IE557","L:10","","K833H"
"2342","SUTURE,NYLON,BLK MONO,SZ 3-0,L","IE557","L:15","","1663H"
"2800","GLOVE,BIOGEL,8.5,STERILE","IE557","L:12","","41185"
"2937","BLADE,ELECTRODE,EXTENDED,INSUL","IE557","L:3","","138104"
"5595","GLOVE,BIOGEL,7,STERILE","IE557","L:12","","41170"
"5960","SPONGE,GAUZE,2 X 2IN,STER,8-PL","IE557","L:4","","1806G"
"5979","CONTAINER,SPECIMEN,120ML,POLPR","IE557","L:4","","DYND30331"
"6555","BAG,TRANSPORT,SPECIMEN,BIOHAZA","IE557","L:15","","AR69P"
"8772","ELECTRODE,PATIENT,RETURN,VALLE","IE557","L:4","","E7507"
"9301","SPONGE,GAUZE,4 X 4IN,100% COTT","IE557","L:4","","3033G"
"9302","SPONGE,LAP,4PLY,STERILE","IE557","L:5","","1-1818"
"9305","DRESSING,GEN USE,ABD PAD,8 X 1","IE557","L:4","","9194A"
"9306","SPONGE,GAUZE,DRAIN,4 X 4IN,6-P","IE557","L:5","","7086"
"9333","GOWN,SURG,REINFORCED,LG","IE557","L:6","","9011EL"
"9334","PACK,DRAPE,SHEET,STERILE,L/F,#","IE557","L:4","","29350"
"9402","GOWN,SURG,IMPERVIOUS,STER,DISP","IE557","L:5","","C9545"
"9404","COVER,TABLE,BACK,44X88,DISP","IE557","L:4","","8186"
"9427","SYRINGE,3CC,L/L","IE557","L:6","","1180300777"
"9434","SYRINGE,30CC,L/L","IE557","L:5","","8881535762"
"9435","SYRINGE,60CC,L/L","IE557","L:4","","8881560125"
"9436","SYRINGE,60CC,CATH TIP","IE557","L:3","","309620"
"9554","SYRINGE,CATH TIP,BULB,60ML,PLS","IE557","L:3","","67000"
"10386","VIAL,DILUTION,W/LID","IE557","L:5","","201-5266-05SF"
"10934","SNGE,5ML,LUER LOCK","IE557","L:6","","309646"
"10936","SYRINGE,W/O NEEDLE,20ML,LL TIP","IE557","L:5","","1182000777"
"18172","BANDAGE,ELASTIC,4IN X 5YD,LTX-","IE557","L:6","","DYNJ05154LF"
"18173","BANDAGE,ELASTIC,6IN X 5YD,LF","IE557","L:2","","DYNJ05156LF"
"18292","STAPLER,HEMOCLIP,SMALL,9IN","IE557","L:4","","133650"
"19088","6.5"" CAUTERY ELECTRODE,1"" BLAD","IE557","L:4","","E14556"
"19113","SCRUB,PREP,4% CHG,TOPICAL,4OZ","IE557","L:4","","MDS098710"
"19119","GOWN,SURG,IMPERVIOUS,STER,DISP","IE557","L:2","","44675"
"22138","NEEDLE,SAFET,18GAX1.5IN,1M","IE557","L:8","","8881850815"
"22139","NEEDLE,SAFETY,22GAX1.5,1M","IE557","L:8","","8881850215"
"22546","ADHESIVE,SKIN CLOSURE,TOPICAL","IE557","L:5","","LX6"
"27702","LABELS,STERILE,MEDICATIONS","IE557","L:6","","9VAPH37-DTR"
"27894","SUTURE,VICRYL PLUS,SH,VCP417H","IE557","L:15","","VCP417H"
"27962","SUTURE,VICRYL PLUS,VIO BRD,SZ","IE557","L:5","","VCP864D"
"27967","SUTURE,3/0 VICRYL PLUS,SH,VCP4","IE557","L:8","","VCP416H"
"28481","TOWEL,RAYPAQUE,SAFETY,STERILE,","IE557","L:5","","AVID262"
"28803","APPLIER,SURG CLIP,SURGICLIP,L","IE557","L:4","","134048"
"29152","SUTURE,MONOCRYL,UND MONO,SZ 3-","IE557","L:5","","MCP427H"
"29160","SUTURE,MONOCRYL PLUS,PS-2,MCP4","IE557","L:10","","MCP426H"
"29610","CHLORAPREP,10.5ML,HI LITE,ORAN","IE557","L:6","","930715"
"29611","CHLORAPREP,26ML,HI LITE,ORANGE","IE557","L:5","","930815"
"29637","DRESSING,TRANSPARENT,2 3/8 X 4","IE557","L:12","","3584"
"29704","NEEDLE,INSULATED BOVIE TIP","IE557","L:3","","138105"
"29809","DRAPE,WARMER,IRRIGATION SOLUTI","IE557","L:4","","ORS-300"
"30039","DRESSING,XEROFORM,PETROLATUM,F","IE557","L:8","","8884433605"
"30091","CUFF,CALF,SCD,DISPOSABLE,VENAF","IE557","L:4","","3040"
"32463","ADHESIVE,LIQUID,MASTISOL","IE557","L:5","","0523-48"
"32537","TAPE,MEDICAL,CLOTH,3INCHX10ARD","IE557","L:15","","1538-3"
"38840","BLADE,CLIPPER,SURGICAL,PROFESS","IE557","L:6","","9680"
"39535","CLIP,APPLIER,PREMIUM,SURGICLIP","IE557","L:4","","134053"
"45122","KIT,CATH,FOLE,16FR,SIL,LTX-FRE","IE557","L:4","","URO170816"
"46021","GLOVE,SURG,SZ 6.0,POLISOPRENE","IE557","L:12","","41660"
"46022","GLOVE,SURG,SZ 6.5,POLYISOPRENE","IE557","L:12","","41665"
"46025","GLOVE,SURG,SZ 7.0,POLYISOPRENE","IE557","L:12","","41670"
"46027","GLOVE,SURG,SZ 7.5,POLYISOPRENE","IE557","L:12","","41675"
"46028","GLOVE,SURG,SZ 8.0,POLYISOPRENE","IE557","L:12","","41680"
"46030","GLOVE,SURG,SZ 8.5,POLISOPRENE","IE557","L:12","","41685"
"50110","COVER,HANDLE,SKYTRON.LUMOS,DIS","IE557","L:10","","MP05701"
"50506","PENCIL,CAUTERY,ROCKER SWITCH,S","IE557","L:5","","703046000"
"50625","ULTRACLEAN BLADE ELECTRODE WIT","IE557","L:10","","139104EXT"
"59208","COVER,MAYO STAND,PLASTIC","IE557","L:8","","8337"
"59422","MANIFOLD,4 PORT","IE557","L:6","","0702-020-000"
"59597","CUP,SPECIMEN,WHT","IE557","L:5","",""
"78710","NEEDLE,COUNTER,MAGNET,FOAM BLO","IE557","L:4","","70512"
"129613","CANNULA,BLUNT,PLASTIC","IE557","L:10","","8881540111"
"177","TUBING,SUCTION,1/4IN X 12FT","IE558","L:10","","8888301622"
"434","GAUZE,OR,4X4,STERILE","IE558","L:10","","8045"
"439","SOLUTION,POVIDONE-IODINE 10%,T","IE558","L:4","","MDS093944"
"449","KIT,SHAVE PREP,BASIN,PVP SCRUB","IE558","L:2","","DYND70661"
"564","GAUZE,RAYTEC,4X8,STERILE","IE558","L:2","","7318"
"571","GAUZE,BANDAGE,KERLIX,4.5IN","IE558","L:6","","NON25865"
"933","SCRUB,POVIDONE IODINE,7.5%, 4O","IE558","L:4","","MDS093945"
"1488","TIP,SUCTION,FRAZIER,18FR,STERI","IE558","L:3","","33180"
"1542","SPO GE,SURG,KITTNER,5 1/4 X 9/","IE558","L:5","","81-1000"
"1555","SLEEVE,SURGICAL,STL","IE558","L:3","","89791"
"1789","STAPLER,SKIN,SS,35 WIDE,W/SS S","IE558","L:5","","PXW35"
"1824","ADAPTER,CATHETER,BD,DISPOSABLE","IE558","L:4","","403250"
"1826","NEEDLE,HYPO,25GA X 1 1/2IN,REG","IE558","L:6","","305127"
"1827","NEEDLE,27GA X 1.5IN,DISPOSABLE","IE558","L:5","","1188827112"
"1833","NEEDLE,SPINAL,18GAX3 1/2IN","IE558","L:3","","405184"
"1906","DRESSING,3X16IN,NONADHERENT,ST","IE558","L:5","","CUR250317"
"1912","GLOVE,SURG,NAT RUBBER,SZ 6,POW","IE558","L:12","","41160"
"1913","GLOVE,BIOGEL,6.5,STERILE","IE558","L:12","","41165"
"1914","GLOVE,NON LATEX BIOGEL,7.5,STE","IE558","L:12","","41175"
"1915","GLOVE,BIOGEL,8,STERILE","IE558","L:12","","41180"
"1919","PLUG,CATHETER","IE558","L:4","","1600"
"1971","TIP,SUCTION,POOLE,STERILE","IE558","L:4","","K770"
"1972","TUBE,SUCTION,YANKAUER","IE558","L:4","","K86"
"1982","BLADE,SCALPEL,#15,W/O HANDLE","IE558","L:8","","371115"
"1984","DRESSING,TELFA,NONADHER,3X8,ST","IE558","L:8","","1238"
"1994","SYRINGE,10CC,L/L","IE558","L:10","","302995"
"2010","DRAPE,TOWEL,18X24,STERILE","IE558","L:4","","D1010"
"2014","CONNECTOR,TUBING,5IN1,PLASTIC,","IE558","L:4","","501"
"2015","DRAPE,IOBAN 2","IE558","L:3","","6650EZ"
"2032","WOUND,CLOSURE STRIP,1/2IN X 4I","IE558","L:5","","R1547"
"2035","BLADE,SCALPEL,#10,W/O HANDLE","IE558","L:8","","371110"
"2036","BLADE,SCALPEL,#11,W/O HANDLE","IE558","L:10","","371111"
"2041","DRESSING,TRANSPARENT,4X4 3/4IN","IE558","L:10","","1616"
"2042","DRESSING,TRANSPARENT,10INX5 1/","IE558","L:4","","1628"
"2043","DRESSING,IMPREGNATED,3 X 3IN,O","IE558","L:4","","6112"
"2044","GAUZE,1/2 X 72IN,PETEROLEUM,NO","IE558","L:3","","CUR251272Z"
"2253","SUTURE,SILK,BLK BRD,SZ 3-0,L 1","IE558","L:6","","A184H"
"2257","SUTURE,SILK,BLK BRD,SZ 2-0,L 1","IE558","L:5","","A185H"
"2323","SUTURE,SILK,BLK BRD,SZ 2-0","IE558","L:5","","K833H"
"2331","SUTURE,SILK,BLK BRD,SZ 3-0,L 8","IE558","L:4","","C013D"
"2332","SUTURE,SILK,BLK BRD,SZ 2-0,L 8","IE558","L:4","","C012D"
"2342","SUTURE,NYLON,BLK MONO,SZ 3-0,L","IE558","L:5","","1663H"
"2344","SUTURE,NYLON,BLK MONO,SZ 2-0,L","IE558","L:15","","585H"
"2350","SUTURE,NYLON,PLIABILIZED,BLK M","IE558","L:10","","1667H"
"2514","DRAPE,IOBAN 2,23IN X 33IN","IE558","L:3","","6651EZ"
"2518","GAUZE,PETROLEUM,3X18I,NONADH","IE558","L:4","","MAY884414600Z"
"2800","GLOVE,BIOGEL,8.5,STERILE","IE558","L:12","","41185"
"2937","BLADE,ELECTRODE,EXTENDED,INSUL","IE558","L:5","","138104"
"5595","GLOVE,BIOGEL,7,STERILE","IE558","L:20","","41170"
"5638","DRAPE,STERI,U,STERILE","IE558","L:4","","D1015"
"5960","SPONGE,GAUZE,2 X 2IN,STER,8-PL","IE558","L:10","","1806G"
"5979","CONTAINER,SPECIMEN,120ML,POLPR","IE558","L:4","","DYND30331"
"6353","APPLICATOR,TIPPED,COTTO,L 6IN,","IE558","L:10","","MDS202000"
"6555","BAG,TRANSPORT,SPECIMEN,BIOHAZA","IE558","L:15","","AR69P"
"8772","ELECTRODE,PATIENT,RETURN,VALLE","IE558","L:4","","E7507"
"9296","BANDAID,ADHESIVE,PLASTIC,STRIP","IE558","L:5","","44101"
"9301","SPONGE,GAUZE,4 X 4IN,100% COTT","IE558","L:10","","3033G"
"9302","SPONGE,LAP,4PLY,STERILE","IE558","L:6","","1-1818"
"9305","DRESSING,GEN USE,ABD PAD,8 X 1","IE558","L:10","","9194A"
"9306","SPONGE,GAUZE,DRAIN,4 X 4IN,6-P","IE558","L:10","","7086"
"9333","GOWN,SURG,REINFORCED,LG","IE558","L:8","","9011EL"
"9334","PACK,DRAPE,SHEET,STERILE,L/F,#","IE558","L:4","","29350"
"9402","GOWN,SURG,IMPERVIOUS,STER,DISP","IE558","L:6","","C9545"
"9404","COVER,TABLE,BACK,44X88,DISP","IE558","L:4","","8186"
"9427","SYRINGE,3CC,L/L","IE558","L:4","","1180300777"
"9434","SYRINGE,30CC,L/L","IE558","L:5","","8881535762"
"9435","SYRINGE,60CC,L/L","IE558","L:3","","8881560125"
"9436","SYRINGE,60CC,CATH TIP","IE558","L:4","","309620"
"9554","SYRINGE,CATH TIP,BULB,60ML,PLS","IE558","L:2","","67000"
"10386","VIAL,DILUTION,W/LID","IE558","L:10","","201-5266-05SF"
"10934","SNGE,5ML,LUER LOCK","IE558","L:5","","309646"
"10936","SYRINGE,W/O NEEDLE,20ML,LL TIP","IE558","L:6","","1182000777"
"14330","SPONGE,NEURO,.5X3IN,PATTIE","IE558","L:4","","NEUROSPNG09"
"18159","HOLDER,SURG INSTRUMENT,MAG,10","IE558","L:4","","DYNJMDS1H"
"18172","BANDAGE,ELASTIC,4IN X 5YD,LTX-","IE558","L:6","","DYNJ05154LF"
"18173","BANDAGE,ELASTIC,6IN X 5YD,LF","IE558","L:4","","DYNJ05156LF"
"18174","BANDAGE,COBAN,4IN,STERILE","IE558","L:4","","2084S"
"18292","STAPLER,HEMOCLIP,SMALL,9IN","IE558","L:4","","133650"
"19088","6.5"" CAUTERY ELECTRODE,1"" BLAD","IE558","L:4","","E14556"
"19113","SCRUB,PREP,4% CHG,TOPICAL,4OZ","IE558","L:4","","MDS098710"
"19119","GOWN,SURG,IMPERVIOUS,STER,DISP","IE558","L:4","","44675"
"19676","CATHETER,IV,SAFETY,18GA X1.25I","IE558","L:4","","3065"
"22138","NEEDLE,SAFET,18GAX1.5IN,1M","IE558","L:8","","8881850815"
"22139","NEEDLE,SAFETY,22GAX1.5,1M","IE558","L:8","","8881850215"
"22143","NEEDLE,FILTER,18GA X 1 1/2IN","IE558","L:4","","305211"
"22546","ADHESIVE,SKIN CLOSURE,TOPICAL","IE558","L:10","","LX6"
"27388","BANDAGE,ESMARK,6IN X 12FT,LATE","IE558","L:4","","DYNJ05919"
"27702","LABELS,STERILE,MEDICATIONS","IE558","L:0","","9VAPH37-DTR"
"27894","SUTURE,VICRYL PLUS,SH,VCP417H","IE558","L:10","","VCP417H"
"27959","SUTURE,VICRYL PLUS,VCP110G","IE558","L:15","","VCP110G"
"27960","SUTURE,VICRYL PLUS,UND BRD,SZ","IE558","L:10","","VCP111G"
"27962","SUTURE,VICRYL PLUS,VIO BRD,SZ","IE558","L:10","","VCP864D"
"27967","SUTURE,3/0 VICRYL PLUS,SH,VCP4","IE558","L:5","","VCP416H"
"28481","TOWEL,RAYPAQUE,SAFETY,STERILE,","IE558","L:6","","AVID262"
"28803","APPLIER,SURG CLIP,SURGICLIP,L","IE558","L:4","","134048"
"28976","ELECTRODE,PENCIL,W/EDGE,HAND C","IE558","L:5","","E2450H"
"29152","SUTURE,MONOCRYL,UND MONO,SZ 3-","IE558","L:5","","MCP427H"
"29156","SUTURE,MONOCRL PLUS,SH,MCP316H","IE558","L:3","","MCP316H"
"29160","SUTURE,MONOCRYL PLUS,PS-2,MCP4","IE558","L:10","","MCP426H"
"29265","BANDAGE,ESMARK,4IN X 12FT,LATE","IE558","L:4","","DYNJ05917"
"29370","BANDAGE,CONFORMING,APEX,4INX75","IE558","L:4","","2236"
"29610","CHLORAPREP,10.5ML,HI LITE,ORAN","IE558","L:5","","930715"
"29611","CHLORAPREP,26ML,HI LITE,ORANGE","IE558","L:6","","930815"
"29637","DRESSING,TRANSPARENT,2 3/8 X 4","IE558","L:10","","3584"
"29704","NEEDLE,INSULATED BOVIE TIP","IE558","L:4","","138105"
"29709","CONTAINER,SPECIMEN,SUCTION,QUI","IE558","L:4","","0700-050-000"
"29809","DRAPE,WARMER,IRRIGATION SOLUTI","IE558","L:4","","ORS-300"
"30039","DRESSING,XEROFORM,PETROLATUM,F","IE558","L:5","","8884433605"
"30091","CUFF,CALF,SCD,DISPOSABLE,VENAF","IE558","L:4","","3040"
"32463","ADHESIVE,LIQUID,MASTISOL","IE558","L:5","","0523-48"
"34582","GLOVE,SURG,SZ 7.5,LTX-FREE,POW","IE558","L:5","","47675"
"34583","GLOVE,SURG,SZ 8,LTX-FREE,POWDE","IE558","L:6","","47680"
"34584","GLOVE,SURG,SZ 8.5,LTX-FREE,POW","IE558","L:4","","47685"
"34585","GLOVE,SURG,SZ 9,LTX-FREE,POWDE","IE558","L:4","","71-ML47690"
"35205","GLOVE,SURG,POLYISOPRENE,SZ 7,P","IE558","L:5","","47670"
"38840","BLADE,CLIPPER,SURGICAL,PROFESS","IE558","L:6","","9680"
"39535","CLIP,APPLIER,PREMIUM,SURGICLIP","IE558","L:4","","134053"
"45122","KIT,CATH,FOLE,16FR,SIL,LTX-FRE","IE558","L:4","","URO170816"
"46021","GLOVE,SURG,SZ 6.0,POLISOPRENE","IE558","L:10","","41660"
"46022","GLOVE,SURG,SZ 6.5,POLYISOPRENE","IE558","L:10","","41665"
"46025","GLOVE,SURG,SZ 7.0,POLYISOPRENE","IE558","L:10","","41670"
"46027","GLOVE,SURG,SZ 7.5,POLYISOPRENE","IE558","L:10","","41675"
"46028","GLOVE,SURG,SZ 8.0,POLYISOPRENE","IE558","L:10","","41680"
"46030","GLOVE,SURG,SZ 8.5,POLISOPRENE","IE558","L:10","","41685"
"50110","COVER,HANDLE,SKYTRON.LUMOS,DIS","IE558","L:5","","MP05701"
"50506","PENCIL,CAUTERY,ROCKER SWITCH,S","IE558","L:0","","703046000"
"59208","COVER,MAYO STAND,PLASTIC","IE558","L:8","","8337"
"59597","CUP,SPECIMEN,WHT","IE558","L:0","",""
"78710","NEEDLE,COUNTER,MAGNET,FOAM BLO","IE558","L:4","","70512"
"129613","CANNULA,BLUNT,PLASTIC","IE558","L:6","","8881540111"
"177","TUBING,SUCTION,1/4IN X 12FT","IE559","L:10","","8888301622"
"215","TAPE,TRANSPORE,3IN","IE559","L:4","","1527-3"
"434","GAUZE,OR,4X4,STERILE","IE559","L:8","","8045"
"439","SOLUTION,POVIDONE-IODINE 10%,T","IE559","L:4","","MDS093944"
"449","KIT,SHAVE PREP,BASIN,PVP SCRUB","IE559","L:2","","DYND70661"
"564","GAUZE,RAYTEC,4X8,STERILE","IE559","L:3","","7318"
"571","GAUZE,BANDAGE,KERLIX,4.5IN","IE559","L:6","","NON25865"
"933","SCRUB,POVIDONE IODINE,7.5%, 4O","IE559","L:4","","MDS093945"
"1488","TIP,SUCTION,FRAZIER,18FR,STERI","IE559","L:4","","33180"
"1542","SPO GE,SURG,KITTNER,5 1/4 X 9/","IE559","L:4","","81-1000"
"1555","SLEEVE,SURGICAL,STL","IE559","L:3","","89791"
"1789","STAPLER,SKIN,SS,35 WIDE,W/SS S","IE559","L:4","","PXW35"
"1824","ADAPTER,CATHETER,BD,DISPOSABLE","IE559","L:4","","403250"
"1826","NEEDLE,HYPO,25GA X 1 1/2IN,REG","IE559","L:8","","305127"
"1833","NEEDLE,SPINAL,18GAX3 1/2IN","IE559","L:4","","405184"
"1906","DRESSING,3X16IN,NONADHERENT,ST","IE559","L:3","","CUR250317"
"1912","GLOVE,SURG,NAT RUBBER,SZ 6,POW","IE559","L:12","","41160"
"1913","GLOVE,BIOGEL,6.5,STERILE","IE559","L:12","","41165"
"1914","GLOVE,NON LATEX BIOGEL,7.5,STE","IE559","L:12","","41175"
"1915","GLOVE,BIOGEL,8,STERILE","IE559","L:12","","41180"
"1919","PLUG,CATHETER","IE559","L:4","","1600"
"1971","TIP,SUCTION,POOLE,STERILE","IE559","L:4","","K770"
"1972","TUBE,SUCTION,YANKAUER","IE559","L:4","","K86"
"1982","BLADE,SCALPEL,#15,W/O HANDLE","IE559","L:20","","371115"
"1984","DRESSING,TELFA,NONADHER,3X8,ST","IE559","L:10","","1238"
"1994","SYRINGE,10CC,L/L","IE559","L:10","","302995"
"2010","DRAPE,TOWEL,18X24,STERILE","IE559","L:4","","D1010"
"2014","CONNECTOR,TUBING,5IN1,PLASTIC,","IE559","L:4","","501"
"2015","DRAPE,IOBAN 2","IE559","L:4","","6650EZ"
"2032","WOUND,CLOSURE STRIP,1/2IN X 4I","IE559","L:5","","R1547"
"2035","BLADE,SCALPEL,#10,W/O HANDLE","IE559","L:5","","371110"
"2036","BLADE,SCALPEL,#11,W/O HANDLE","IE559","L:10","","371111"
"2041","DRESSING,TRANSPARENT,4X4 3/4IN","IE559","L:5","","1616"
"2042","DRESSING,TRANSPARENT,10INX5 1/","IE559","L:4","","1628"
"2043","DRESSING,IMPREGNATED,3 X 3IN,O","IE559","L:5","","6112"
"2044","GAUZE,1/2 X 72IN,PETEROLEUM,NO","IE559","L:4","","CUR251272Z"
"2257","SUTURE,SILK,BLK BRD,SZ 2-0,L 1","IE559","L:5","","A185H"
"2323","SUTURE,SILK,BLK BRD,SZ 2-0","IE559","L:10","","K833H"
"2331","SUTURE,SILK,BLK BRD,SZ 3-0,L 8","IE559","L:3","","C013D"
"2332","SUTURE,SILK,BLK BRD,SZ 2-0,L 8","IE559","L:3","","C012D"
"2342","SUTURE,NYLON,BLK MONO,SZ 3-0,L","IE559","L:15","","1663H"
"2344","SUTURE,NYLON,BLK MONO,SZ 2-0,L","IE559","L:9","","585H"
"2350","SUTURE,NYLON,PLIABILIZED,BLK M","IE559","L:20","","1667H"
"2514","DRAPE,IOBAN 2,23IN X 33IN","IE559","L:4","","6651EZ"
"2518","GAUZE,PETROLEUM,3X18I,NONADH","IE559","L:4","","MAY884414600Z"
"2800","GLOVE,BIOGEL,8.5,STERILE","IE559","L:12","","41185"
"2937","BLADE,ELECTRODE,EXTENDED,INSUL","IE559","L:4","","138104"
"5595","GLOVE,BIOGEL,7,STERILE","IE559","L:12","","41170"
"5638","DRAPE,STERI,U,STERILE","IE559","L:4","","D1015"
"5960","SPONGE,GAUZE,2 X 2IN,STER,8-PL","IE559","L:5","","1806G"
"5979","CONTAINER,SPECIMEN,120ML,POLPR","IE559","L:4","","DYND30331"
"6353","APPLICATOR,TIPPED,COTTO,L 6IN,","IE559","L:10","","MDS202000"
"6555","BAG,TRANSPORT,SPECIMEN,BIOHAZA","IE559","L:15","","AR69P"
"8772","ELECTRODE,PATIENT,RETURN,VALLE","IE559","L:4","","E7507"
"9301","SPONGE,GAUZE,4 X 4IN,100% COTT","IE559","L:10","","3033G"
"9302","SPONGE,LAP,4PLY,STERILE","IE559","L:5","","1-1818"
"9305","DRESSING,GEN USE,ABD PAD,8 X 1","IE559","L:4","","9194A"
"9306","SPONGE,GAUZE,DRAIN,4 X 4IN,6-P","IE559","L:3","","7086"
"9333","GOWN,SURG,REINFORCED,LG","IE559","L:6","","9011EL"
"9334","PACK,DRAPE,SHEET,STERILE,L/F,#","IE559","L:4","","29350"
"9402","GOWN,SURG,IMPERVIOUS,STER,DISP","IE559","L:6","","C9545"
"9404","COVER,TABLE,BACK,44X88,DISP","IE559","L:4","","8186"
"9427","SYRINGE,3CC,L/L","IE559","L:4","","1180300777"
"9434","SYRINGE,30CC,L/L","IE559","L:4","","8881535762"
"9435","SYRINGE,60CC,L/L","IE559","L:4","","8881560125"
"9436","SYRINGE,60CC,CATH TIP","IE559","L:4","","309620"
"9554","SYRINGE,CATH TIP,BULB,60ML,PLS","IE559","L:4","","67000"
"10386","VIAL,DILUTION,W/LID","IE559","L:12","","201-5266-05SF"
"10934","SNGE,5ML,LUER LOCK","IE559","L:3","","309646"
"10936","SYRINGE,W/O NEEDLE,20ML,LL TIP","IE559","L:6","","1182000777"
"14330","SPONGE,NEURO,.5X3IN,PATTIE","IE559","L:4","","NEUROSPNG09"
"18159","HOLDER,SURG INSTRUMENT,MAG,10","IE559","L:4","","DYNJMDS1H"
"18172","BANDAGE,ELASTIC,4IN X 5YD,LTX-","IE559","L:6","","DYNJ05154LF"
"18173","BANDAGE,ELASTIC,6IN X 5YD,LF","IE559","L:4","","DYNJ05156LF"
"18174","BANDAGE,COBAN,4IN,STERILE","IE559","L:3","","2084S"
"18292","STAPLER,HEMOCLIP,SMALL,9IN","IE559","L:4","","133650"
"19088","6.5"" CAUTERY ELECTRODE,1"" BLAD","IE559","L:4","","E14556"
"19113","SCRUB,PREP,4% CHG,TOPICAL,4OZ","IE559","L:4","","MDS098710"
"19119","GOWN,SURG,IMPERVIOUS,STER,DISP","IE559","L:4","","44675"
"19676","CATHETER,IV,SAFETY,18GA X1.25I","IE559","L:4","","3065"
"22138","NEEDLE,SAFET,18GAX1.5IN,1M","IE559","L:8","","8881850815"
"22139","NEEDLE,SAFETY,22GAX1.5,1M","IE559","L:5","","8881850215"
"22143","NEEDLE,FILTER,18GA X 1 1/2IN","IE559","L:3","","305211"
"22546","ADHESIVE,SKIN CLOSURE,TOPICAL","IE559","L:6","","LX6"
"27388","BANDAGE,ESMARK,6IN X 12FT,LATE","IE559","L:4","","DYNJ05919"
"27702","LABELS,STERILE,MEDICATIONS","IE559","L:5","","9VAPH37-DTR"
"27894","SUTURE,VICRYL PLUS,SH,VCP417H","IE559","L:15","","VCP417H"
"27959","SUTURE,VICRYL PLUS,VCP110G","IE559","L:5","","VCP110G"
"27960","SUTURE,VICRYL PLUS,UND BRD,SZ","IE559","L:10","","VCP111G"
"27961","SUTURE,VICRYL PLUS,VIO BRD,SZ","IE559","L:36","","VCP603H"
"27962","SUTURE,VICRYL PLUS,VIO BRD,SZ","IE559","L:5","","VCP864D"
"27967","SUTURE,3/0 VICRYL PLUS,SH,VCP4","IE559","L:20","","VCP416H"
"28481","TOWEL,RAYPAQUE,SAFETY,STERILE,","IE559","L:5","","AVID262"
"28803","APPLIER,SURG CLIP,SURGICLIP,L","IE559","L:4","","134048"
"28976","ELECTRODE,PENCIL,W/EDGE,HAND C","IE559","L:5","","E2450H"
"29152","SUTURE,MONOCRYL,UND MONO,SZ 3-","IE559","L:5","","MCP427H"
"29156","SUTURE,MONOCRL PLUS,SH,MCP316H","IE559","L:10","","MCP316H"
"29160","SUTURE,MONOCRYL PLUS,PS-2,MCP4","IE559","L:15","","MCP426H"
"29265","BANDAGE,ESMARK,4IN X 12FT,LATE","IE559","L:4","","DYNJ05917"
"29370","BANDAGE,CONFORMING,APEX,4INX75","IE559","L:4","","2236"
"29400","SUTURE,2-0SH,CTD VICRYL PLUP P","IE559","L:6","","VCP785D"
"29610","CHLORAPREP,10.5ML,HI LITE,ORAN","IE559","L:4","","930715"
"29611","CHLORAPREP,26ML,HI LITE,ORANGE","IE559","L:10","","930815"
"29637","DRESSING,TRANSPARENT,2 3/8 X 4","IE559","L:8","","3584"
"29704","NEEDLE,INSULATED BOVIE TIP","IE559","L:4","","138105"
"29709","CONTAINER,SPECIMEN,SUCTION,QUI","IE559","L:4","","0700-050-000"
"29809","DRAPE,WARMER,IRRIGATION SOLUTI","IE559","L:4","","ORS-300"
"30039","DRESSING,XEROFORM,PETROLATUM,F","IE559","L:5","","8884433605"
"30091","CUFF,CALF,SCD,DISPOSABLE,VENAF","IE559","L:3","","3040"
"32463","ADHESIVE,LIQUID,MASTISOL","IE559","L:5","","0523-48"
"32537","TAPE,MEDICAL,CLOTH,3INCHX10ARD","IE559","L:5","","1538-3"
"34582","GLOVE,SURG,SZ 7.5,LTX-FREE,POW","IE559","L:8","","47675"
"34584","GLOVE,SURG,SZ 8.5,LTX-FREE,POW","IE559","L:4","","47685"
"34585","GLOVE,SURG,SZ 9,LTX-FREE,POWDE","IE559","L:4","","71-ML47690"
"35205","GLOVE,SURG,POLYISOPRENE,SZ 7,P","IE559","L:5","","47670"
"38840","BLADE,CLIPPER,SURGICAL,PROFESS","IE559","L:6","","9680"
"39535","CLIP,APPLIER,PREMIUM,SURGICLIP","IE559","L:4","","134053"
"45122","KIT,CATH,FOLE,16FR,SIL,LTX-FRE","IE559","L:4","","URO170816"
"46021","GLOVE,SURG,SZ 6.0,POLISOPRENE","IE559","L:10","","41660"
"46022","GLOVE,SURG,SZ 6.5,POLYISOPRENE","IE559","L:10","","41665"
"46025","GLOVE,SURG,SZ 7.0,POLYISOPRENE","IE559","L:10","","41670"
"46027","GLOVE,SURG,SZ 7.5,POLYISOPRENE","IE559","L:10","","41675"
"46028","GLOVE,SURG,SZ 8.0,POLYISOPRENE","IE559","L:10","","41680"
"46030","GLOVE,SURG,SZ 8.5,POLISOPRENE","IE559","L:10","","41685"
"50110","COVER,HANDLE,SKYTRON.LUMOS,DIS","IE559","L:10","","MP05701"
"50506","PENCIL,CAUTERY,ROCKER SWITCH,S","IE559","L:4","","703046000"
"50625","ULTRACLEAN BLADE ELECTRODE WIT","IE559","L:20","","139104EXT"
"59208","COVER,MAYO STAND,PLASTIC","IE559","L:8","","8337"
"59422","MANIFOLD,4 PORT","IE559","L:6","","0702-020-000"
"59597","CUP,SPECIMEN,WHT","IE559","L:5","",""
"78710","NEEDLE,COUNTER,MAGNET,FOAM BLO","IE559","L:4","","70512"
"129613","CANNULA,BLUNT,PLASTIC","IE559","L:5","","8881540111"
"177","TUBING,SUCTION,1/4IN X 12FT","IE560","L:10","","8888301622"
"434","GAUZE,OR,4X4,STERILE","IE560","L:6","","8045"
"439","SOLUTION,POVIDONE-IODINE 10%,T","IE560","L:4","","MDS093944"
"449","KIT,SHAVE PREP,BASIN,PVP SCRUB","IE560","L:2","","DYND70661"
"564","GAUZE,RAYTEC,4X8,STERILE","IE560","L:3","","7318"
"571","GAUZE,BANDAGE,KERLIX,4.5IN","IE560","L:3","","NON25865"
"933","SCRUB,POVIDONE IODINE,7.5%, 4O","IE560","L:4","","MDS093945"
"1520","BANDAGE,GAUZE,2 X 75IN,STER,1-","IE560","L:4","","2231"
"1542","SPO GE,SURG,KITTNER,5 1/4 X 9/","IE560","L:4","","81-1000"
"1555","SLEEVE,SURGICAL,STL","IE560","L:3","","89791"
"1789","STAPLER,SKIN,SS,35 WIDE,W/SS S","IE560","L:4","","PXW35"
"1826","NEEDLE,HYPO,25GA X 1 1/2IN,REG","IE560","L:6","","305127"
"1827","NEEDLE,27GA X 1.5IN,DISPOSABLE","IE560","L:5","","1188827112"
"1833","NEEDLE,SPINAL,18GAX3 1/2IN","IE560","L:4","","405184"
"1912","GLOVE,SURG,NAT RUBBER,SZ 6,POW","IE560","L:12","","41160"
"1913","GLOVE,BIOGEL,6.5,STERILE","IE560","L:12","","41165"
"1914","GLOVE,NON LATEX BIOGEL,7.5,STE","IE560","L:12","","41175"
"1915","GLOVE,BIOGEL,8,STERILE","IE560","L:12","","41180"
"1971","TIP,SUCTION,POOLE,STERILE","IE560","L:4","","K770"
"1972","TUBE,SUCTION,YANKAUER","IE560","L:5","","K86"
"1982","BLADE,SCALPEL,#15,W/O HANDLE","IE560","L:10","","371115"
"1984","DRESSING,TELFA,NONADHER,3X8,ST","IE560","L:10","","1238"
"1994","SYRINGE,10CC,L/L","IE560","L:10","","302995"
"2010","DRAPE,TOWEL,18X24,STERILE","IE560","L:4","","D1010"
"2015","DRAPE,IOBAN 2","IE560","L:2","","6650EZ"
"2032","WOUND,CLOSURE STRIP,1/2IN X 4I","IE560","L:8","","R1547"
"2035","BLADE,SCALPEL,#10,W/O HANDLE","IE560","L:6","","371110"
"2036","BLADE,SCALPEL,#11,W/O HANDLE","IE560","L:10","","371111"
"2041","DRESSING,TRANSPARENT,4X4 3/4IN","IE560","L:10","","1616"
"2042","DRESSING,TRANSPARENT,10INX5 1/","IE560","L:4","","1628"
"2043","DRESSING,IMPREGNATED,3 X 3IN,O","IE560","L:4","","6112"
"2257","SUTURE,SILK,BLK BRD,SZ 2-0,L 1","IE560","L:4","","A185H"
"2323","SUTURE,SILK,BLK BRD,SZ 2-0","IE560","L:10","","K833H"
"2331","SUTURE,SILK,BLK BRD,SZ 3-0,L 8","IE560","L:3","","C013D"
"2342","SUTURE,NYLON,BLK MONO,SZ 3-0,L","IE560","L:15","","1663H"
"2800","GLOVE,BIOGEL,8.5,STERILE","IE560","L:12","","41185"
"2937","BLADE,ELECTRODE,EXTENDED,INSUL","IE560","L:4","","138104"
"5595","GLOVE,BIOGEL,7,STERILE","IE560","L:12","","41170"
"5960","SPONGE,GAUZE,2 X 2IN,STER,8-PL","IE560","L:10","","1806G"
"5979","CONTAINER,SPECIMEN,120ML,POLPR","IE560","L:4","","DYND30331"
"6555","BAG,TRANSPORT,SPECIMEN,BIOHAZA","IE560","L:15","","AR69P"
"8772","ELECTRODE,PATIENT,RETURN,VALLE","IE560","L:4","","E7507"
"9301","SPONGE,GAUZE,4 X 4IN,100% COTT","IE560","L:10","","3033G"
"9302","SPONGE,LAP,4PLY,STERILE","IE560","L:5","","1-1818"
"9305","DRESSING,GEN USE,ABD PAD,8 X 1","IE560","L:8","","9194A"
"9306","SPONGE,GAUZE,DRAIN,4 X 4IN,6-P","IE560","L:10","","7086"
"9333","GOWN,SURG,REINFORCED,LG","IE560","L:8","","9011EL"
"9334","PACK,DRAPE,SHEET,STERILE,L/F,#","IE560","L:4","","29350"
"9402","GOWN,SURG,IMPERVIOUS,STER,DISP","IE560","L:6","","C9545"
"9404","COVER,TABLE,BACK,44X88,DISP","IE560","L:4","","8186"
"9427","SYRINGE,3CC,L/L","IE560","L:4","","1180300777"
"9434","SYRINGE,30CC,L/L","IE560","L:4","","8881535762"
"9435","SYRINGE,60CC,L/L","IE560","L:3","","8881560125"
"9554","SYRINGE,CATH TIP,BULB,60ML,PLS","IE560","L:3","","67000"
"10386","VIAL,DILUTION,W/LID","IE560","L:12","","201-5266-05SF"
"10934","SNGE,5ML,LUER LOCK","IE560","L:5","","309646"
"10936","SYRINGE,W/O NEEDLE,20ML,LL TIP","IE560","L:5","","1182000777"
"18172","BANDAGE,ELASTIC,4IN X 5YD,LTX-","IE560","L:6","","DYNJ05154LF"
"18173","BANDAGE,ELASTIC,6IN X 5YD,LF","IE560","L:4","","DYNJ05156LF"
"18292","STAPLER,HEMOCLIP,SMALL,9IN","IE560","L:4","","133650"
"19088","6.5"" CAUTERY ELECTRODE,1"" BLAD","IE560","L:4","","E14556"
"19113","SCRUB,PREP,4% CHG,TOPICAL,4OZ","IE560","L:4","","MDS098710"
"19119","GOWN,SURG,IMPERVIOUS,STER,DISP","IE560","L:4","","44675"
"19676","CATHETER,IV,SAFETY,18GA X1.25I","IE560","L:4","","3065"
"22138","NEEDLE,SAFET,18GAX1.5IN,1M","IE560","L:10","","8881850815"
"22139","NEEDLE,SAFETY,22GAX1.5,1M","IE560","L:6","","8881850215"
"22546","ADHESIVE,SKIN CLOSURE,TOPICAL","IE560","L:12","","LX6"
"27702","LABELS,STERILE,MEDICATIONS","IE560","L:4","","9VAPH37-DTR"
"27894","SUTURE,VICRYL PLUS,SH,VCP417H","IE560","L:10","","VCP417H"
"27962","SUTURE,VICRYL PLUS,VIO BRD,SZ","IE560","L:6","","VCP864D"
"27967","SUTURE,3/0 VICRYL PLUS,SH,VCP4","IE560","L:20","","VCP416H"
"28481","TOWEL,RAYPAQUE,SAFETY,STERILE,","IE560","L:5","","AVID262"
"28803","APPLIER,SURG CLIP,SURGICLIP,L","IE560","L:4","","134048"
"29160","SUTURE,MONOCRYL PLUS,PS-2,MCP4","IE560","L:20","","MCP426H"
"29610","CHLORAPREP,10.5ML,HI LITE,ORAN","IE560","L:5","","930715"
"29611","CHLORAPREP,26ML,HI LITE,ORANGE","IE560","L:5","","930815"
"29637","DRESSING,TRANSPARENT,2 3/8 X 4","IE560","L:10","","3584"
"29704","NEEDLE,INSULATED BOVIE TIP","IE560","L:5","","138105"
"29809","DRAPE,WARMER,IRRIGATION SOLUTI","IE560","L:4","","ORS-300"
"30039","DRESSING,XEROFORM,PETROLATUM,F","IE560","L:4","","8884433605"
"30091","CUFF,CALF,SCD,DISPOSABLE,VENAF","IE560","L:4","","3040"
"32463","ADHESIVE,LIQUID,MASTISOL","IE560","L:10","","0523-48"
"38840","BLADE,CLIPPER,SURGICAL,PROFESS","IE560","L:6","","9680"
"39535","CLIP,APPLIER,PREMIUM,SURGICLIP","IE560","L:4","","134053"
"45122","KIT,CATH,FOLE,16FR,SIL,LTX-FRE","IE560","L:4","","URO170816"
"46021","GLOVE,SURG,SZ 6.0,POLISOPRENE","IE560","L:10","","41660"
"46022","GLOVE,SURG,SZ 6.5,POLYISOPRENE","IE560","L:10","","41665"
"46025","GLOVE,SURG,SZ 7.0,POLYISOPRENE","IE560","L:10","","41670"
"46027","GLOVE,SURG,SZ 7.5,POLYISOPRENE","IE560","L:10","","41675"
"46028","GLOVE,SURG,SZ 8.0,POLYISOPRENE","IE560","L:10","","41680"
"46030","GLOVE,SURG,SZ 8.5,POLISOPRENE","IE560","L:10","","41685"
"50110","COVER,HANDLE,SKYTRON.LUMOS,DIS","IE560","L:10","","MP05701"
"50506","PENCIL,CAUTERY,ROCKER SWITCH,S","IE560","L:4","","703046000"
"59208","COVER,MAYO STAND,PLASTIC","IE560","L:8","","8337"
"59422","MANIFOLD,4 PORT","IE560","L:6","","0702-020-000"
"59597","CUP,SPECIMEN,WHT","IE560","L:5","",""
"78710","NEEDLE,COUNTER,MAGNET,FOAM BLO","IE560","L:4","","70512"
"129613","CANNULA,BLUNT,PLASTIC","IE560","L:5","","8881540111"
"177","TUBING,SUCTION,1/4IN X 12FT","IE561","L:10","","8888301622"
"434","GAUZE,OR,4X4,STERILE","IE561","L:6","","8045"
"439","SOLUTION,POVIDONE-IODINE 10%,T","IE561","L:4","","MDS093944"
"449","KIT,SHAVE PREP,BASIN,PVP SCRUB","IE561","L:2","","DYND70661"
"564","GAUZE,RAYTEC,4X8,STERILE","IE561","L:2","","7318"
"571","GAUZE,BANDAGE,KERLIX,4.5IN","IE561","L:4","","NON25865"
"933","SCRUB,POVIDONE IODINE,7.5%, 4O","IE561","L:4","","MDS093945"
"1488","TIP,SUCTION,FRAZIER,18FR,STERI","IE561","L:4","","33180"
"1542","SPO GE,SURG,KITTNER,5 1/4 X 9/","IE561","L:4","","81-1000"
"1555","SLEEVE,SURGICAL,STL","IE561","L:4","","89791"
"1789","STAPLER,SKIN,SS,35 WIDE,W/SS S","IE561","L:4","","PXW35"
"1826","NEEDLE,HYPO,25GA X 1 1/2IN,REG","IE561","L:6","","305127"
"1827","NEEDLE,27GA X 1.5IN,DISPOSABLE","IE561","L:3","","1188827112"
"1833","NEEDLE,SPINAL,18GAX3 1/2IN","IE561","L:4","","405184"
"1906","DRESSING,3X16IN,NONADHERENT,ST","IE561","L:3","","CUR250317"
"1912","GLOVE,SURG,NAT RUBBER,SZ 6,POW","IE561","L:12","","41160"
"1913","GLOVE,BIOGEL,6.5,STERILE","IE561","L:12","","41165"
"1914","GLOVE,NON LATEX BIOGEL,7.5,STE","IE561","L:12","","41175"
"1915","GLOVE,BIOGEL,8,STERILE","IE561","L:12","","41180"
"1971","TIP,SUCTION,POOLE,STERILE","IE561","L:4","","K770"
"1972","TUBE,SUCTION,YANKAUER","IE561","L:4","","K86"
"1982","BLADE,SCALPEL,#15,W/O HANDLE","IE561","L:10","","371115"
"1984","DRESSING,TELFA,NONADHER,3X8,ST","IE561","L:10","","1238"
"1994","SYRINGE,10CC,L/L","IE561","L:10","","302995"
"2010","DRAPE,TOWEL,18X24,STERILE","IE561","L:3","","D1010"
"2014","CONNECTOR,TUBING,5IN1,PLASTIC,","IE561","L:4","","501"
"2015","DRAPE,IOBAN 2","IE561","L:4","","6650EZ"
"2032","WOUND,CLOSURE STRIP,1/2IN X 4I","IE561","L:5","","R1547"
"2035","BLADE,SCALPEL,#10,W/O HANDLE","IE561","L:3","","371110"
"2036","BLADE,SCALPEL,#11,W/O HANDLE","IE561","L:10","","371111"
"2041","DRESSING,TRANSPARENT,4X4 3/4IN","IE561","L:5","","1616"
"2042","DRESSING,TRANSPARENT,10INX5 1/","IE561","L:4","","1628"
"2043","DRESSING,IMPREGNATED,3 X 3IN,O","IE561","L:5","","6112"
"2323","SUTURE,SILK,BLK BRD,SZ 2-0","IE561","L:10","","K833H"
"2342","SUTURE,NYLON,BLK MONO,SZ 3-0,L","IE561","L:20","","1663H"
"2800","GLOVE,BIOGEL,8.5,STERILE","IE561","L:12","","41185"
"2937","BLADE,ELECTRODE,EXTENDED,INSUL","IE561","L:4","","138104"
"5595","GLOVE,BIOGEL,7,STERILE","IE561","L:15","","41170"
"5638","DRAPE,STERI,U,STERILE","IE561","L:4","","D1015"
"5960","SPONGE,GAUZE,2 X 2IN,STER,8-PL","IE561","L:5","","1806G"
"5979","CONTAINER,SPECIMEN,120ML,POLPR","IE561","L:4","","DYND30331"
"6555","BAG,TRANSPORT,SPECIMEN,BIOHAZA","IE561","L:20","","AR69P"
"8772","ELECTRODE,PATIENT,RETURN,VALLE","IE561","L:4","","E7507"
"9301","SPONGE,GAUZE,4 X 4IN,100% COTT","IE561","L:5","","3033G"
"9302","SPONGE,LAP,4PLY,STERILE","IE561","L:5","","1-1818"
"9305","DRESSING,GEN USE,ABD PAD,8 X 1","IE561","L:5","","9194A"
"9306","SPONGE,GAUZE,DRAIN,4 X 4IN,6-P","IE561","L:3","","7086"
"9333","GOWN,SURG,REINFORCED,LG","IE561","L:8","","9011EL"
"9334","PACK,DRAPE,SHEET,STERILE,L/F,#","IE561","L:4","","29350"
"9402","GOWN,SURG,IMPERVIOUS,STER,DISP","IE561","L:6","","C9545"
"9404","COVER,TABLE,BACK,44X88,DISP","IE561","L:4","","8186"
"9427","SYRINGE,3CC,L/L","IE561","L:3","","1180300777"
"9434","SYRINGE,30CC,L/L","IE561","L:5","","8881535762"
"9435","SYRINGE,60CC,L/L","IE561","L:3","","8881560125"
"9436","SYRINGE,60CC,CATH TIP","IE561","L:3","","309620"
"9554","SYRINGE,CATH TIP,BULB,60ML,PLS","IE561","L:2","","67000"
"10386","VIAL,DILUTION,W/LID","IE561","L:10","","201-5266-05SF"
"10934","SNGE,5ML,LUER LOCK","IE561","L:3","","309646"
"10936","SYRINGE,W/O NEEDLE,20ML,LL TIP","IE561","L:0","","1182000777"
"14330","SPONGE,NEURO,.5X3IN,PATTIE","IE561","L:4","","NEUROSPNG09"
"18159","HOLDER,SURG INSTRUMENT,MAG,10","IE561","L:4","","DYNJMDS1H"
"18172","BANDAGE,ELASTIC,4IN X 5YD,LTX-","IE561","L:5","","DYNJ05154LF"
"18173","BANDAGE,ELASTIC,6IN X 5YD,LF","IE561","L:5","","DYNJ05156LF"
"18174","BANDAGE,COBAN,4IN,STERILE","IE561","L:3","","2084S"
"18292","STAPLER,HEMOCLIP,SMALL,9IN","IE561","L:4","","133650"
"19088","6.5"" CAUTERY ELECTRODE,1"" BLAD","IE561","L:4","","E14556"
"19113","SCRUB,PREP,4% CHG,TOPICAL,4OZ","IE561","L:4","","MDS098710"
"19119","GOWN,SURG,IMPERVIOUS,STER,DISP","IE561","L:4","","44675"
"19676","CATHETER,IV,SAFETY,18GA X1.25I","IE561","L:4","","3065"
"22138","NEEDLE,SAFET,18GAX1.5IN,1M","IE561","L:8","","8881850815"
"22139","NEEDLE,SAFETY,22GAX1.5,1M","IE561","L:5","","8881850215"
"22143","NEEDLE,FILTER,18GA X 1 1/2IN","IE561","L:3","","305211"
"22546","ADHESIVE,SKIN CLOSURE,TOPICAL","IE561","L:6","","LX6"
"27702","LABELS,STERILE,MEDICATIONS","IE561","L:6","","9VAPH37-DTR"
"27894","SUTURE,VICRYL PLUS,SH,VCP417H","IE561","L:10","","VCP417H"
"27962","SUTURE,VICRYL PLUS,VIO BRD,SZ","IE561","L:5","","VCP864D"
"27967","SUTURE,3/0 VICRYL PLUS,SH,VCP4","IE561","L:5","","VCP416H"
"28018","DEVICE,CATH SECUREMENT,FOLE,ST","IE561","L:3","","FOL0102"
"28481","TOWEL,RAYPAQUE,SAFETY,STERILE,","IE561","L:6","","AVID262"
"28803","APPLIER,SURG CLIP,SURGICLIP,L","IE561","L:4","","134048"
"28976","ELECTRODE,PENCIL,W/EDGE,HAND C","IE561","L:5","","E2450H"
"29152","SUTURE,MONOCRYL,UND MONO,SZ 3-","IE561","L:5","","MCP427H"
"29156","SUTURE,MONOCRL PLUS,SH,MCP316H","IE561","L:10","","MCP316H"
"29160","SUTURE,MONOCRYL PLUS,PS-2,MCP4","IE561","L:10","","MCP426H"
"29265","BANDAGE,ESMARK,4IN X 12FT,LATE","IE561","L:4","","DYNJ05917"
"29370","BANDAGE,CONFORMING,APEX,4INX75","IE561","L:0","","2236"
"29610","CHLORAPREP,10.5ML,HI LITE,ORAN","IE561","L:4","","930715"
"29611","CHLORAPREP,26ML,HI LITE,ORANGE","IE561","L:6","","930815"
"29637","DRESSING,TRANSPARENT,2 3/8 X 4","IE561","L:10","","3584"
"29704","NEEDLE,INSULATED BOVIE TIP","IE561","L:4","","138105"
"29709","CONTAINER,SPECIMEN,SUCTION,QUI","IE561","L:4","","0700-050-000"
"29809","DRAPE,WARMER,IRRIGATION SOLUTI","IE561","L:4","","ORS-300"
"30039","DRESSING,XEROFORM,PETROLATUM,F","IE561","L:5","","8884433605"
"32463","ADHESIVE,LIQUID,MASTISOL","IE561","L:0","","0523-48"
"34582","GLOVE,SURG,SZ 7.5,LTX-FREE,POW","IE561","L:5","","47675"
"34583","GLOVE,SURG,SZ 8,LTX-FREE,POWDE","IE561","L:4","","47680"
"34584","GLOVE,SURG,SZ 8.5,LTX-FREE,POW","IE561","L:5","","47685"
"34585","GLOVE,SURG,SZ 9,LTX-FREE,POWDE","IE561","L:3","","71-ML47690"
"35205","GLOVE,SURG,POLYISOPRENE,SZ 7,P","IE561","L:8","","47670"
"38840","BLADE,CLIPPER,SURGICAL,PROFESS","IE561","L:6","","9680"
"39535","CLIP,APPLIER,PREMIUM,SURGICLIP","IE561","L:4","","134053"
"44966","CATHETER,TIP,ADAPTOR,URETHRAL","IE561","L:0","","H93813501"
"45122","KIT,CATH,FOLE,16FR,SIL,LTX-FRE","IE561","L:4","","URO170816"
"45124","KIT,CATH,FOLEY,18FR,SIL,LTX-FR","IE561","L:0","","URO170818"
"46021","GLOVE,SURG,SZ 6.0,POLISOPRENE","IE561","L:15","","41660"
"46022","GLOVE,SURG,SZ 6.5,POLYISOPRENE","IE561","L:15","","41665"
"46025","GLOVE,SURG,SZ 7.0,POLYISOPRENE","IE561","L:15","","41670"
"46027","GLOVE,SURG,SZ 7.5,POLYISOPRENE","IE561","L:15","","41675"
"46028","GLOVE,SURG,SZ 8.0,POLYISOPRENE","IE561","L:15","","41680"
"46030","GLOVE,SURG,SZ 8.5,POLISOPRENE","IE561","L:15","","41685"
"47790","POINTER,SHORT,EM REGISTRATION","IE561","L:0","","18099-23"
"49886","FORCEPS,OCCLUDING,STERILE,DISP","IE561","L:10","","MPC-200BS"
"50110","COVER,HANDLE,SKYTRON.LUMOS,DIS","IE561","L:5","","MP05701"
"50506","PENCIL,CAUTERY,ROCKER SWITCH,S","IE561","L:3","","703046000"
"59208","COVER,MAYO STAND,PLASTIC","IE561","L:6","","8337"
"78710","NEEDLE,COUNTER,MAGNET,FOAM BLO","IE561","L:4","","70512"
"129613","CANNULA,BLUNT,PLASTIC","IE561","L:5","","8881540111"
"3927","BALLOON,EXTRACTOR,RETRIEVAL,7-","IE607","L:3","","M00547010"
"4001","BLOCK,BITE,ADULT,PLSTC,DISP","IE607","L:10","","4832711"
"8772","ELECTRODE,PATIENT,RETURN,VALLE","IE607","L:6","","E7507"
"13985","SNARE,ENDO,POLYPECTOMY,XSM OVA","IE607","L:10","","M00562471"
"13987","SYRINGE,GAUGE,ALLIANCE II,60ML","IE607","L:10","","M00550601"
"17970","HEMOSTASIS,CATHETER,7FR,210CM,","IE607","L:4","","M00560150"
"18612","LIGATOR,SHOOTER 6,MULTI BAND","IE607","L:2","","G22553"
"18720","HEMOSTASIS,CATHETER,10FR,210CM","IE607","L:4","","M00560160"
"18898","SET,COLON DECOMPRESSION,14FR C","IE607","L:2","","G22181"
"19139","KNIFE,NEEDLE,SGL LUMEN,7FR,200","IE607","L:1","","HPC-2"
"20481","SNARE,CAPTIVATORII,15MM","IE607","L:10","","M00561232"
"26867","LIGATOR,SHOOTER 6,MULTI BAND,X","IE607","L:2","","G31917"
"26878","BALLOON CUFF,U/S,GF-UM20;JF-UM","IE607","L:2","","MAJ-233"
"27132","STENT,SET,BILIARY,5-4FR,ZIMMON","IE607","L:1","","G22034"
"27137","DILATOR,BALLOON,CRE,FIXED WIRE","IE607","L:2","","M00558340"
"27138","BASKET,LITHPIPTER,1.5CMX3CM","IE607","L:1","","M00510860"
"27386","CLIP,SURG,ENDO,2.8MM X 235CM,O","IE607","L:10","","M00521231"
"27391","NEEDLE,SCLEROTHERAPY,NEEDLE CA","IE607","L:10","","711807"
"27395","NEEDLE,INJECTION,ARTICULATOR,H","IE607","L:15","","BX00711807"
"27426","BALLOON CUFF,U/S,ENDO,LTX","IE607","L:2","","MAJ-249"
"27462","SNARE,HEXAGONAL,MINI,1.5 X 2.5","IE607","L:10","","G22701"
"27463","BRUSH,COLONOSCOPE,3MM,24OCM,7F","IE607","L:10","","G22108"
"27492","DILATOR,BALLOON,CRE,FIXED WIRE","IE607","L:2","","M00558330"
"27493","DILATOR,BALLOON,CRE,FIXED WIRE","IE607","L:2","","M00558350"
"27494","DILATOR,BALLOON,CRE,FIXED WIRE","IE607","L:2","","M00558360"
"27495","DILATOR,BALLOON,CRE,FIXED WIRE","IE607","L:2","","M00558371"
"27496","DILATOR,BALLOON,CRE,FIXED WIRE","IE607","L:2","","M00558380"
"27497","SPHINCTEROTOME,CANNULATING,RX4","IE607","L:1","","M00545170"
"27498","DEVICE,LOCKING,BIOPSY CAP SYST","IE607","L:5","","M00545261"
"27499","BRUSH,CYTOLOGY,RX,SINGLE USE","IE607","L:4","","M00545000"
"27500","STENT,BILIARY,RX,PLASTIC,10FR,","IE607","L:3","","M00534320"
"27501","STET,BILIARY,RX,PLASTIC,10FR,7","IE607","L:2","","M00534330"
"27502","STENT,BILIARY,RX,PLASTIC,10FR,","IE607","L:2","","M00533010"
"27530","GUIDEWIRE,JAGWIRE,STRAIGHT,STI","IE607","L:2","","M00556481"
"27531","SPHINCTEROTOME,CANNULATING,STR","IE607","L:4","","M00583040"
"27532","KNIFE,NEEDLE,TRPL LUMEN,SUB 5F","IE607","L:2","","M00545840"
"27533","BALLOON,RETRIEVAL,7-6FR,9.0-12","IE607","L:4","","M00547000"
"27534","BALLOON,RETRIEVAL,7-6FR,15.0-1","IE607","L:3","","M00547020"
"27535","BASKET,WIREGUIDED,RETRIEVAL,SI","IE607","L:1","","M00510870"
"27538","DILATOR,GI BALLOON,RX,BILIARY,","IE607","L:2","","M00545900"
"27539","BALLOON,ANGIOPLASTY,RX DILATAT","IE607","L:2","","M00545920"
"27540","CATHETER,BILIARY,BALLOON,8MM,4","IE607","L:2","","M00545940"
"27541","CATHETER,BILIARY,BALLOO,10MM,4","IE607","L:2","","M00545960"
"27550","STENT,BILIARY,RX,PLASTIC,7FR,5","IE607","L:2","","M00545550"
"27552","STENT,BILIARY,RX,PLASTIC,7FR,1","IE607","L:3","","M00534220"
"27553","STENT,BILIARY,RX,PLASTIC,7FR,1","IE607","L:3","","M00534230"
"27555","STENT,BILIARY,RX,PLASTIC,10FR,","IE607","L:3","","M00534350"
"27660","MARKER,ENDOSCOPIC","IE607","L:1","","GIS-45"
"27709","GUIDEWIRE,STANDARD,STRAIGHT,DR","IE607","L:2","","M00556141"
"28409","CUTTER,LOOP LIGATING,REUSABLE,","IE607","L:2","","FS-410U"
"28411","GUIDEWIRE,.035IN,XWIRE,STANDAR","IE607","L:5","","M00556001"
"28624","FORCEP,RJ4,JUMBO,3.2,240CM,W/E","IE607","L:10","","M00513374"
"29030","DEVICE,RETRIEVAL,UNIVERSAL,ROT","IE607","L:5","","BX00715050"
"29032","DEVICE,ORGANIZER,ERCP,MIO-MEDI","IE607","L:5","","BX00711750"
"29072","DILATOR,BALLOON,8-9-10MM,240CM","IE607","L:6","","M00558670"
"29073","DILATOR,BALLOON,10-11-12MM,240","IE607","L:6","","M00558680"
"29074","CATH,OCCLUSION,L 165CM,GW 0.01","IE607","L:6","","M00558690"
"29238","PROBE,FILTER INTEGRATED,7FR,CI","IE607","L:10","","20132-218"
"29451","VIAL,PREFILLED,BUFFERED,FORMAL","IE607","L:2","","NB0507"
"29512","VALVE,ENDO,BX,UPPER GI,FOR OLY","IE607","L:10","","BX00711135"
"29937","FORCEPS,SPYBITE,DISPOSABLE","IE607","L:2","","M00546470"
"29999","FORCEP,RJ4,LRG,240CM,2.8","IE607","L:10","","M00513334"
"30009","FORCEP,BIOPSY,ALLIGATOR JAW,2.","IE607","L:8","","FB-211K.A"
"30990","DEVICE,DIRECT,SUCTION,BIOVAC,1","IE607","L:2","","711512"
"30991","POSITIONER,HEAD,BOOST,ERCP,9.5","IE607","L:5","","BX00711654"
"30995","DEVICE,INFLATION,ENCORE 26,HUR","IE607","L:2","","M00566670"
"31464","CATH,ABLATION,BIPOLAR,L 160CM,","IE607","L:3","","90-9100"
"31465","CAP,SMALL,HALO","IE607","L:8","","CP-001A"
"31466","CAP,MEDIUM,HALO","IE607","L:20","","CP-002A"
"32709","IRRIGATOR,BIOSHIELD,30.5CM","IE607","L:10","","BX00711133"
"32712","TRAP,SPECIMEN W/2 STRAINERS,ET","IE607","L:6","","BX00711099"
"32714","SNARE,SPIRAL,DISPOSABLE,20MMX2","IE607","L:4","","SD-230U-20"
"32719","WIRE,GUIDE,.025X270CM,ANGLE TI","IE607","L:3","","G-240-2527A"
"32779","DEVICE,GRASPING","IE607","L:5","","711177"
"32882","GUIDEWIRE,VISIGLIDE,.025","IE607","L:2","","G-240-2545A"
"32917","DEVICE,GRASPING,TALON,2.5MMX16","IE607","L:5","","711175"
"33901","COAGRASPER,DISPOSABLE,HEMOSTAT","IE607","L:4","","FD-411UR"
"34627","CATHETER,ABALATION,135CM","IE607","L:2","","TTS1100"
"34978","BASKET,THERMOMETER STAND,RETRI","IE607","L:6","","DGN-538-5"
"35013","CATHETER,PH,VERSAFLEX,ADULT","IE607","L:0","","955907"
"35350","DUETTE,MULTI-BAND,MUCOSECTMY,9","IE607","L:1","","G34036"
"35355","KIT,SUCTION,AIR/WATER,BIOPSY","IE607","L:15","","100310"
"36371","KIT,STENT,PANCREATIC,PIGTAIL,4","IE607","L:4","","M00537350"
"36372","STENT,PANCREATIC,5FRX4CM","IE607","L:2","","M00537550"
"36373","STENT,PANCREATIC,4FRX5CM","IE607","L:4","","M00537370"
"36378","KIT,STENT,PANCREATIC,PIGTAIL,7","IE607","L:3","","M00537260"
"36410","NEEDLE,22GA,EXPECT,SLIMLINE,EU","IE607","L:5","","M00555511"
"36411","NEEDLE,25GA,EXPECT,SLIMLINE,EU","IE607","L:5","","M00555521"
"36419","SNARE,LARIAT,HEAGON,24MM,230CM","IE607","L:10","","711119"
"36547","SPHINCTEROTOME,,JAGTOME,RX39,S","IE607","L:3","","M00573080"
"36871","CATHETER,ACCESS & DELIVER","IE607","L:2","","M00546610"
"38073","ATTACHMENT,DISTAL,ENDOSCOPE,DI","IE607","L:10","","D-201-10704"
"38388","APPLIER,ENDO CLIP,OVER THE SCO","IE607","L:1","","100.12"
"38389","APPLIER,ENDO CLIP,OVER THE SCO","IE607","L:1","","100.14"
"38390","APPLIER,ENDO CLIP,OVER THE SCO","IE607","L:1","","100.3"
"38832","ATTACHMENT,DISTAL,ENDOSCOPE,12","IE607","L:5","","D-201-11804"
"38833","ATTACHMENT,DISTAL,ENDOSCOPE,15","IE607","L:5","","D-201-14304"
"39563","SNARE,OVAL,COLD,10MM","IE607","L:10","","CS50011"
"39564","SNARE,OVAL,COLD,15MM","IE607","L:10","","CS50021"
"39953","NEEDLE,FNB,ACQUIRE,22GA","IE607","L:3","","M00555540"
"39954","NEEDLE,FNB,ACQUIRE,25GA","IE607","L:3","","M00555560"
"40434","BASKET,RETRIEVAL,SPYGLASS","IE607","L:1","","M00546550"
"42373","ENDO,COMPLIANCE KIT","IE607","L:8","","DYKE1723A"
"43464","COVER,DISTAL,SINGLE USE","IE607","L:10","","MAJ-2315"
"43497","CLIP,LOCKADO,22MM","IE607","L:10","","LO35041"
"43498","CLIP,LOCKADO,16MM","IE607","L:20","","LO30891"
"44210","SOLUTION,INJECTABLE,SUBMUCOSAL","IE607","L:10","","SL62521"
"45525","SPHINCTEROTOME,CLEVERCUT,3.9FR","IE607","L:2","","KDVC631Q07201"
"48663","SYSTEM,NEXPOWDER,ENDOSCOPIC,HE","IE607","L:2","","NHS03"
"48664","CLIP,235CM,INTNL,MANTIS,CLS DE","IE607","L:15","","M00521421"
"50558","VALVE,OLYMPUS,EUS,DEFENDO,2PC","IE607","L:20","",""
"50720","KNIFE ELECTROSURGICAL 1.5MM O","IE607","L:1","",""
"50721","KNIFE ELECTROSURGICAL 2MM ORIS","IE607","L:1","",""
"50722","KNIFE ELECTROSURGICAL DUALKNIF","IE607","L:2","",""
"50723","KNIFE ELECTROSURGICAL DUALKNIF","IE607","L:2","",""
"50810","DEVICE,SURETRAC,ELASTIC,TRACTI","IE607","L:2","",""
"50811","DEVICE,SURETRAC,ELASTIC,TRACTI","IE607","L:2","",""
"50895","CARTRIDGE,PUMP,ERBEJET 2","IE607","L:3","","20150-301"
"50896","HYBRIDKNIFE,FLEX,I-TYPE,E-SHOR","IE607","L:2","","20150-112"
"50897","HYBRIDKNIFE,FLEX,I-TYPE,E-LONG","IE607","L:2","","20150-113"
"59905","G.I. STENTS ADVANIX BIL STENT","IE607","L:2","","M00533270"
"59978","NEEDLE EXPECT SLIMLINE SL ENDO","IE607","L:3","","M00555530"
"59979","NEEDLE EXPECT SLIMLINE SL 19G","IE607","L:3","","M00555531"
"60025","SYRINGE PURASTAT 3ML","IE607","L:10","",""
"60026","ADAPTER SYRINGE PURASTAT","IE607","L:5","",""
"60027","CATHETER SPRAY","IE607","L:10","",""
"61198","PROBE LITHOTRIPTER 375CM OD 1.","IE607","L:2","",""
"61235","MINI OTSC SYSTEM SET","IE607","L:1","","100.02"
"61436","SUTURE,ENDOSCOPIC,OVERSTITCH,N","IE607","L:1","",""
"61437","SUTURE,OVERSTITCH,CINCH","IE607","L:1","",""
"61438","SUTURE,POLYPROPYLENE,OVERSTITC","IE607","L:1","",""
"61439","DEVICE,SUTURING,NXT,TISSUE HEL","IE607","L:1","",""
"61441","KIT,CATHETER,RAPID AV,OD 16FR","IE607","L:2","",""
"61522","CANISTER,SUCTION,HI-FLOW,800CC","IE607","L:5","",""
"61612","FORCEP ENDOSCOPY HOT BIOPSY RA","IE607","L:3","",""
"61667","SNARE POLYPECTOMY MICRO HEXAGO","IE607","L:5","",""
"61668","SNARE POLYPECTOMY ACUSNARE DUC","IE607","L:5","",""
"61670","CAPBIOPSY AUTOCAP W/GUIDEWIRE","IE607","L:5","",""
"61675","SNARE EDGEHOG OVAL","IE607","L:5","",""
"434","GAUZE,OR,4X4,STERILE","IE617","L:16","","8045"
"571","GAUZE,BANDAGE,KERLIX,4.5IN","IE617","L:0","","NON25865"
"1905","PAD,EYE,LG,2 1/8 X 2 5/8IN,IND","IE617","L:0","","NON21601"
"1975","WOUND,CLOSURE STRIP,1/4IN X 4I","IE617","L:0","","R1546"
"2189","WIPES,PERSONAL,TOWELETTE,PRE-M","IE617","L:0","","MDS094181"
"6025","SPLINT FINGER","IE617","L:0","","79-73211"
"6292","TAPE,ADHESIVE,CLOTH,2IN","IE617","L:0","","1538-2"
"6353","APPLICATOR,TIPPED,COTTO,L 6IN,","IE617","L:0","","MDS202000"
"6357","TISSUE,FACIAL,2-PLY,8 X 8IN,10","IE617","L:5","","48550"
"9057","BATTERY,AA,NONRECHARGEABLE,ALK","IE617","L:48","","PC1500"
"9295","PAD,ALCOHOL,70% ISOPROPYL","IE617","L:400","","6818"
"9296","BANDAID,ADHESIVE,PLASTIC,STRIP","IE617","L:100","","44101"
"9300","DEPRESSOR,TONGUE,WOOD,STL","IE617","L:0","","C1560-006"
"9305","DRESSING,GEN USE,ABD PAD,8 X 1","IE617","L:0","","9194A"
"9313","CUP,STYROFOAM,6OZ,DISP","IE617","L:2","","6J6"
"9922","MASK,SURG,MOLDED","IE617","L:0","","NON27381"
"11100","EXERCISE BAND,YELLOW,LTX FREE","IE617","L:2","","566165"
"11101","EXERCISE BAND,RED,X-LIGHT","IE617","L:0","","566166"
"11102","EXERCISE BAND,GREEN,MED","IE617","L:2","","11728"
"11103","EXERCISE BAND,BLUE,MED,HEAVY","IE617","L:2","","566169"
"11104","EXERCISE BAND,BLACK","IE617","L:2","","566170"
"19552","BANDAGE,ELASTIC,COMPRESSION,6I","IE617","L:0","","MDS087006LFG"
"24811","COVER,THERMOMETER PROBE,SURETE","IE617","L:2","","05031-750"
"26930","MASK,FACE,PROCEDURE,FULL PLTD,","IE617","L:100","","15111"
"32527","GLOVE,EXAM,NITRILE,SM,LTX-FREE","IE617","L:4","","72-50901"
"32528","GLOVE,EXAM,NITRILE,MED,LTX-FRE","IE617","L:4","","72-50902"
"32529","GLOVE,EXAM,NITRILE,LG,LTX-FREE","IE617","L:4","","72-50903"
"32530","GLOVE,EXAM,NITRILE,XL,LTX-FREE","IE617","L:4","","72-50904"
"35035","WIPES,DISPOSABLE,GERMICIDAL,SA","IE617","L:0","","Q55172"
"35442","GLOVE,EXAM,NITRILE,XSM,LTX-FRE","IE617","L:2","","72-50900"
"36760","EXERCISE BAND,SILVER,XX HEAVY","IE617","L:4","","Oct-26"
"38894","FORCEPS,DRESSING,SINGLE-USE,6I","IE617","L:0","","MDS1010415"
"44780","SCISSOR,UTILITY","IE617","L:0","","67225"
"177","TUBING,SUCTION,1/4IN X 12FT","IE629","L:5","","8888301622"
"180","STRAW,DRINKING,FLEXIBLE","IE629","L:50","","NON02315"
"214","TAPE,TRANSPORE,1IN,HYPO","IE629","L:3","","1527-1"
"222","SPIROMETER,INCENTIVE,EXCERCISE","IE629","L:6","","8884719010"
"236","NEBULIZER,MICRO MIST,ADAPTER,H","IE629","L:10","","1884"
"246","PITCHER,DRINKING,1QT,FOAM","IE629","L:4","","DYND80412"
"571","GAUZE,BANDAGE,KERLIX,4.5IN","IE629","L:6","","NON25865"
"865","PETROATUM,WHITE,5GM,FOILPAC","IE629","L:8","","8884433200"
"1559","BATH,SITZ,W/BAG","IE629","L:0","","DYND80102H"
"1583","GEL,ULTRASONIC,TRANSMISSION","IE629","L:3","","8-Mar"
"1606","SPONGE,GAUZE,GEN USE,2 X 2IN,8","IE629","L:2","","NON25208"
"1608","STRAINER,CALCULI","IE629","L:4","","2110SA"
"1610","SUPPORT,ATHLETIC,ADULT,LG","IE629","L:3","","0910-03"
"1611","SUPPORT,ATHLETIC,ADULT,XL","IE629","L:0","","91004"
"1622","UNDERPAD,BED,30X36IN,TRANQUILI","IE629","L:10","","2710"
"1624","ADAPTER,OXYGEN,W/NUT,STANDARD","IE629","L:12","","2555"
"1626","CONNECTOR,TUBING,OXYGEN","IE629","L:10","","1811"
"1627","MASK,OXYGEN,NON-REBREATHER,ADU","IE629","L:5","","1060"
"1762","AIRWA,ASAL,#8.0,34FR","IE629","L:3","","340080"
"1776","PACK,HOT/COLD","IE629","L:20","","33500"
"1787","BLADE,CLIPPER,SURGICAL,STERILE","IE629","L:20","","9660"
"1917","TUBE,DRAINAGE,LEG BAG","IE629","L:4","","538"
"1919","PLUG,CATHETER","IE629","L:4","","1600"
"1972","TUBE,SUCTION,YANKAUER","IE629","L:5","","K86"
"1994","SYRINGE,10CC,L/L","IE629","L:20","","302995"
"1998","CUP,DENTURE,8OZ,W/LID,PLASTIC","IE629","L:10","","DYND70293"
"2053","BAG,LEG,URINE,32OZ","IE629","L:4","","DYND12578"
"2084","BEDPAN,PONTOON,PLSTC,CONTOURED","IE629","L:2","","DYND88205"
"2234","RESTRAINT,WRIST","IE629","L:2","","MDT829020C"
"2242","MASK,OXYGEN,ADULT SZ 6","IE629","L:5","","HUD1930"
"2645","CATHETER,ROBINSON,16FR","IE629","L:0","","277716"
"3769","BANDAGE,COBAN,2IN,NONSTERILE","IE629","L:15","","2082"
"5960","SPONGE,GAUZE,2 X 2IN,STER,8-PL","IE629","L:50","","1806G"
"6288","SWAB,MOUTH,TOOTHETTE,FOAM TIPP","IE629","L:3","","6120"
"6357","TISSUE,FACIAL,2-PLY,8 X 8IN,10","IE629","L:8","","48550"
"6555","BAG,TRANSPORT,SPECIMEN,BIOHAZA","IE629","L:100","","AR69P"
"6691","PIN,SAFETY,LARGE,NON STERILE","IE629","L:6","","MDT223025Z"
"7689","HOLDER,DRESSING,NASAL","IE629","L:5","","600"
"9295","PAD,ALCOHOL,70% ISOPROPYL","IE629","L:600","","6818"
"9296","BANDAID,ADHESIVE,PLASTIC,STRIP","IE629","L:100","","44101"
"9299","KIT,SUCTION,14FR CATH,WHISTLE","IE629","L:5","","37424"
"9300","DEPRESSOR,TONGUE,WOOD,STL","IE629","L:5","","C1560-006"
"9301","SPONGE,GAUZE,4 X 4IN,100% COTT","IE629","L:50","","3033G"
"9305","DRESSING,GEN USE,ABD PAD,8 X 1","IE629","L:4","","9194A"
"9313","CUP,STYROFOAM,6OZ,DISP","IE629","L:2","","6J6"
"9414","TUBING,SUCTION,L 6FT,FEMALE CO","IE629","L:5","","8888301515"
"9415","URINAL,MALE,PLSTC,1000ML,W/LID","IE629","L:13","","DYND80235S"
"9419","TRAY,CATHETERIZATION,FOLEY","IE629","L:2","","5029"
"9420","TRAY,IRRIGATION","IE629","L:4","","68800"
"9427","SYRINGE,3CC,L/L","IE629","L:20","","1180300777"
"9435","SYRINGE,60CC,L/L","IE629","L:5","","8881560125"
"9719","TUBING,OXYGEN CONNECTING,7FT,N","IE629","L:5","","1350"
"9721","SYSTEM,PHARMACY FLUID DISPENSI","IE629","L:0","","513548"
"10386","VIAL,DILUTION,W/LID","IE629","L:5","","201-5266-05SF"
"10934","SNGE,5ML,LUER LOCK","IE629","L:20","","309646"
"10938","CUP,MEDICINE,10Z,PLASTIC","IE629","L:3","","DYND80000N"
"12075","ADAPTER,MULTIPLE,SAMPLE","IE629","L:0","","367290"
"12205","PAD,SANITARY,MATERNITY,3 X 11I","IE629","L:10","","1380A"
"13310","KIT,IV START,STERILE,L/F,CHLOR","IE629","L:50","","74464"
"13392","SLING,ARM,ENVELOPE,MED,SYNTHET","IE629","L:3","","TX9902-04"
"13394","SLING,ARM,ENVELOPE,LG,SYNTHETI","IE629","L:3","","TX9902-05"
"13395","SLING,ARM,ENVELOPE,XL,SYNTHETI","IE629","L:3","","79-84008"
"16466","STRAP,CATH,LEG,FABRIC,VELCRO C","IE629","L:5","","316"
"16927","LANCET,SAFETY,1.8MM,21GA","IE629","L:1","","8290366577"
"17204","BAG,DRAINAGE,4000ML","IE629","L:6","","153509"
"17597","ELECTRODE,EKG,RESTING,CONDUCTI","IE629","L:0","","31433538"
"19144","CATH,URETHRAL,FOLE,3-WAY,22FR,","IE629","L:0","","0119L22"
"19671","CATHETER,IV,SAFETY,16GA X 1.25","IE629","L:5","","3062"
"19676","CATHETER,IV,SAFETY,18GA X1.25I","IE629","L:40","","3065"
"19677","CATHETER,IV,SAFETY,20GAX1.25IN","IE629","L:30","","3066"
"19678","CATHETER,IV,SAFETY,22GAX1IN","IE629","L:10","","306001"
"20047","SET,EXTENSION,NEEDLELESS,VALVE","IE629","L:5","","MC33150"
"22138","NEEDLE,SAFET,18GAX1.5IN,1M","IE629","L:25","","8881850815"
"22288","TAPE,MEDICAL,SOFT CLOTH,2IN","IE629","L:4","","2862"
"22323","ARMBAND, ID, PATIENT, GREEN","IE629","L:30","","140-15-PDM"
"22352","SYRINGE,INSULIN,1CC,29GAX1/2IN","IE629","L:15","","8881892910"
"23157","STRIP,GLUCOSE TESTING,ACCU-CHE","IE629","L:3","","5942861001"
"23725","TOURNIQUET,.75X18INCH,LATEX FR","IE629","L:3","","367203"
"24113","NEEDLE HOLDER,STACKABLE","IE629","L:12","","364815"
"24457","CANNULA,VAMP,NEEDLELESS","IE629","L:10","","VMP400"
"27104","PAPER,EKG,FOR ZOLL M SERIES,FA","IE629","L:3","","8000-000877-01"
"28018","DEVICE,CATH SECUREMENT,FOLE,ST","IE629","L:5","","FOL0102"
"28834","KIT,WARMING GOWN,STANDARD ADUL","IE629","L:20","","84003"
"28836","KIT,OR GOWN,XLG ADULT,WARMING","IE629","L:4","","81201"
"29036","CLOTH,2% CHLORHEXIDINE,GLUCONA","IE629","L:30","","9705"
"29094","MARKER,SKIN,MINI MARKER,PRE SU","IE629","L:2","","2715BN"
"29660","SLEEVE,FULL ARM,SHOWER PROT,RE","IE629","L:6","","12106"
"29662","SLEEVE,FOOT TO THIGH,SHOWER,PR","IE629","L:6","","03202-THIGH HI"
"30082","TUBING,IV,ANESTHESIA","IE629","L:35","","B9768"
"31896","DEVICE,STATLOCK,325PSI","IE629","L:20","","IV0563P"
"32038","LINER,SUCTION,FLEX ADVANTAGE,1","IE629","L:4","","65651-920C"
"32450","UNDERWEAR,MESH,DISPOSABLE,XL","IE629","L:5","","MSC86400"
"32527","GLOVE,EXAM,NITRILE,SM,LTX-FREE","IE629","L:4","","72-50901"
"32528","GLOVE,EXAM,NITRILE,MED,LTX-FRE","IE629","L:4","","72-50902"
"32529","GLOVE,EXAM,NITRILE,LG,LTX-FREE","IE629","L:4","","72-50903"
"32530","GLOVE,EXAM,NITRILE,XL,LTX-FREE","IE629","L:4","","72-50904"
"33761","ELECTRODE,MONITOR,ADULT,FOAM","IE629","L:26","","2670-3"
"35035","WIPES,DISPOSABLE,GERMICIDAL,SA","IE629","L:0","","Q55172"
"35041","CLOTH,CHLORHEXIDINE,GLUCONATE","IE629","L:20","","9717"
"35069","CAP,IV,DISINFECT,CUROS,JET","IE629","L:50","","CFJ5-250"
"35427","KIT,SPILL,CHEMO,SAFETY,(LARGE)","IE629","L:0","","DYK200CHC"
"35486","FLUSH,SALINE,10ML,IN 10ML SYR,","IE629","L:60","","306546"
"35511","JELLY,SURGILUBE,STERILE,5GM","IE629","L:10","","281020545"
"35847","FOOTWEAR,PATIENT,3XL","IE629","L:0","","68125-PUR"
"35848","FOOTWEAR,PATIENT,BROWN,BARIATR","IE629","L:15","","68125-BRN"
"36433","DEVICE,VIAL,ACCESS,13MM","IE629","L:20","","2203E"
"37163","BASIN,WASH,PLASTIC,DISPOSABLE,","IE629","L:6","","DYND80347"
"37970","ATOMIZER,NASAL,MAD,INTRANASAL,","IE629","L:5","","MAD300"
"37985","WIPES,CLEANING,GERMICIDAL,HARD","IE629","L:0","","P54072"
"38055","ORALAIRWAYS,PVC,SZ4,SNGL USE,Y","IE629","L:5","","1-1521-04"
"38056","ORALAIRWAYS,PVC,SZ5,SNGL USE,R","IE629","L:5","","DYNJGUED100"
"38057","ORALAIRWAYS,PVC,SZ6,SNGL USE,O","IE629","L:5","","DYND60609"
"38096","FORCEPS,OCCLUDING,YELLOW TUBE,","IE629","L:5","","MPC-200-Y-1"
"38318","SENSOR,ADHESIVE,ADULT,ADTX,LNC","IE629","L:35","","1859"
"38459","CAP,MALE,TIPS,DISINFECTION,3M","IE629","L:50","","CM5-200"
"38840","BLADE,CLIPPER,SURGICAL,PROFESS","IE629","L:20","","9680"
"38875","TRAY,CATHETER,ITNTERMITTENT,14","IE629","L:4","","DYND10402"
"39199","CUFF,BP,1 PIECE,ADULT,TUBELESS","IE629","L:24","","SOFT-11"
"39201","CUFF,BP,1 PIECE,ADULT,LARGE,TU","IE629","L:6","","30503-14A"
"39202","CUFF,BP,1 PIECE,ADULT,SMALL,TU","IE629","L:8","","30503-12A"
"39203","CUFF,BP,1 PIECE,ADULT,LONG,TUB","IE629","L:10","","SOFT-11L"
"40668","NEEDLE,BUTTERFLY,ULTRATOUCH,25","IE629","L:10","","367363"
"41595","CANNULA,NASAL,O2,NON-FLARE TIP","IE629","L:30","","1365"
"41815","CAP,BOUFFANT,24IN,BLUE,FLUID P","IE629","L:1","","B24HD"
"42720","CATHETER,FEMALE,PUREWICK","IE629","L:0","","PWF030F"
"45156","KIT,CATH,FOLEY,14FR,LTX-FREE","IE629","L:2","","URO170814"
"49831","SWAB UTM ULT MINITIP FLK FLXB","IE629","L:20","","3C057N"
"50264","MASK,EYE,HOT,COLD","IE629","L:6","","68491"
"50420","WIPES,PERSONAL,SKIN CLEANSING/","IE629","L:10","","MSC092503"
"50617","SET,IV ADMIN,INF,SMARTSITE,NEE","IE629","L:2","","2420-0007"
"50641","IV ADMIN SET,SECONDARY,40 W/ H","IE629","L:15","","DYNDTA1540"
"59596","BAG,EMESIS,WHITE,HDPE","IE629","L:24","","NON80331"
"59597","CUP,SPECIMEN,WHT","IE629","L:20","",""
"59795","SET,SURELEAD,PHILIPS 5 COMPAT","IE629","L:20","","DLS-PHP5L-4F"
"59848","SWAB COLLECTIO ANALYZER PART D","IE629","L:20","",""
"61191","SET,PHILIPS,3 SURELEAD","IE629","L:40","","DLS-PHP3L-4F"
"99015","BAG,PATIENT,BELONGING","IE629","L:50","","BIOBAGGY1820"
"129613","CANNULA,BLUNT,PLASTIC","IE629","L:50","","8881540111"
"468","DIAPER,ADULT,BRIEF,LARGE,TAPE","IE631","L:4","","MSC33505"
"571","GAUZE,BANDAGE,KERLIX,4.5IN","IE631","L:15","","NON25865"
"1583","GEL,ULTRASONIC,TRANSMISSION","IE631","L:1","","8-Mar"
"1601","SURGIFIX,SZ#3","IE631","L:2","","MT03"
"1603","BANDAGE,TUBULAR,NYLON,SZ 6,25Y","IE631","L:1","","MT06"
"1607","SPONGE,GAUZE,4 X 4IN,NON-STER","IE631","L:6","","2556G"
"1622","UNDERPAD,BED,30X36IN,TRANQUILI","IE631","L:40","","2710"
"1771","BANDAGE,COBAN,4IN,NONSTERILE","IE631","L:6","","2084"
"1825","KIT,REMOVAL,STAPLE,STERILE,DIS","IE631","L:2","","PSX"
"1906","DRESSING,3X16IN,NONADHERENT,ST","IE631","L:5","","CUR250317"
"1956","SCALPEL,SURG,SZ #15,BARD PARKE","IE631","L:10","","372615"
"1986","PACKING,WOUND,PLN,1/2IN X 5YD,","IE631","L:2","","7632"
"1987","GAUZE,PACKING,STERILE,PLAIN,1I","IE631","L:1","","7633"
"1988","GAUZE,IODOFORM,1/2IN","IE631","L:2","","7832"
"1994","SYRINGE,10CC,L/L","IE631","L:6","","302995"
"2032","WOUND,CLOSURE STRIP,1/2IN X 4I","IE631","L:6","","R1547"
"2041","DRESSING,TRANSPARENT,4X4 3/4IN","IE631","L:20","","1616"
"2042","DRESSING,TRANSPARENT,10INX5 1/","IE631","L:15","","1628"
"2043","DRESSING,IMPREGNATED,3 X 3IN,O","IE631","L:0","","6112"
"2045","GAUZE,IODOFORM,PACKING,STERILE","IE631","L:2","","7833"
"2053","BAG,LEG,URINE,32OZ","IE631","L:2","","DYND12578"
"2314","BEDPAN,FRACTURE,PLSTC,REUSABLE","IE631","L:1","","DYNC8522"
"2518","GAUZE,PETROLEUM,3X18I,NONADH","IE631","L:2","","MAY884414600Z"
"3769","BANDAGE,COBAN,2IN,NONSTERILE","IE631","L:4","","2082"
"5960","SPONGE,GAUZE,2 X 2IN,STER,8-PL","IE631","L:50","","1806G"
"6144","BINDER,ABDOMINAL,UNIV LONG,HT","IE631","L:2","","79-89091"
"6147","BIDER,ABDOMINAL,UNIV LONG,HT 9","IE631","L:2","","ORT21110LXL"
"6353","APPLICATOR,TIPPED,COTTO,L 6IN,","IE631","L:60","","MDS202000"
"6357","TISSUE,FACIAL,2-PLY,8 X 8IN,10","IE631","L:2","","48550"
"6555","BAG,TRANSPORT,SPECIMEN,BIOHAZA","IE631","L:8","","AR69P"
"7516","POUCH,UROSTOMY,9IN,1.75 FLANGE","IE631","L:10","","18412"
"7751","CUSHION,CHAIR,AIR,2X18X17INCHE","IE631","L:11","","2770100000"
"7992","CLAMP,POUCH,DRAIN","IE631","L:8","","175635"
"8232","BELT,OSTOMY,MEDIUM","IE631","L:16","","7300"
"8234","BELT,OSTOMY,LARGE","IE631","L:20","","7299"
"8299","POUCH,DRNBL,1.75 BARRIER,2.25","IE631","L:20","","18193"
"9295","PAD,ALCOHOL,70% ISOPROPYL","IE631","L:200","","6818"
"9296","BANDAID,ADHESIVE,PLASTIC,STRIP","IE631","L:50","","44101"
"9300","DEPRESSOR,TONGUE,WOOD,STL","IE631","L:35","","C1560-006"
"9305","DRESSING,GEN USE,ABD PAD,8 X 1","IE631","L:15","","9194A"
"9306","SPONGE,GAUZE,DRAIN,4 X 4IN,6-P","IE631","L:20","","7086"
"9415","URINAL,MALE,PLSTC,1000ML,W/LID","IE631","L:2","","DYND80235S"
"9427","SYRINGE,3CC,L/L","IE631","L:3","","1180300777"
"9436","SYRINGE,60CC,CATH TIP","IE631","L:2","","309620"
"9627","KIT,REMOVAL,SUTURE,STERILE,DIS","IE631","L:6","","Jun-00"
"9636","VALVE,UROLOGIC DRAIN,URINE COL","IE631","L:3","","7331"
"9700","CAPS,STOMA,ADHESIVE,2IN (51MM)","IE631","L:10","","3184"
"9720","RAZOR,SURGICAL,DBLE EDGED","IE631","L:4","","BRN1312"
"10936","SYRINGE,W/O NEEDLE,20ML,LL TIP","IE631","L:4","","1182000777"
"12448","WAFER,FLEXTEND,NEW IMAGE,HOLLI","IE631","L:5","","14602"
"13308","DRESSING,ALGINATE,4X4IN,CALCIC","IE631","L:20","","529937"
"15911","RING,BARRIER,SKIN","IE631","L:40","","7805"
"16101","BARRIER,1.75IN WITH,FLANGE,2.2","IE631","L:30","","14603"
"16466","STRAP,CATH,LEG,FABRIC,VELCRO C","IE631","L:1","","316"
"16762","BARRIER,FLAT,FLANGE,1 1/2IN","IE631","L:5","","15803"
"17164","KIT,COMPRESSION BANDAGE,4-LAER","IE631","L:4","","66020626"
"18932","DRESSING,TRANSPARENT,2 3/8INX2","IE631","L:10","","1624W"
"19551","BANDAGE,ELASTIC,SAFEWRAP,LF,4I","IE631","L:3","","MDS087004LF"
"19552","BANDAGE,ELASTIC,COMPRESSION,6I","IE631","L:3","","MDS087006LFG"
"19651","STOCKING,COMPRESSION,THIGH-HIG","IE631","L:2","","MDS160848"
"19676","CATHETER,IV,SAFETY,18GA X1.25I","IE631","L:6","","3065"
"19845","DRESSING,FOAM,4 X 4IN,SQ,WATER","IE631","L:10","","55544"
"19846","DRESSING,FOAM,4 X 8IN,POLYURET","IE631","L:10","","55548"
"19847","DRESSING,SPECIALTY,SOFT SIL,OP","IE631","L:10","","290799"
"20128","DRESSING,FOAM,LARGE,SOFT,WHITE","IE631","L:3","","KTC627503410H"
"20188","DRESSING,VAC,MEDIUM,BLACK,KCI","IE631","L:3","","M8275040/10"
"20284","POUCH,UROSTOMY,1 PIECE,DRAINAG","IE631","L:10","","8460"
"20286","BARRIER,SKIN,PROTECTIVE,PASTE,","IE631","L:9","","183910"
"20557","WIPES,CLEANING,GERMICIDAL,HARD","IE631","L:0","","P13872"
"20621","WIPES, PDI EASY SCREEN","IE631","L:0","","P03672"
"20636","SLEEVE,SKIN,MEDIUM","IE631","L:4","","6000"
"21979","DRESSING,HYDROCOLLOID,4.34SQ I","IE631","L:5","","PG004"
"22274","BOOT ROOKE (E0191)","IE631","L:3","","HFS101"
"22288","TAPE,MEDICAL,SOFT CLOTH,2IN","IE631","L:4","","2862"
"22289","TAPE,MEDICAL,SOFT CLOTH,4IN","IE631","L:2","","2864"
"22309","POUCH,DRAINAGE,2PC","IE631","L:20","","18134"
"22310","WAFER,OSTOMY,CENTERPOINT LOCK,","IE631","L:20","","14604"
"22755","DIAPER,ADULT,XLARGE","IE631","L:30","","66035"
"22843","BAG,DRAINAGE,2000ML","IE631","L:4","","154002"
"23178","POUCH,UROSTOMY,FLANGE 2 1/4IN,","IE631","L:5","","18403"
"23695","SCISSORS-SHARP/BLUNT-5.5-STERI","IE631","L:6","","65945"
"23742","PREP,SKIN,ADHESIVE","IE631","L:90","","120115"
"24028","POUCH,UROSTOMY,FLANGE 1 3/4IN,","IE631","L:30","","416406"
"24168","POWDER,STOMA,ADAPT","IE631","L:6","","7906"
"24486","DRESSING,NEG PRESS WOUND SYS,1","IE631","L:2","","M8275067/10"
"24811","COVER,THERMOMETER PROBE,SURETE","IE631","L:2","","05031-750"
"27022","DRESSING,HYDROCOLLOID,4 X 5IN,","IE631","L:30","","422299"
"27274","DRESSING,HYDROCOLLOID,4.34SQ I","IE631","L:10","","MA028"
"27702","LABELS,STERILE,MEDICATIONS","IE631","L:3","","9VAPH37-DTR"
"27869","DRESSING,BORDER LITE,MEPILEX,1","IE631","L:50","","581011"
"27870","MEPILEX,BORDER LITE,2X5","IE631","L:20","","581100"
"27871","MEPILEX,BORDER LITE,3X3","IE631","L:30","","595200"
"29067","PACKING,WOUND,PLN,1/4IN X 5YD,","IE631","L:3","","7631"
"29255","RULER,MEASURING,WOUND,PAPER,DI","IE631","L:2","","MSCEDURULER"
"29362","DRESSING,ADHESIVE,4X4,W/ANTIMC","IE631","L:10","","MSC9604"
"29371","BANDAGE,GAUZE,3IN X 75IN,STER,","IE631","L:4","","Nov-93"
"29477","POUCH,DRAINABLE,OSTOMY,SEN SUR","IE631","L:15","","15521"
"29493","SOLUTION,IRRIGATION,STER WATER","IE631","L:2","","2F7112"
"29494","SOLUTION,IRRIGATION,0.9% NACL,","IE631","L:6","","R5201-01"
"29922","DRESSING,WOUND,4X4,HYDROFERA B","IE631","L:5","","HB4414"
"30016","DRESSING,BORDER LITE,MEPILEX,4","IE631","L:30","","595300"
"30017","BANDAGE,PASTE,UNNA BOOT,4IN X","IE631","L:4","","GL4001C"
"30039","DRESSING,XEROFORM,PETROLATUM,F","IE631","L:10","","8884433605"
"30085","DRESSING STERILE 4INX4IN","IE631","L:4","","187971"
"30220","DRESSING,FOAM,BORDER,MEPILEX A","IE631","L:5","","395390"
"31667","DRESSING,WOUND,FIBER,STRENGTHE","IE631","L:10","","422300"
"31669","BARRIER,CREAM,PROTEC,4OZ","IE631","L:3","","325614"
"31670","FOAM,CLEANSING,ALOE VESTA,8OZ","IE631","L:4","","MSC092104"
"31723","POUCH,DRAINABLE,2-1/4BARRIER,2","IE631","L:5","","18194"
"32186","DRESSING,FOAM,SILICONE,4X8INCH","IE631","L:30","","496405"
"32527","GLOVE,EXAM,NITRILE,SM,LTX-FREE","IE631","L:4","","72-50901"
"32528","GLOVE,EXAM,NITRILE,MED,LTX-FRE","IE631","L:4","","72-50902"
"32529","GLOVE,EXAM,NITRILE,LG,LTX-FREE","IE631","L:2","","72-50903"
"32530","GLOVE,EXAM,NITRILE,XL,LTX-FREE","IE631","L:3","","72-50904"
"32768","POUCH,WOUND,EAKIN FISTULA","IE631","L:1","","839264"
"33030","CLEANSER,WOUND,VASHE","IE631","L:6","","jrs00314"
"33115","GEL,MEDIHONEY,TUBE,1.5FL OZ,TW","IE631","L:12","","31815"
"33694","BARRIER,SKIN,ANTIMICROBIAL,WIP","IE631","L:5","","7910"
"33828","BARRIER,WAFER,CONVEX,2.25X1.25","IE631","L:5","","14906"
"33829","POUCH,DRAINABLE,1.25X1.75","IE631","L:10","","18182"
"33830","POUCH,DRAINABLE,1.75X2.25","IE631","L:20","","18183"
"33832","DRESSING,WOUND,HYDROPHILIC,6OZ","IE631","L:1","","1967"
"33835","DRESSING,HYDROCOLLOID,3.5 X 10","IE631","L:4","","422605"
"33860","DRESSING,HYDROCOLLOID,3.5 X 13","IE631","L:5","","412012"
"34115","POUCH,DRAIN,OVAL,CONVEX,NU FLE","IE631","L:10","","407544RC"
"34473","DRESSING,5 X 12.5IN,MEPILEX BO","IE631","L:5","","496605"
"34972","ADHESIVE,RELEASER,STING FREE","IE631","L:12","","420798"
"35035","WIPES,DISPOSABLE,GERMICIDAL,SA","IE631","L:0","","Q55172"
"35108","STRIP,BARRIER,BRAVA,ELASTIC,5","IE631","L:6","","120700"
"35150","PACKING,WOUND,STRIP,1/2IN X 1Y","IE631","L:8","","7832AMD"
"35267","DRESSING,SELF ADAPTIVE,HUMIFIB","IE631","L:10","","AWD-5-1010"
"35486","FLUSH,SALINE,10ML,IN 10ML SYR,","IE631","L:30","","306546"
"35511","JELLY,SURGILUBE,STERILE,5GM","IE631","L:18","","281020545"
"35549","POUCH,OSTOMY,2.75IN,70MM,HIGH","IE631","L:10","","18014"
"35754","POUCH,OSTOMY,DRAIABLE","IE631","L:10","","18006"
"35926","POUCH,UROSTOMY,ONE PIECE,POUCH","IE631","L:10","","3797"
"35976","CUSHION,CHAIR,AIR,BARIATRIC,22","IE631","L:5","","2770-200-000"
"36310","HEMOSTAT,STRT,SATIN,STERILE,DI","IE631","L:2","","66485"
"36315","CURETTE,BRUNS,BONE,OVAL,SIZE 1","IE631","L:10","","67395"
"36316","CURETTE,BRUNS,BONE,OVAL,SIZE 0","IE631","L:15","","67600"
"36317","NIPPER,CUTICLE,4.5IN,DBL SPRIN","IE631","L:3","","SS08-0537 F"
"37317","GAUZE,MESALT,RIBBON,3/4X39","IE631","L:10","","285299"
"37538","SKIN BARRIER","IE631","L:10","","11403"
"37607","SKIN, BARRIER,WITH TAPE","IE631","L:15","","11402"
"37957","APPLICATOR,ULTRAMIST","IE631","L:6","","CP-80040"
"37970","ATOMIZER,NASAL,MAD,INTRANASAL,","IE631","L:20","","MAD300"
"37985","WIPES,CLEANING,GERMICIDAL,HARD","IE631","L:0","","P54072"
"39417","POUCH,OSTOMY,4IN BARRIER","IE631","L:5","","14606"
"39581","MEPILEX,BORDER,SACRUM,16X20CM","IE631","L:25","","282055"
"39961","BARRIER FILM,CAVILION,1.0ML WI","IE631","L:100","","3344"
"40184","BARRIER,OSTOMY,SKIN,PRE-CUT","IE631","L:15","","14804"
"42197","POUCH,UROSTOMY,TWO-PIECE,2.75I","IE631","L:10","","18404"
"42206","POUCH,COLOSTOMY,DRAINABLE,3/8","IE631","L:10","","18665"
"42735","MASK,FACE,PROCEDURE,FULL PLTD,","IE631","L:100","","PPE-M-AS-SUR-S"
"50294","CREAM,SKIN,PHYTOPLEX,12.5% DMT","IE631","L:8","","MSC092562"
"50295","PROTECTOR,HEEL,FOOTCHECK,W WE","IE631","L:3","",""
"50417","BARRIER,SKIN,36X10IN,DRIGO-HP,","IE631","L:0","",""
"50420","WIPES,PERSONAL,SKIN CLEANSING/","IE631","L:5","","MSC092503"
"50930","CLEANSER,WOUND,SPRAY,BOTTLE,8O","IE631","L:5","",""
"59033","DEODORANT,LUBRICATING,ADAPT,8M","IE631","L:50","","78501"
"59211","WOUND,MATRIX,OMEGA 3","IE631","L:5","","50200S01B2D"
"59215","HYPICHLOROUS,WOUND,WASH","IE631","L:10","","6517"
"59597","CUP,SPECIMEN,WHT","IE631","L:6","",""
"59848","SWAB COLLECTION ANALYZER PART","IE631","L:5","",""
"99015","BAG,PATIENT,BELONGING","IE631","L:40","","BIOBAGGY1820"
"214","TAPE,TRANSPORE,1IN,HYPO","IE655","L:6","","1527-1"
"434","GAUZE,OR,4X4,STERILE","IE655","L:20","","8045"
"564","GAUZE,RAYTEC,4X8,STERILE","IE655","L:2","","7318"
"571","GAUZE,BANDAGE,KERLIX,4.5IN","IE655","L:12","","NON25865"
"1520","BANDAGE,GAUZE,2 X 75IN,STER,1-","IE655","L:12","","2231"
"1583","GEL,ULTRASONIC,TRANSMISSION","IE655","L:3","","8-Mar"
"1601","SURGIFIX,SZ#3","IE655","L:0","","MT03"
"1603","BANDAGE,TUBULAR,NYLON,SZ 6,25Y","IE655","L:0","","MT06"
"1607","SPONGE,GAUZE,4 X 4IN,NON-STER","IE655","L:2","","2556G"
"1622","UNDERPAD,BED,30X36IN,TRANQUILI","IE655","L:20","","2710"
"1624","ADAPTER,OXYGEN,W/NUT,STANDARD","IE655","L:15","","2555"
"1771","BANDAGE,COBAN,4IN,NONSTERILE","IE655","L:2","","2084"
"1776","PACK,HOT/COLD","IE655","L:10","","33500"
"1787","BLADE,CLIPPER,SURGICAL,STERILE","IE655","L:10","","9660"
"1826","NEEDLE,HYPO,25GA X 1 1/2IN,REG","IE655","L:20","","305127"
"1827","NEEDLE,27GA X 1.5IN,DISPOSABLE","IE655","L:20","","1188827112"
"1833","NEEDLE,SPINAL,18GAX3 1/2IN","IE655","L:20","","405184"
"1834","NEEDLE,SPINAL,QUINCKE,20GA,L 3","IE655","L:2","","405182"
"1849","NEEDLE,SPINIAL,22GA X 3.5IN","IE655","L:10","","405181"
"1850","NEEDLE, SPINAL, 25 GA X 3.5 IN","IE655","L:2","","405180"
"1906","DRESSING,3X16IN,NONADHERENT,ST","IE655","L:10","","CUR250317"
"1917","TUBE,DRAINAGE,LEG BAG","IE655","L:4","","538"
"1919","PLUG,CATHETER","IE655","L:4","","1600"
"1954","SCALPEL,#10,W/HANDLE,DISPOSABL","IE655","L:10","","372610"
"1955","SCALPEL,#11,W/HANDLE,DISPOSABL","IE655","L:10","","MDS15311"
"1956","SCALPEL,SURG,SZ #15,BARD PARKE","IE655","L:10","","372615"
"1975","WOUND,CLOSURE STRIP,1/4IN X 4I","IE655","L:10","","R1546"
"1984","DRESSING,TELFA,NONADHER,3X8,ST","IE655","L:10","","1238"
"1988","GAUZE,IODOFORM,1/2IN","IE655","L:3","","7832"
"1994","SYRINGE,10CC,L/L","IE655","L:25","","302995"
"2032","WOUND,CLOSURE STRIP,1/2IN X 4I","IE655","L:5","","R1547"
"2041","DRESSING,TRANSPARENT,4X4 3/4IN","IE655","L:6","","1616"
"2042","DRESSING,TRANSPARENT,10INX5 1/","IE655","L:10","","1628"
"2043","DRESSING,IMPREGNATED,3 X 3IN,O","IE655","L:10","","6112"
"2053","BAG,LEG,URINE,32OZ","IE655","L:13","","DYND12578"
"3769","BANDAGE,COBAN,2IN,NONSTERILE","IE655","L:10","","2082"
"5038","SOLUTION,INTRAVENOUS,IN 0.9% N","IE655","L:28","","2B1323Q"
"5047","SOLUTION,IRRIGATION,STER WATER","IE655","L:16","","2F7113"
"5960","SPONGE,GAUZE,2 X 2IN,STER,8-PL","IE655","L:200","","1806G"
"6291","TAPE,ADHESIVE,CLOTH,1IN","IE655","L:6","","1538-1"
"6357","TISSUE,FACIAL,2-PLY,8 X 8IN,10","IE655","L:9","","48550"
"6555","BAG,TRANSPORT,SPECIMEN,BIOHAZA","IE655","L:100","","AR69P"
"9057","BATTERY,AA,NONRECHARGEABLE,ALK","IE655","L:4","","PC1500"
"9059","CATHETER,EXT,SIL,MED","IE655","L:6","","33102"
"9061","CATHETER,EXT,SIL,LG","IE655","L:3","","36104"
"9295","PAD,ALCOHOL,70% ISOPROPYL","IE655","L:600","","6818"
"9296","BANDAID,ADHESIVE,PLASTIC,STRIP","IE655","L:200","","44101"
"9301","SPONGE,GAUZE,4 X 4IN,100% COTT","IE655","L:100","","3033G"
"9305","DRESSING,GEN USE,ABD PAD,8 X 1","IE655","L:10","","9194A"
"9309","BAG,PAPER,GROCERY,# 25","IE655","L:12","","NONBPB25H"
"9311","BASIN,EMESIS,DISP,PLASTIC","IE655","L:10","","DYND80327N"
"9313","CUP,STYROFOAM,6OZ,DISP","IE655","L:4","","6J6"
"9427","SYRINGE,3CC,L/L","IE655","L:25","","1180300777"
"9434","SYRINGE,30CC,L/L","IE655","L:16","","8881535762"
"9435","SYRINGE,60CC,L/L","IE655","L:12","","8881560125"
"9436","SYRINGE,60CC,CATH TIP","IE655","L:8","","309620"
"9625","TOWEL,SURGICAL,BARRIER,PACK","IE655","L:30","","3520"
"9630","BAG,PAPER,KRAFT,10.75X5.25","IE655","L:25","","NONBPB5"
"9744","PAPER,EXAM,TABLE,18IN X 150FT,","IE655","L:6","","3-06-0002"
"10931","TAPE,ADHESIVE,PAPER,1I,HYPO","IE655","L:6","","1530-1"
"10932","TAPE,ADHESIVE,PAPER,2IN","IE655","L:8","","1530-2"
"10934","SNGE,5ML,LUER LOCK","IE655","L:25","","309646"
"10936","SYRINGE,W/O NEEDLE,20ML,LL TIP","IE655","L:20","","1182000777"
"12730","BANDAGE,COBAN,1IN,NONSTERILE","IE655","L:20","","CAH15LF"
"13394","SLING,ARM,ENVELOPE,LG,SYNTHETI","IE655","L:0","","TX9902-05"
"14169","IMMOBILIZER,KNEE,UNIV,19IN,MED","IE655","L:1","","79-96019"
"16466","STRAP,CATH,LEG,FABRIC,VELCRO C","IE655","L:8","","316"
"17597","ELECTRODE,EKG,RESTING,CONDUCTI","IE655","L:10","","31433538"
"18141","DRESSING,GEN USE,ISLAND,4 X 4I","IE655","L:5","","7550"
"18173","BANDAGE,ELASTIC,6IN X 5YD,LF","IE655","L:20","","DYNJ05156LF"
"18274","REMOVER,ADHESIVE,WIPE","IE655","L:50","","30039"
"19113","SCRUB,PREP,4% CHG,TOPICAL,4OZ","IE655","L:8","","MDS098710"
"19551","BANDAGE,ELASTIC,SAFEWRAP,LF,4I","IE655","L:8","","MDS087004LF"
"19677","CATHETER,IV,SAFETY,20GAX1.25IN","IE655","L:0","","3066"
"19678","CATHETER,IV,SAFETY,22GAX1IN","IE655","L:0","","306001"
"19973","PIN,ADAPTER,ACCESS VIAL,2202E","IE655","L:10","","2202E"
"20074","CAP,ALARIS","IE655","L:30","","70804"
"20557","WIPES,CLEANING,GERMICIDAL,HARD","IE655","L:0","","P13872"
"20621","WIPES, PDI EASY SCREEN","IE655","L:0","","P03672"
"22138","NEEDLE,SAFET,18GAX1.5IN,1M","IE655","L:30","","8881850815"
"22139","NEEDLE,SAFETY,22GAX1.5,1M","IE655","L:20","","8881850215"
"22140","NEEDLE,SAFETY,25GAX5/8IN","IE655","L:20","","8881850558"
"22141","NEEDLE,SAFETY,23GAX1IN","IE655","L:50","","8881850310"
"22288","TAPE,MEDICAL,SOFT CLOTH,2IN","IE655","L:6","","2862"
"22289","TAPE,MEDICAL,SOFT CLOTH,4IN","IE655","L:4","","2864"
"22290","TAPE,MEDICAL,SOFT CLOTH,6IN","IE655","L:3","","2866"
"22323","ARMBAND, ID, PATIENT, GREEN","IE655","L:10","","140-15-PDM"
"22350","SOAP, SURGICAL HAND PREP, AVAG","IE655","L:3","","9200"
"22351","SYRINGE,TB,1CC,28GAX1/2IN,SAFE","IE655","L:8","","8881882812"
"22352","SYRINGE,INSULIN,1CC,29GAX1/2IN","IE655","L:8","","8881892910"
"22546","ADHESIVE,SKIN CLOSURE,TOPICAL","IE655","L:6","","LX6"
"22843","BAG,DRAINAGE,2000ML","IE655","L:0","","154002"
"23157","STRIP,GLUCOSE TESTING,ACCU-CHE","IE655","L:2","","5942861001"
"23695","SCISSORS-SHARP/BLUNT-5.5-STERI","IE655","L:5","","65945"
"24044","CASTING TAPE, 4 YD LONG X 3 IN","IE655","L:10","","82003"
"24811","COVER,THERMOMETER PROBE,SURETE","IE655","L:10","","05031-750"
"26930","MASK,FACE,PROCEDURE,FULL PLTD,","IE655","L:100","","15111"
"27022","DRESSING,HYDROCOLLOID,4 X 5IN,","IE655","L:3","","422299"
"27274","DRESSING,HYDROCOLLOID,4.34SQ I","IE655","L:10","","MA028"
"27870","MEPILEX,BORDER LITE,2X5","IE655","L:5","","581100"
"27871","MEPILEX,BORDER LITE,3X3","IE655","L:10","","595200"
"28018","DEVICE,CATH SECUREMENT,FOLE,ST","IE655","L:15","","FOL0102"
"28481","TOWEL,RAYPAQUE,SAFETY,STERILE,","IE655","L:2","","AVID262"
"29255","RULER,MEASURING,WOUND,PAPER,DI","IE655","L:2","","MSCEDURULER"
"29363","DRESSING,NON-ADHE,4X4,ANTIMCRO","IE655","L:10","","MSC9614EP"
"29493","SOLUTION,IRRIGATION,STER WATER","IE655","L:15","","2F7112"
"29637","DRESSING,TRANSPARENT,2 3/8 X 4","IE655","L:30","","3584"
"29885","CHLORAPREP,ONE STEP,3ML","IE655","L:75","","930400"
"30039","DRESSING,XEROFORM,PETROLATUM,F","IE655","L:6","","8884433605"
"30058","SWAB,POVIDONE IODINE,10% W/V","IE655","L:20","","S41350"
"30262","SOLUTION,POVIDONE IODINE,10%,1","IE655","L:20","","DYNDA2232A"
"30263","SOLUTION,HYDROGENPEROXIDE,3%,1","IE655","L:20","","APLP1012BK"
"30264","ALCOHOL,ISOPROPYL,70%,4OZ BOTT","IE655","L:5","","I0020"
"30814","SPONGE,ENZYMATIC,DUAL,RED","IE655","L:0","","345OSP"
"30816","KIT,ENDOSCOPY,BEDSIDE,SLR PHAS","IE655","L:0","","345EPO"
"31670","FOAM,CLEANSING,ALOE VESTA,8OZ","IE655","L:4","","MSC092104"
"32186","DRESSING,FOAM,SILICONE,4X8INCH","IE655","L:10","","496405"
"32527","GLOVE,EXAM,NITRILE,SM,LTX-FREE","IE655","L:4","","72-50901"
"32528","GLOVE,EXAM,NITRILE,MED,LTX-FRE","IE655","L:4","","72-50902"
"32529","GLOVE,EXAM,NITRILE,LG,LTX-FREE","IE655","L:4","","72-50903"
"32530","GLOVE,EXAM,NITRILE,XL,LTX-FREE","IE655","L:4","","72-50904"
"32556","SPLINT,FINGER,COT,MD","IE655","L:0","","ORT32400M"
"33748","TOWEL,PATIENT,2PLY,POLY,19X13,","IE655","L:250","","1126749"
"34070","GUIDEWIRE,ZIPWIRE,STRAIGHT,REG","IE655","L:10","","M0066802051"
"35035","WIPES,DISPOSABLE,GERMICIDAL,SA","IE655","L:0","","Q55172"
"35486","FLUSH,SALINE,10ML,IN 10ML SYR,","IE655","L:30","","306546"
"35511","JELLY,SURGILUBE,STERILE,5GM","IE655","L:144","","281020545"
"35785","PACK,LUMPNBUMP,CUSTOM SURGICAL","IE655","L:3","","VAPX033-02"
"37636","NEEDLE,HYPO,20GAX1.5IN,SAFETY,","IE655","L:20","","8881850015"
"37985","WIPES,CLEANING,GERMICIDAL,HARD","IE655","L:0","","P54072"
"38084","HOLDER,NEEDLE,WEBSTER,STERILE,","IE655","L:10","","67120"
"38875","TRAY,CATHETER,ITNTERMITTENT,14","IE655","L:4","","DYND10402"
"38934","SET,PODIATRY BASIC CARE","IE655","L:6","","BSDP-04UK F"
"39958","DILATOR,SHEATH SET,AMPLATZ,REN","IE655","L:1","","M0062602500"
"40620","SCISSOR,LISTER BANDAGE,18.5CM","IE655","L:10","","SS07-0291 F"
"41341","CONTAINER,URINE COLLECTION,COM","IE655","L:5","","2500SA"
"41528","SOLUTION,IRRIGATION,STERILE WA","IE655","L:20","","RDI30295"
"41595","CANNULA,NASAL,O2,NON-FLARE TIP","IE655","L:6","","1365"
"44476","SPLINT,PRECUT,ORTHOGLASS,3X38I","IE655","L:5","","7296402"
"44714","TEST,COVID19,ANTIGEN,OTC,SELF-","IE655","L:5","","195264"
"50617","SET,IV ADMIN,INF,SMARTSITE,NEE","IE655","L:0","","2420-0007"
"50930","CLEANSER,WOUND,SPRAY,BOTTLE,8O","IE655","L:4","",""
"59197","KLEENSPEC,DISPOSABLE,590 SERIE","IE655","L:6","","59000-LED"
"59597","CUP,SPECIMEN,WHT","IE655","L:40","",""
"59848","SWAB COLLECTION ANALYZER PART","IE655","L:10","",""
"99015","BAG,PATIENT,BELONGING","IE655","L:10","","BIOBAGGY1820"
"180","STRAW,DRINKING,FLEXIBLE","IE659","L:20","","NON02315"
"434","GAUZE,OR,4X4,STERILE","IE659","L:20","","8045"
"445","MOUTHWASH,4OZ,MINT,NON-ALCOHOL","IE659","L:6","","CTR000413"
"468","DIAPER,ADULT,BRIEF,LARGE,TAPE","IE659","L:6","","MSC33505"
"469","DIAPER,ADULT,BRIEF,MED,WHITE,D","IE659","L:6","","60033"
"571","GAUZE,BANDAGE,KERLIX,4.5IN","IE659","L:6","","NON25865"
"1107","BENZOIN,TINCUTRE,2/3CC","IE659","L:4","","C1544"
"1600","SURGIFIX,SZ#2","IE659","L:1","","MT02"
"1601","SURGIFIX,SZ#3","IE659","L:1","","MT03"
"1603","BANDAGE,TUBULAR,NYLON,SZ 6,25Y","IE659","L:3","","MT06"
"1604","SURGIFIX,SZ#8","IE659","L:1","","MT08"
"1622","UNDERPAD,BED,30X36IN,TRANQUILI","IE659","L:10","","2710"
"1789","STAPLER,SKIN,SS,35 WIDE,W/SS S","IE659","L:2","","PXW35"
"1825","KIT,REMOVAL,STAPLE,STERILE,DIS","IE659","L:4","","PSX"
"1826","NEEDLE,HYPO,25GA X 1 1/2IN,REG","IE659","L:20","","305127"
"1827","NEEDLE,27GA X 1.5IN,DISPOSABLE","IE659","L:20","","1188827112"
"1913","GLOVE,BIOGEL,6.5,STERILE","IE659","L:3","","41165"
"1914","GLOVE,NON LATEX BIOGEL,7.5,STE","IE659","L:3","","41175"
"1915","GLOVE,BIOGEL,8,STERILE","IE659","L:8","","41180"
"1954","SCALPEL,#10,W/HANDLE,DISPOSABL","IE659","L:20","","372610"
"1955","SCALPEL,#11,W/HANDLE,DISPOSABL","IE659","L:20","","MDS15311"
"1956","SCALPEL,SURG,SZ #15,BARD PARKE","IE659","L:20","","372615"
"1975","WOUND,CLOSURE STRIP,1/4IN X 4I","IE659","L:4","","R1546"
"1984","DRESSING,TELFA,NONADHER,3X8,ST","IE659","L:10","","1238"
"1986","PACKING,WOUND,PLN,1/2IN X 5YD,","IE659","L:3","","7632"
"1988","GAUZE,IODOFORM,1/2IN","IE659","L:3","","7832"
"1994","SYRINGE,10CC,L/L","IE659","L:5","","302995"
"2032","WOUND,CLOSURE STRIP,1/2IN X 4I","IE659","L:4","","R1547"
"2044","GAUZE,1/2 X 72IN,PETEROLEUM,NO","IE659","L:2","","CUR251272Z"
"2342","SUTURE,NYLON,BLK MONO,SZ 3-0,L","IE659","L:5","","1663H"
"2350","SUTURE,NYLON,PLIABILIZED,BLK M","IE659","L:6","","1667H"
"2351","SUTURE,ETHILON,6-0,697H,P1","IE659","L:6","","697H"
"2353","SUTURE,ETHILON,5 0,698H,P3","IE659","L:12","","698H"
"2530","CAUTERY,LOW TEMP,STERILE","IE659","L:0","","ESCT000"
"2800","GLOVE,BIOGEL,8.5,STERILE","IE659","L:5","","41185"
"3769","BANDAGE,COBAN,2IN,NONSTERILE","IE659","L:6","","2082"
"5045","SOLUTION,IRRIGATION,0.9% NACL,","IE659","L:4","","2F7123"
"5047","SOLUTION,IRRIGATION,STER WATER","IE659","L:4","","2F7113"
"5410","BRUSH,SURGICAL,DRY,W/O DETERGE","IE659","L:4","","371603"
"5421","SUTURE,PROLENE,5-0,8698G,P3","IE659","L:12","","8698G"
"5595","GLOVE,BIOGEL,7,STERILE","IE659","L:3","","41170"
"5645","IV,STAT,2","IE659","L:10","","MFS132"
"5851","SUTURE,PROLENE,6 0,P1,8697G","IE659","L:12","","8697G"
"5960","SPONGE,GAUZE,2 X 2IN,STER,8-PL","IE659","L:50","","1806G"
"6357","TISSUE,FACIAL,2-PLY,8 X 8IN,10","IE659","L:8","","48550"
"9057","BATTERY,AA,NONRECHARGEABLE,ALK","IE659","L:0","","PC1500"
"9295","PAD,ALCOHOL,70% ISOPROPYL","IE659","L:200","","6818"
"9296","BANDAID,ADHESIVE,PLASTIC,STRIP","IE659","L:50","","44101"
"9301","SPONGE,GAUZE,4 X 4IN,100% COTT","IE659","L:16","","3033G"
"9311","BASIN,EMESIS,DISP,PLASTIC","IE659","L:20","","DYND80327N"
"9313","CUP,STYROFOAM,6OZ,DISP","IE659","L:4","","6J6"
"9415","URINAL,MALE,PLSTC,1000ML,W/LID","IE659","L:6","","DYND80235S"
"9420","TRAY,IRRIGATION","IE659","L:3","","68800"
"9427","SYRINGE,3CC,L/L","IE659","L:15","","1180300777"
"9627","KIT,REMOVAL,SUTURE,STERILE,DIS","IE659","L:5","","Jun-00"
"9720","RAZOR,SURGICAL,DBLE EDGED","IE659","L:6","","BRN1312"
"10934","SNGE,5ML,LUER LOCK","IE659","L:10","","309646"
"12075","ADAPTER,MULTIPLE,SAMPLE","IE659","L:24","","367290"
"12562","TOOTHBRUSH,STRAIGHT,ADULT SIZE","IE659","L:6","","55501"
"13310","KIT,IV START,STERILE,L/F,CHLOR","IE659","L:12","","74464"
"13392","SLING,ARM,ENVELOPE,MED,SYNTHET","IE659","L:2","","TX9902-04"
"13394","SLING,ARM,ENVELOPE,LG,SYNTHETI","IE659","L:2","","TX9902-05"
"13395","SLING,ARM,ENVELOPE,XL,SYNTHETI","IE659","L:2","","79-84008"
"13492","COMB,HAIR,PLASTIC,5IN","IE659","L:3","","MDS137007Z"
"14313","SPLINT, DELTA, LITE, 4 X 30 IN","IE659","L:1","","OG-430PC"
"14314","SPLINT, DELTA, LITE, 5X30","IE659","L:1","","OG-5PC"
"15183","SUTURE,SILK,SZ 0, SH NEEDLE","IE659","L:6","","K834H"
"15218","SUTURE,PROLENE,4 0,8682G,PS2","IE659","L:6","","8682G"
"15298","SUTURE,VICRYL,UND BRD,SZ 5-0,L","IE659","L:6","","J493G"
"17193","SPLINT, DELTA, LITE, 5 X 45 IN","IE659","L:2","","OG-545PC"
"18172","BANDAGE,ELASTIC,4IN X 5YD,LTX-","IE659","L:6","","DYNJ05154LF"
"18173","BANDAGE,ELASTIC,6IN X 5YD,LF","IE659","L:6","","DYNJ05156LF"
"18932","DRESSING,TRANSPARENT,2 3/8INX2","IE659","L:6","","1624W"
"19113","SCRUB,PREP,4% CHG,TOPICAL,4OZ","IE659","L:3","","MDS098710"
"19550","BANDAGE,ELASTIC,SAFEWRAP,3X5YD","IE659","L:4","","MDS087003LFG"
"19552","BANDAGE,ELASTIC,COMPRESSION,6I","IE659","L:6","","MDS087006LFG"
"19676","CATHETER,IV,SAFETY,18GA X1.25I","IE659","L:10","","3065"
"19677","CATHETER,IV,SAFETY,20GAX1.25IN","IE659","L:20","","3066"
"19678","CATHETER,IV,SAFETY,22GAX1IN","IE659","L:10","","306001"
"19967","SET,IV ADMIN,PRIMARY,L 105IN,2","IE659","L:4","","42493E"
"20047","SET,EXTENSION,NEEDLELESS,VALVE","IE659","L:5","","MC33150"
"22138","NEEDLE,SAFET,18GAX1.5IN,1M","IE659","L:5","","8881850815"
"22139","NEEDLE,SAFETY,22GAX1.5,1M","IE659","L:10","","8881850215"
"22140","NEEDLE,SAFETY,25GAX5/8IN","IE659","L:10","","8881850558"
"22141","NEEDLE,SAFETY,23GAX1IN","IE659","L:20","","8881850310"
"22288","TAPE,MEDICAL,SOFT CLOTH,2IN","IE659","L:4","","2862"
"22289","TAPE,MEDICAL,SOFT CLOTH,4IN","IE659","L:4","","2864"
"22546","ADHESIVE,SKIN CLOSURE,TOPICAL","IE659","L:6","","LX6"
"22755","DIAPER,ADULT,XLARGE","IE659","L:6","","66035"
"22841","KIT,CATHETER,16FR,FOLEY,DRAIN","IE659","L:1","","PP16SD"
"23413","CABLE,TIE,11.8IN,BLACK","IE659","L:2","","36J164"
"23695","SCISSORS-SHARP/BLUNT-5.5-STERI","IE659","L:6","","65945"
"23853","SUTURE,NYLON,5 O, PS 2 NEEDLE","IE659","L:12","","1666G"
"24811","COVER,THERMOMETER PROBE,SURETE","IE659","L:10","","05031-750"
"27022","DRESSING,HYDROCOLLOID,4 X 5IN,","IE659","L:40","","422299"
"27942","SUTURE,VICRYL PLUS,UND BRD,SZ","IE659","L:6","","VCP503G"
"28018","DEVICE,CATH SECUREMENT,FOLE,ST","IE659","L:6","","FOL0102"
"28628","WICK,EAR,9 X 15MM,MEROCEL POPE","IE659","L:50","","400141"
"29168","SUTURE,VICRYL PLUS,UND,SZ 3-0,","IE659","L:12","","VCP683G"
"29371","BANDAGE,GAUZE,3IN X 75IN,STER,","IE659","L:6","","Nov-93"
"29493","SOLUTION,IRRIGATION,STER WATER","IE659","L:6","","2F7112"
"29610","CHLORAPREP,10.5ML,HI LITE,ORAN","IE659","L:6","","930715"
"29852","CURETTES,FLEXLOOP,WHITE","IE659","L:10","","9555"
"29885","CHLORAPREP,ONE STEP,3ML","IE659","L:15","","930400"
"29914","EPISTAXIS,5.5CM,UNILATERAL,INF","IE659","L:0","","RR 551"
"29919","EPISTAXIS,ADULT,5.5CM,BILATERA","IE659","L:3","","RR555"
"30039","DRESSING,XEROFORM,PETROLATUM,F","IE659","L:6","","8884433605"
"30058","SWAB,POVIDONE IODINE,10% W/V","IE659","L:5","","S41350"
"30062","WASH,SHAMPOO,BODY,4OZ","IE659","L:4","","MSC092SBW04"
"30172","TOOTHPASTE,TUBE,.85 OZ","IE659","L:6","","9782"
"30263","SOLUTION,HYDROGENPEROXIDE,3%,1","IE659","L:6","","APLP1012BK"
"30604","CIRCUIT,BREATHING,PEEPLESS,ADU","IE659","L:2","","29657-001"
"31401","TRAY,LACERATION,SNAGFREE","IE659","L:10","","May-00"
"31667","DRESSING,WOUND,FIBER,STRENGTHE","IE659","L:4","","422300"
"31670","FOAM,CLEANSING,ALOE VESTA,8OZ","IE659","L:4","","MSC092104"
"32527","GLOVE,EXAM,NITRILE,SM,LTX-FREE","IE659","L:4","","72-50901"
"32528","GLOVE,EXAM,NITRILE,MED,LTX-FRE","IE659","L:4","","72-50902"
"32529","GLOVE,EXAM,NITRILE,LG,LTX-FREE","IE659","L:4","","72-50903"
"32530","GLOVE,EXAM,NITRILE,XL,LTX-FREE","IE659","L:4","","72-50904"
"32553","SPLINT,FINGER,CURVED,MD","IE659","L:6","","ORT32300M"
"32554","SPLINT,FINGER,CURVED,LG","IE659","L:12","","ORT32300L"
"32556","SPLINT,FINGER,COT,MD","IE659","L:12","","ORT32400M"
"32558","SPLINT,FINGER,FROG,MD","IE659","L:12","","ORT32200M"
"32559","SPLINT,FINGER,FROG,LG","IE659","L:12","","ORT32200L"
"34125","SPLINT,FINGER,STRIP,1IN X 9IN","IE659","L:2","","79-72168"
"34975","SUTURE,PROLENE,MONO,4-0,P-3","IE659","L:6","","8699G"
"35486","FLUSH,SALINE,10ML,IN 10ML SYR,","IE659","L:12","","306546"
"35655","SPLITTER,TABLET,CUT IN HALF,PL","IE659","L:5","","67015BC1"
"35658","PILL CRUSHER","IE659","L:5","","71091"
"35846","FOOTWEAR,PATIENT,YELLOW,XL","IE659","L:10","","68125-YXLA"
"35847","FOOTWEAR,PATIENT,3XL","IE659","L:10","","68125-PUR"
"36310","HEMOSTAT,STRT,SATIN,STERILE,DI","IE659","L:4","","66485"
"37163","BASIN,WASH,PLASTIC,DISPOSABLE,","IE659","L:8","","DYND80347"
"38084","HOLDER,NEEDLE,WEBSTER,STERILE,","IE659","L:10","","67120"
"38085","SCISSORS,IRIS,ST,STERILE KIT,S","IE659","L:4","","66155"
"38892","MOSQUITO,CURVED,SI GLE-USE,5IN","IE659","L:10","","99-10-1730"
"38894","FORCEPS,DRESSING,SINGLE-USE,6I","IE659","L:4","","MDS1010415"
"38999","COVER,PROBE,DISPOSABLE,THERMOS","IE659","L:4","","06000-005"
"40808","SEALS,PULL,TIGHT,BLUE,12IN","IE659","L:50","","SE1006"
"40909","DEODORANT,ROLL ON,1.5 OZ","IE659","L:6","","MSC095010"
"41595","CANNULA,NASAL,O2,NON-FLARE TIP","IE659","L:4","","1365"
"50420","WIPES,PERSONAL,SKIN CLEANSING/","IE659","L:10","","MSC092503"
"50617","SET,IV ADMIN,INF,SMARTSITE,NEE","IE659","L:0","","2420-0007"
"59597","CUP,SPECIMEN,WHT","IE659","L:12","",""
"59848","SWAB COLLECTION ANALYZER PART","IE659","L:10","",""
"96017","FORCEP,KELLY,CVD,5.5IN,DISP","IE659","L:4","","SS09-0627 F"
"129613","CANNULA,BLUNT,PLASTIC","IE659","L:20","","8881540111"
"79","SET,IRRIGATION,UROLOGIC,Y-TYPE","IE662","L:0","test2","2C4041"
"439","SOLUTION,POVIDONE-IODINE 10%,T","IE662","L:6","","MDS093944"
"449","KIT,SHAVE PREP,BASIN,PVP SCRUB","IE662","L:6","","DYND70661"
"587","SET,IRRIGATION,CYSTO,ROBERTS C","IE662","L:20","","2C4040"
"1583","GEL,ULTRASONIC,TRANSMISSION","IE662","L:3","","8-Mar"
"1608","STRAINER,CALCULI","IE662","L:4","","2110SA"
"1610","SUPPORT,ATHLETIC,ADULT,LG","IE662","L:6","","0910-03"
"1611","SUPPORT,ATHLETIC,ADULT,XL","IE662","L:6","","91004"
"1613","CLAMP,INCONTIENCE,CUNNINGHAM","IE662","L:6","","4053"
"1825","KIT,REMOVAL,STAPLE,STERILE,DIS","IE662","L:4","","PSX"
"1912","GLOVE,SURG,NAT RUBBER,SZ 6,POW","IE662","L:10","","41160"
"1913","GLOVE,BIOGEL,6.5,STERILE","IE662","L:20","","41165"
"1914","GLOVE,NON LATEX BIOGEL,7.5,STE","IE662","L:20","","41175"
"1915","GLOVE,BIOGEL,8,STERILE","IE662","L:40","","41180"
"1917","TUBE,DRAINAGE,LEG BAG","IE662","L:5","","538"
"1919","PLUG,CATHETER","IE662","L:5","","1600"
"1990","CATHETER,FOLEY,14FR,5CC","IE662","L:6","","0165L14"
"2049","CATHETER,FOLEY,16FR,30CC,2/W","IE662","L:2","","403716"
"2053","BAG,LEG,URINE,32OZ","IE662","L:0","","DYND12578"
"2189","WIPES,PERSONAL,TOWELETTE,PRE-M","IE662","L:100","","MDS094181"
"2342","SUTURE,NYLON,BLK MONO,SZ 3-0,L","IE662","L:12","","1663H"
"2517","CATH,URETHRAL,FOLEY,20FR,2-WAY","IE662","L:3","","33620"
"2530","CAUTERY,LOW TEMP,STERILE","IE662","L:5","","ESCT000"
"2547","CATH,URETHRAL,TIEMANN,14FR,COU","IE662","L:20","","10114"
"2550","CATHETER,COUDE,TIEMANN,16FR","IE662","L:6","","10116"
"2553","CATH,URETHRAL,TIEMANN,18FR,COU","IE662","L:4","","10118"
"2575","CATH,URETHRAL,FOLEY,16FR,2-WAY","IE662","L:5","","33616"
"2578","CATH,URETHRAL,FOLEY,18FR,2-WAY","IE662","L:3","","33618"
"2621","CATHETER,3WAY,22FR,30CC","IE662","L:3","","0167L22"
"2622","CATHETER,3WAY,24FR,30CC","IE662","L:5","","0167L24"
"2627","CATHETER,COUDE,CARSON,12FR,5CC","IE662","L:2","","0168L12"
"2629","CATHETER,COUDE,CARSON,14FR,5CC","IE662","L:3","","0168L14"
"2630","CATH,URETHRAL,FOLEY,16FR,2-WAY","IE662","L:8","","0168L16"
"2631","CATHETER,COUDE,CARSON,18FR,5CC","IE662","L:5","","0168L18"
"2632","CATH,URETHRAL,FOLEY,20FR,2-WAY","IE662","L:6","","0168L20"
"2633","CATHETER,FOLEY,22FR,5CC,COUDE,","IE662","L:4","","0168L22"
"2638","CATH,FOLEY,24FR,30CC,3WAY,HEMA","IE662","L:5","","2557H24"
"2644","CATHETER,ROBINSON,12FR","IE662","L:3","","56112"
"2666","CATH,URETHRAL,FOLEY,2-WAY,20FR","IE662","L:5","","0196L20"
"2800","GLOVE,BIOGEL,8.5,STERILE","IE662","L:20","","41185"
"5416","SUTURE, PROLENE, 6.0, P3 NEEDL","IE662","L:12","","8695G"
"5595","GLOVE,BIOGEL,7,STERILE","IE662","L:40","","41170"
"8696","CATH,URETHRAL,FOLEY,2-WAY,16FR","IE662","L:6","","0196L16"
"8772","ELECTRODE,PATIENT,RETURN,VALLE","IE662","L:6","","E7507"
"9061","CATHETER,EXT,SIL,LG","IE662","L:4","","36104"
"9307","CATH,URETHRAL,FOLEY,2-WAY,16FR","IE662","L:3","","DYND11756"
"9334","PACK,DRAPE,SHEET,STERILE,L/F,#","IE662","L:9","","29350"
"9415","URINAL,MALE,PLSTC,1000ML,W/LID","IE662","L:12","","DYND80235S"
"9418","CATH,URETHRAL,FOLEY,24FR,2-WAY","IE662","L:8","","0165L24"
"9419","TRAY,CATHETERIZATION,FOLEY","IE662","L:10","","5029"
"9420","TRAY,IRRIGATION","IE662","L:12","","68800"
"9627","KIT,REMOVAL,SUTURE,STERILE,DIS","IE662","L:4","","Jun-00"
"12205","PAD,SANITARY,MATERNITY,3 X 11I","IE662","L:2","","1380A"
"12730","BANDAGE,COBAN,1IN,NONSTERILE","IE662","L:0","","CAH15LF"
"14602","CATHETER FOLEY COUDE 24FR 5CC","IE662","L:4","","0168L24"
"18589","TRAY,UROLOGICAL,URETHRA DILATI","IE662","L:3","","123400"
"18937","SUTURE, CHROMIC, SIZE 3-0, SH","IE662","L:36","","G122H"
"18938","SUTURE,CHROMIC,4-0,U203H,RB1","IE662","L:36","","U203H"
"19550","BANDAGE,ELASTIC,SAFEWRAP,3X5YD","IE662","L:5","","MDS087003LFG"
"19564","CATHETER,FOLEY,SILICONE,10FR,3","IE662","L:4","","DYND11554"
"19565","CATHETER,SILICONE,14FR,10CC,FO","IE662","L:3","","DYND11501"
"19566","CATHETER,SILICONE,16FR,5CC","IE662","L:3","","165816"
"19787","BAG,FLUID COLLECTION,600ML,NAV","IE662","L:10","","NDB600"
"20103","CATHETER, SILICONE, 22FR, 5CC","IE662","L:3","","165822"
"20557","WIPES,CLEANING,GERMICIDAL,HARD","IE662","L:0","","P13872"
"20621","WIPES, PDI EASY SCREEN","IE662","L:0","","P03672"
"20943","GOWN,ISOLATION,DISPOSABLE,FULL","IE662","L:20","","A69961-C"
"22138","NEEDLE,SAFET,18GAX1.5IN,1M","IE662","L:10","","8881850815"
"22351","SYRINGE,TB,1CC,28GAX1/2IN,SAFE","IE662","L:20","","8881882812"
"22755","DIAPER,ADULT,XLARGE","IE662","L:10","","66035"
"22843","BAG,DRAINAGE,2000ML","IE662","L:8","","154002"
"23099","NAV,URO","IE662","L:2","","784014-FCS0055"
"24041","TUBING,UROLOGIC IRRIGATION,PUM","IE662","L:20","","TUB5002"
"24042","PATCH,EMG,GEL","IE662","L:30","","ELE7001"
"24311","CATHETER, SILASTIC, 14FR, 5CC,","IE662","L:3","","33614"
"24313","CATH,URETHRAL,FOLEY,24FR,2-WAY","IE662","L:3","","33624"
"25485","NEEDLE, DISPOSABLE SKINNY 22 G","IE662","L:30","","G15290"
"26661","CATHETER,SILICONE,18FR,5CC,FOL","IE662","L:3","","165818"
"26662","CATH,URETHRAL,FOLEY,20FR,2-WAY","IE662","L:3","","165820"
"27104","PAPER,EKG,FOR ZOLL M SERIES,FA","IE662","L:3","","8000-000877-01"
"27252","CATH,PRESSURE SENSING,BLADDER,","IE662","L:5","","CAT895"
"27253","CATH,PRESSURE SENSING,ABD,T-DO","IE662","L:10","","TDOC7FA"
"27936","SUTURE,BRAIDED VICRYL,4-0,18IN","IE662","L:12","","J496H"
"27967","SUTURE,3/0 VICRYL PLUS,SH,VCP4","IE662","L:12","","VCP416H"
"28037","GUIDEWIRE,STRAIGHT,0.35I  X 15","IE662","L:5","","810135150"
"29451","VIAL,PREFILLED,BUFFERED,FORMAL","IE662","L:4","","NB0507"
"29611","CHLORAPREP,26ML,HI LITE,ORANGE","IE662","L:0","","930815"
"29704","NEEDLE,INSULATED BOVIE TIP","IE662","L:0","","138105"
"29885","CHLORAPREP,ONE STEP,3ML","IE662","L:0","","930400"
"30009","FORCEP,BIOPSY,ALLIGATOR JAW,2.","IE662","L:20","","FB-211K.A"
"30624","SHEATH,TRANSDUCER COVER,PLASTI","IE662","L:24","","610-836"
"30809","CATHETER,URETHRAL,FOLEY,2WAY,1","IE662","L:5","","0196L18"
"30810","CATHETER,URETHRAL,FOLEY,2WAY,2","IE662","L:5","","0196L22"
"30814","SPONGE,ENZYMATIC,DUAL,RED","IE662","L:12","","345OSP"
"30816","KIT,ENDOSCOPY,BEDSIDE,SLR PHAS","IE662","L:20","","345EPO"
"32277","STAYFIX,SMALL,5FR-14FR","IE662","L:25","","680ME"
"32679","CREAM,SKIN REPAIR,REMEDY,4OZ","IE662","L:4","","MSC0924004"
"32963","ADAPTER,UROLOK","IE662","L:20","","M0067301401"
"34070","GUIDEWIRE,ZIPWIRE,STRAIGHT,REG","IE662","L:5","","M0066802051"
"35035","WIPES,DISPOSABLE,GERMICIDAL,SA","IE662","L:0","","Q55172"
"35504","INTRODUCER,SUPRAPUBIC,ONE STEP","IE662","L:5","","G26655"
"35511","JELLY,SURGILUBE,STERILE,5GM","IE662","L:144","","281020545"
"35983","CATHETER,COUDE,14FR,LOFRIC,16I","IE662","L:40","","4441440"
"36310","HEMOSTAT,STRT,SATIN,STERILE,DI","IE662","L:10","","66485"
"37179","GUIDE,NEEDLE,ENDOCAVITY,STERIL","IE662","L:6","","742-338"
"37985","WIPES,CLEANING,GERMICIDAL,HARD","IE662","L:0","","P54072"
"38051","PACK,VASECTOM,ISTRUMENT","IE662","L:15","","MNS10500"
"38082","FORCEP,ADSON,STERILE,SINGLE US","IE662","L:10","","SS11-1021 F"
"38085","SCISSORS,IRIS,ST,STERILE KIT,S","IE662","L:10","","66155"
"38812","CATH,URETHRAL,14FR,PVC,HYDROPH","IE662","L:10","","28514"
"38875","TRAY,CATHETER,ITNTERMITTENT,14","IE662","L:4","","DYND10402"
"39074","NEEDLE,BIOPSY,DISPOSABLE","IE662","L:10","","MQ1825"
"39199","CUFF,BP,1 PIECE,ADULT,TUBELESS","IE662","L:10","","SOFT-11"
"40085","ADAPTOR,ENDOSCOPIC VALVE,SURES","IE662","L:5","","SEAL-005"
"40672","SET,LEAD,URGENT,PC","IE662","L:12","","UPC250-12"
"40680","CATHETER,BALOON DILATION,UROMA","IE662","L:3","","M0062251240"
"42148","FORCEP,BIPOLAR ADSON,SERRATED","IE662","L:3","","20-1080I"
"48301","CLNR,INST 13.5OZ,PREKLN,TRNSPT","IE662","L:4","",""
"48665","CLAMP,PENILE,ZIPSER,STERILE,DI","IE662","L:30","","ZC110ST"
"50506","PENCIL,CAUTERY,ROCKER SWITCH,S","IE662","L:10","","703046000"
"59197","KLEENSPEC,DISPOSABLE,590 SERIE","IE662","L:5","","59000-LED"
"59198","KLEENSPEC,DISPOSABLE,MED,590 S","IE662","L:5","","59001-LED"
"59392","PROBE,VAGINAL,CLASSIC,110MM X","IE662","L:2","","PRB450"
"59394","PROBE,CONNECTING TUBE,F/ANAL S","IE662","L:2","","PRB078"
"98006","BATTERY,AAA,NONRECHARGEABLE,AL","IE662","L:12","","PC2400"
"16","CATHETER,THORACIC,32FR,STRAIGH","IE676","L:1","","8888570556"
"45","KIT,HUMIDIFIER,DISP","IE676","L:0","test1","HUD006-40"
"79","SET,IRRIGATION,UROLOGIC,Y-TYPE","IE676","L:4","test2","2C4041"
"81","KIT,SUCTION,18FR CATH,WHISTLE","IE676","L:4","","DYND40974"
"166","CELLULOSE,OXIDIZED,4 X 8IN,ABS","IE676","L:20","","1952S"
"177","TUBING,SUCTION,1/4IN X 12FT","IE676","L:6","","8888301622"
"178","DRAIN,PLUER,EVAC,CHEST","IE676","L:1","","S-1100-08LF"
"180","STRAW,DRINKING,FLEXIBLE","IE676","L:50","","NON02315"
"214","TAPE,TRANSPORE,1IN,HYPO","IE676","L:8","","1527-1"
"215","TAPE,TRANSPORE,3IN","IE676","L:2","","1527-3"
"222","SPIROMETER,INCENTIVE,EXCERCISE","IE676","L:3","","8884719010"
"223","TUBING,CORRUGATED,100FT","IE676","L:1","","1426"
"236","NEBULIZER,MICRO MIST,ADAPTER,H","IE676","L:12","","1884"
"434","GAUZE,OR,4X4,STERILE","IE676","L:20","","8045"
"437","MASK,AEROSOL,DISP","IE676","L:12","","1206"
"446","BAG,DRAINAGE,METER","IE676","L:2","","DYND17403"
"468","DIAPER,ADULT,BRIEF,LARGE,TAPE","IE676","L:4","","MSC33505"
"469","DIAPER,ADULT,BRIEF,MED,WHITE,D","IE676","L:4","","60033"
"570","TRAY,PARACENTESIS,THORA-PARA,8","IE676","L:2","","TPT1000"
"571","GAUZE,BANDAGE,KERLIX,4.5IN","IE676","L:18","","NON25865"
"588","CATH,URETHRAL,ROBINSON-NELATON","IE676","L:3","","8888492041"
"589","KIT,LUMBAR PU CTURE,DIAMOND PT","IE676","L:2","","26-LP1SFDA"
"594","KIT,TRACH,CARE","IE676","L:2","","47890"
"1320","SILVER NITRATE APPLICATORS 6IN","IE676","L:2","",""
"1481","ELECTRODE,EKG,DIAPH,FOAM,WET G","IE676","L:4","","2560"
"1558","VALVE,LOPEZ,ENTERNAL","IE676","L:4","","M9000-T"
"1601","SURGIFIX,SZ#3","IE676","L:2","","MT03"
"1604","SURGIFIX,SZ#8","IE676","L:0","","MT08"
"1622","UNDERPAD,BED,30X36IN,TRANQUILI","IE676","L:30","","2710"
"1624","ADAPTER,OXYGEN,W/NUT,STANDARD","IE676","L:100","","2555"
"1625","MASK,ADULT,PERCENTO","IE676","L:5","","1940"
"1626","CONNECTOR,TUBING,OXYGEN","IE676","L:10","","1811"
"1627","MASK,OXYGEN,NON-REBREATHER,ADU","IE676","L:8","","1060"
"1749","TUBE,ET,MURPHY,SZ 8.0MM,L LONG","IE676","L:4","","18780S"
"1753","STYLET,ET TUBE,14FR,STL","IE676","L:1","","85865"
"1762","AIRWA,ASAL,#8.0,34FR","IE676","L:2","","340080"
"1771","BANDAGE,COBAN,4IN,NONSTERILE","IE676","L:0","","2084"
"1776","PACK,HOT/COLD","IE676","L:2","","33500"
"1787","BLADE,CLIPPER,SURGICAL,STERILE","IE676","L:5","","9660"
"1789","STAPLER,SKIN,SS,35 WIDE,W/SS S","IE676","L:5","","PXW35"
"1825","KIT,REMOVAL,STAPLE,STERILE,DIS","IE676","L:0","","PSX"
"1826","NEEDLE,HYPO,25GA X 1 1/2IN,REG","IE676","L:0","","305127"
"1834","NEEDLE,SPINAL,QUINCKE,20GA,L 3","IE676","L:2","","405182"
"1849","NEEDLE,SPINIAL,22GA X 3.5IN","IE676","L:2","","405181"
"1912","GLOVE,SURG,NAT RUBBER,SZ 6,POW","IE676","L:6","","41160"
"1913","GLOVE,BIOGEL,6.5,STERILE","IE676","L:6","","41165"
"1914","GLOVE,NON LATEX BIOGEL,7.5,STE","IE676","L:6","","41175"
"1915","GLOVE,BIOGEL,8,STERILE","IE676","L:4","","41180"
"1919","PLUG,CATHETER","IE676","L:4","","1600"
"1954","SCALPEL,#10,W/HANDLE,DISPOSABL","IE676","L:9","","372610"
"1955","SCALPEL,#11,W/HANDLE,DISPOSABL","IE676","L:8","","MDS15311"
"1956","SCALPEL,SURG,SZ #15,BARD PARKE","IE676","L:8","","372615"
"1958","KIT,CENTRAL VENOUS CATH,MULTI","IE676","L:2","","ECVC7485"
"1964","AIRWAY,NASAL,#7.0,29FR","IE676","L:2","","340070"
"1972","TUBE,SUCTION,YANKAUER","IE676","L:6","","K86"
"1975","WOUND,CLOSURE STRIP,1/4IN X 4I","IE676","L:6","","R1546"
"1984","DRESSING,TELFA,NONADHER,3X8,ST","IE676","L:20","","1238"
"1986","PACKING,WOUND,PLN,1/2IN X 5YD,","IE676","L:3","","7632"
"1988","GAUZE,IODOFORM,1/2IN","IE676","L:3","","7832"
"1991","CATHETER,FOLEY,20FR,5CC","IE676","L:2","","DYND11760"
"1994","SYRINGE,10CC,L/L","IE676","L:30","","302995"
"2032","WOUND,CLOSURE STRIP,1/2IN X 4I","IE676","L:6","","R1547"
"2041","DRESSING,TRANSPARENT,4X4 3/4IN","IE676","L:20","","1616"
"2042","DRESSING,TRANSPARENT,10INX5 1/","IE676","L:10","","1628"
"2043","DRESSING,IMPREGNATED,3 X 3IN,O","IE676","L:20","","6112"
"2044","GAUZE,1/2 X 72IN,PETEROLEUM,NO","IE676","L:6","","CUR251272Z"
"2053","BAG,LEG,URINE,32OZ","IE676","L:10","","DYND12578"
"2086","AIRWAY,BERMAN,100MM","IE676","L:2","","312100"
"2093","DRAPE,APERUTURE,SMALL","IE676","L:2","","DYNJSD1020"
"2185","TUBE,TRACH,7.0MM,HI/LO","IE676","L:2","","86450"
"2238","MASK,ADULT,TRACH,DISP","IE676","L:4","","1075"
"2242","MASK,OXYGEN,ADULT SZ 6","IE676","L:6","","HUD1930"
"2254","AIRWAY,BERMAN,90MM,MED,ADULT","IE676","L:2","","312090"
"2314","BEDPAN,FRACTURE,PLSTC,REUSABLE","IE676","L:6","","DYNC8522"
"2342","SUTURE,NYLON,BLK MONO,SZ 3-0,L","IE676","L:12","","1663H"
"2350","SUTURE,NYLON,PLIABILIZED,BLK M","IE676","L:12","","1667H"
"2351","SUTURE,ETHILON,6-0,697H,P1","IE676","L:6","","697H"
"2353","SUTURE,ETHILON,5 0,698H,P3","IE676","L:10","","698H"
"2517","CATH,URETHRAL,FOLEY,20FR,2-WAY","IE676","L:3","","33620"
"2575","CATH,URETHRAL,FOLEY,16FR,2-WAY","IE676","L:1","","33616"
"2578","CATH,URETHRAL,FOLEY,18FR,2-WAY","IE676","L:3","","33618"
"2622","CATHETER,3WAY,24FR,30CC","IE676","L:2","","0167L24"
"2630","CATH,URETHRAL,FOLEY,16FR,2-WAY","IE676","L:3","","0168L16"
"2631","CATHETER,COUDE,CARSON,18FR,5CC","IE676","L:3","","0168L18"
"2632","CATH,URETHRAL,FOLEY,20FR,2-WAY","IE676","L:3","","0168L20"
"2645","CATHETER,ROBINSON,16FR","IE676","L:3","","277716"
"2800","GLOVE,BIOGEL,8.5,STERILE","IE676","L:6","","41185"
"3769","BANDAGE,COBAN,2IN,NONSTERILE","IE676","L:20","","2082"
"5010","SOLUTION,INTRAVENOUS,D5W,250ML","IE676","L:8","","2B0062Q"
"5027","SOLUTION,INTRAVENOUS,D5W,100ML","IE676","L:5","","2B0082"
"5028","SOLUTION,INTRAVENOUS,D5W,500ML","IE676","L:5","","2B0063Q"
"5029","SOLUTION,INTRAVENOUS,D5W,1000M","IE676","L:5","","2B0064X"
"5030","SOLUTION,INTRAVENOUS,D5W,IN 0.","IE676","L:2","","2B1064X"
"5033","SOLUTION,INTRAVENOUS,D5W,0.45%","IE676","L:3","","2B1074X"
"5035","SOLUTION,INTRAVENOUS,D10W,1000","IE676","L:5","","2B0164X"
"5038","SOLUTION,INTRAVENOUS,IN 0.9% N","IE676","L:5","","2B1323Q"
"5039","SOLUTION,INTRAVENOUS,IN 0.9% N","IE676","L:42","","2B1324X"
"5041","SOLUTION,INTRAVENOUS,0.45% NAC","IE676","L:5","","2B1314X"
"5042","SOLUTION,INTRAVENOUS,LR,1000ML","IE676","L:6","","2B2324X"
"5043","SOLUTION,INTRAVENOUS,D5W,LR,10","IE676","L:5","","2B2074X"
"5077","SOLUTION,IRRIGATION,0.9% NACL,","IE676","L:4","","R8206"
"5374","SUTURE,VICRYL,6-0,P-3","IE676","L:0","","J492H"
"5595","GLOVE,BIOGEL,7,STERILE","IE676","L:6","","41170"
"5645","IV,STAT,2","IE676","L:7","","MFS132"
"5960","SPONGE,GAUZE,2 X 2IN,STER,8-PL","IE676","L:200","","1806G"
"5991","BAG,BODY,POLYOLEFIN,40 X 96IN,","IE676","L:0","","55701-00-MBC"
"6291","TAPE,ADHESIVE,CLOTH,1IN","IE676","L:6","","1538-1"
"6292","TAPE,ADHESIVE,CLOTH,2IN","IE676","L:5","","1538-2"
"6555","BAG,TRANSPORT,SPECIMEN,BIOHAZA","IE676","L:200","","AR69P"
"7722","DETECTOR,ADULT,CO2,EASY CAP,II","IE676","L:3","","EASYCAP II 6"
"9059","CATHETER,EXT,SIL,MED","IE676","L:4","","33102"
"9061","CATHETER,EXT,SIL,LG","IE676","L:2","","36104"
"9299","KIT,SUCTION,14FR CATH,WHISTLE","IE676","L:4","","37424"
"9301","SPONGE,GAUZE,4 X 4IN,100% COTT","IE676","L:100","","3033G"
"9305","DRESSING,GEN USE,ABD PAD,8 X 1","IE676","L:12","","9194A"
"9306","SPONGE,GAUZE,DRAIN,4 X 4IN,6-P","IE676","L:25","","7086"
"9307","CATH,URETHRAL,FOLEY,2-WAY,16FR","IE676","L:4","","DYND11756"
"9308","CATHETER,FOLEY,18FR,5CC","IE676","L:2","","DYND11758"
"9312","COTTON BALL,UNCOVERED,DIA 2IN,","IE676","L:3","","MDS21463"
"9313","CUP,STYROFOAM,6OZ,DISP","IE676","L:3","","6J6"
"9333","GOWN,SURG,REINFORCED,LG","IE676","L:2","","9011EL"
"9334","PACK,DRAPE,SHEET,STERILE,L/F,#","IE676","L:2","","29350"
"9414","TUBING,SUCTION,L 6FT,FEMALE CO","IE676","L:6","","8888301515"
"9419","TRAY,CATHETERIZATION,FOLEY","IE676","L:2","","5029"
"9421","SET,IV ADMIN EXT,L 20IN","IE676","L:8","","V5406"
"9427","SYRINGE,3CC,L/L","IE676","L:100","","1180300777"
"9434","SYRINGE,30CC,L/L","IE676","L:10","","8881535762"
"9435","SYRINGE,60CC,L/L","IE676","L:5","","8881560125"
"9436","SYRINGE,60CC,CATH TIP","IE676","L:6","","309620"
"9626","SPECIMEN TRAP,MUCOUS,40CC","IE676","L:3","","DYND44180"
"9627","KIT,REMOVAL,SUTURE,STERILE,DIS","IE676","L:4","","Jun-00"
"9845","CUFF,B/P,ADULT,33,47CM,H/P,LAR","IE676","L:0","","REUSE-12"
"9871","BAG,ENEMA,1500ML,PRE-LUBRICATE","IE676","L:4","","DYND70102"
"10931","TAPE,ADHESIVE,PAPER,1I,HYPO","IE676","L:8","","1530-1"
"10934","SNGE,5ML,LUER LOCK","IE676","L:50","","309646"
"10936","SYRINGE,W/O NEEDLE,20ML,LL TIP","IE676","L:20","","1182000777"
"10938","CUP,MEDICINE,10Z,PLASTIC","IE676","L:2","","DYND80000N"
"11904","SLIG,SWATHE,UNIVERSAL,CUTAWAY","IE676","L:0","","79-84230"
"12112","PLUG,PROTECTION,EAR","IE676","L:0","","MAX-1"
"12478","CUFF,FUSOR,C,500MM","IE676","L:2","","MX4705"
"13310","KIT,IV START,STERILE,L/F,CHLOR","IE676","L:100","","74464"
"14527","TUBE,NG,SALEM SUMP,PVC,16FR","IE676","L:6","","8888266130"
"14528","TUBE,NG,SALEM SUMP,PVC,18FR","IE676","L:6","","8888266148"
"15183","SUTURE,SILK,SZ 0, SH NEEDLE","IE676","L:12","","K834H"
"15218","SUTURE,PROLENE,4 0,8682G,PS2","IE676","L:6","","8682G"
"15299","CATHETER,IV,INTROCAN,SAFETY,18","IE676","L:25","","4252551-020"
"15911","RING,BARRIER,SKIN","IE676","L:0","","7805"
"16101","BARRIER,1.75IN WITH,FLANGE,2.2","IE676","L:0","","14603"
"16466","STRAP,CATH,LEG,FABRIC,VELCRO C","IE676","L:8","","316"
"16927","LANCET,SAFETY,1.8MM,21GA","IE676","L:1","","8290366577"
"17204","BAG,DRAINAGE,4000ML","IE676","L:4","","153509"
"17416","FLOWMETER,PEAK,TRU ZONE","IE676","L:4","","96510"
"17597","ELECTRODE,EKG,RESTING,CONDUCTI","IE676","L:20","","31433538"
"18028","SODIUM CHLORIDE,0.9%,100ML,BG","IE676","L:10","","2B1307"
"18325","SET,IV ADMIN,NITROGLYCERIN,MED","IE676","L:6","","2260-0500"
"18626","CATH,URETHRAL,FOLEY,16FR,100%","IE676","L:10","","DYND110516"
"18677","NEEDLE, 16GA X 1 1/2","IE676","L:10","","305198"
"18816","PAPER,EKG,THERMAL,RED GRID","IE676","L:4","","1272335"
"18932","DRESSING,TRANSPARENT,2 3/8INX2","IE676","L:20","","1624W"
"19144","CATH,URETHRAL,FOLE,3-WAY,22FR,","IE676","L:2","","0119L22"
"19550","BANDAGE,ELASTIC,SAFEWRAP,3X5YD","IE676","L:6","","MDS087003LFG"
"19551","BANDAGE,ELASTIC,SAFEWRAP,LF,4I","IE676","L:6","","MDS087004LF"
"19552","BANDAGE,ELASTIC,COMPRESSION,6I","IE676","L:6","","MDS087006LFG"
"19580","CATH,URETHRAL,FOLEY,22FR,3-WAY","IE676","L:3","","DYND11575"
"19671","CATHETER,IV,SAFETY,16GA X 1.25","IE676","L:10","","3062"
"19677","CATHETER,IV,SAFETY,20GAX1.25IN","IE676","L:50","","3066"
"19678","CATHETER,IV,SAFETY,22GAX1IN","IE676","L:50","","306001"
"19967","SET,IV ADMIN,PRIMARY,L 105IN,2","IE676","L:30","","42493E"
"19968","SET,BLOOD ADMIN,200 MICRON FIL","IE676","L:6","","2477-0007"
"19973","PIN,ADAPTER,ACCESS VIAL,2202E","IE676","L:8","","2202E"
"20047","SET,EXTENSION,NEEDLELESS,VALVE","IE676","L:50","","MC33150"
"20049","EXTENSION SET, LARGE BORE, 7IN","IE676","L:4","","20059E"
"20057","CANNULA,NEEDLELESS,ACCESS VALV","IE676","L:100","","MC100"
"20074","CAP,ALARIS","IE676","L:50","","70804"
"20557","WIPES,CLEANING,GERMICIDAL,HARD","IE676","L:0","","P13872"
"20621","WIPES, PDI EASY SCREEN","IE676","L:0","","P03672"
"20630","TUBE,8ML,CONICAL,16X100,UA,W/P","IE676","L:0","","364992"
"22138","NEEDLE,SAFET,18GAX1.5IN,1M","IE676","L:30","","8881850815"
"22139","NEEDLE,SAFETY,22GAX1.5,1M","IE676","L:20","","8881850215"
"22140","NEEDLE,SAFETY,25GAX5/8IN","IE676","L:20","","8881850558"
"22141","NEEDLE,SAFETY,23GAX1IN","IE676","L:20","","8881850310"
"22142","NEEDLE,SAFETY,21GAX1IN,1M","IE676","L:20","","305915"
"22143","NEEDLE,FILTER,18GA X 1 1/2IN","IE676","L:15","","305211"
"22149","CATH,THORACIC,HARD,28FR,L 21IN","IE676","L:2","","8888570549"
"22288","TAPE,MEDICAL,SOFT CLOTH,2IN","IE676","L:6","","2862"
"22289","TAPE,MEDICAL,SOFT CLOTH,4IN","IE676","L:4","","2864"
"22290","TAPE,MEDICAL,SOFT CLOTH,6IN","IE676","L:2","","2866"
"22351","SYRINGE,TB,1CC,28GAX1/2IN,SAFE","IE676","L:20","","8881882812"
"22352","SYRINGE,INSULIN,1CC,29GAX1/2IN","IE676","L:25","","8881892910"
"22546","ADHESIVE,SKIN CLOSURE,TOPICAL","IE676","L:4","","LX6"
"22734","SPLINT,DELTA,SYNTHETIC,4IN X 1","IE676","L:0","","OG-4L2"
"22755","DIAPER,ADULT,XLARGE","IE676","L:4","","66035"
"22843","BAG,DRAINAGE,2000ML","IE676","L:3","","154002"
"22990","CATHETER,IV,22GA,INTROCAN SAFE","IE676","L:10","","4251128-02"
"23157","STRIP,GLUCOSE TESTING,ACCU-CHE","IE676","L:3","","5942861001"
"23672","SET,CATHETER,MELKER,CRICOTHYRO","IE676","L:0","","G04652"
"23695","SCISSORS-SHARP/BLUNT-5.5-STERI","IE676","L:4","","65945"
"23769","SET, FLOW WARMER, STANDARD, DI","IE676","L:4","","24200"
"24168","POWDER,STOMA,ADAPT","IE676","L:0","","7906"
"24510","WATER,INHALATION,1070ML,PREFIL","IE676","L:2","","040-00"
"25294","SENSOR PROBE,PULSE OXIMETER,FI","IE676","L:3","","1863"
"27022","DRESSING,HYDROCOLLOID,4 X 5IN,","IE676","L:0","","422299"
"27086","KIT,PERICARDIOCENTESIS,HI-FLOW","IE676","L:2","","PC101"
"27102","PAD,DEFIBRILLATION,ZOLL,5 X 6","IE676","L:3","","22770PC"
"27104","PAPER,EKG,FOR ZOLL M SERIES,FA","IE676","L:3","","8000-000877-01"
"27105","SYRINGE,INSULIN,.5CC,29GAX1/2I","IE676","L:10","","305932"
"27831","DRESSING,ANTIMICROBIAL,BIOPATC","IE676","L:6","","4150"
"27871","MEPILEX,BORDER LITE,3X3","IE676","L:0","","595200"
"28018","DEVICE,CATH SECUREMENT,FOLE,ST","IE676","L:4","","FOL0102"
"28481","TOWEL,RAYPAQUE,SAFETY,STERILE,","IE676","L:0","","AVID262"
"28534","CONNECTOR,ISOTHERMAL,ADULT,OMN","IE676","L:2","","3222"
"29168","SUTURE,VICRYL PLUS,UND,SZ 3-0,","IE676","L:6","","VCP683G"
"29363","DRESSING,NON-ADHE,4X4,ANTIMCRO","IE676","L:0","","MSC9614EP"
"29371","BANDAGE,GAUZE,3IN X 75IN,STER,","IE676","L:10","","Nov-93"
"29885","CHLORAPREP,ONE STEP,3ML","IE676","L:24","","930400"
"29914","EPISTAXIS,5.5CM,UNILATERAL,INF","IE676","L:10","","RR 551"
"29919","EPISTAXIS,ADULT,5.5CM,BILATERA","IE676","L:10","","RR555"
"30016","DRESSING,BORDER LITE,MEPILEX,4","IE676","L:0","","595300"
"30039","DRESSING,XEROFORM,PETROLATUM,F","IE676","L:10","","8884433605"
"30061","ADAPTER,NEBULIZER,SIZE 028","IE676","L:3","","031-28"
"30205","SLING,PATIENT LIFT,DISPOSABLE","IE676","L:0","","AHD001"
"30548","STAT,GVL#4","IE676","L:2","","0270-0628"
"30549","BLADE,LARYNGOSCOPE,GLIDESCOPE,","IE676","L:2","","0270-0626"
"31401","TRAY,LACERATION,SNAGFREE","IE676","L:12","","May-00"
"32038","LINER,SUCTION,FLEX ADVANTAGE,1","IE676","L:5","","65651-920C"
"32148","INTRODUCER,STYLET,15FR,W/COUDE","IE676","L:1","","9-0212-70"
"32186","DRESSING,FOAM,SILICONE,4X8INCH","IE676","L:0","","496405"
"32190","NEEDLE,IO SET,LD 15GX1.8INCH","IE676","L:3","","9079-VC-005"
"32356","AIRWAY,DISPOSABLE,SZ5","IE676","L:2","","ALBF050SU"
"32357","AIRWAY,DISPOSABLE,SZ4","IE676","L:2","","ALBF040SU"
"32527","GLOVE,EXAM,NITRILE,SM,LTX-FREE","IE676","L:4","","72-50901"
"32528","GLOVE,EXAM,NITRILE,MED,LTX-FRE","IE676","L:4","","72-50902"
"32529","GLOVE,EXAM,NITRILE,LG,LTX-FREE","IE676","L:4","","72-50903"
"32530","GLOVE,EXAM,NITRILE,XL,LTX-FREE","IE676","L:4","","72-50904"
"32586","TUBE,TRACH,HILO,6.5HD,MURPH TI","IE676","L:3","","86449"
"32769","DRESSING,NASAL,LAMINATED,4.5CM","IE676","L:5","","470401"
"32770","DRESSING,NASAL,LAMINATED,8CM","IE676","L:4","","470404"
"33111","STABALIZER,NEEDLE,EZ-IO","IE676","L:3","","9066-VC-005"
"33996","ELECTRODE,AED,ONESTEP","IE676","L:2","","8900-0214-01"
"33997","ADAPTER,PEDIATRIC ADULT,AIRWAY","IE676","L:4","","8000-0265-01"
"34599","TRAY,WAYNE,PNEUMOTHORAX,14FR,2","IE676","L:2","","G56537"
"34972","ADHESIVE,RELEASER,STING FREE","IE676","L:0","","420798"
"35035","WIPES,DISPOSABLE,GERMICIDAL,SA","IE676","L:0","","Q55172"
"35069","CAP,IV,DISINFECT,CUROS,JET","IE676","L:25","","CFJ5-250"
"35241","BLADE,LARYNGOSCOPE,MAC 3","IE676","L:3","","1023"
"35242","BLADE,LARYNGOSCOPE,MAC 4","IE676","L:3","","1024.C"
"35398","7.0 SUBGLOTTIC ET TUBE","IE676","L:2","","18870"
"35399","7.5 SUBGLOTTIC ET TUBE","IE676","L:2","","18875"
"35400","8.0 SUBGLOTTIC ET TUBE","IE676","L:2","","18880"
"35402","9.0 SUBGLOTTIC ET TUBE","IE676","L:5","","18890"
"35442","GLOVE,EXAM,NITRILE,XSM,LTX-FRE","IE676","L:4","","72-50900"
"35486","FLUSH,SALINE,10ML,IN 10ML SYR,","IE676","L:0","","306546"
"35655","SPLITTER,TABLET,CUT IN HALF,PL","IE676","L:5","","67015BC1"
"35658","PILL CRUSHER","IE676","L:5","","71091"
"35846","FOOTWEAR,PATIENT,YELLOW,XL","IE676","L:5","","68125-YXLA"
"35847","FOOTWEAR,PATIENT,3XL","IE676","L:6","","68125-PUR"
"36361","NEEDLE,SET,AD,25MMX15GA","IE676","L:2","","9001P-VC-005"
"36473","NEEDLE,HUBER,INSERTER/INF SITE","IE676","L:3","","132010"
"36667","CATHETER,IV,INTERGRATED,18GA X","IE676","L:40","","383519"
"36668","CATHETER,IV,INTERGRATED,20GA X","IE676","L:40","","383517"
"36669","CATHETER,IV,INTERGRATED,22GA X","IE676","L:40","","383512"
"36752","INTERVENTIONAL,QUIKCLOT,W/OUT","IE676","L:0","","467-Z"
"37035","HANDLE,LARYNGOSCOPE,STANDARD,D","IE676","L:4","","2015.C"
"37162","CATHETER,SAFETY,TEFLON,20GAX1.","IE676","L:15","","4252527-020"
"37163","BASIN,WASH,PLASTIC,DISPOSABLE,","IE676","L:10","","DYND80347"
"37596","FORCEP,STERILE,LUCAE,5.5IN","IE676","L:4","","66415"
"37636","NEEDLE,HYPO,20GAX1.5IN,SAFETY,","IE676","L:5","","8881850015"
"37970","ATOMIZER,NASAL,MAD,INTRANASAL,","IE676","L:10","","MAD300"
"37985","WIPES,CLEANING,GERMICIDAL,HARD","IE676","L:0","","P54072"
"38083","SCISSORS,IRIS,CVD,STERILE,SING","IE676","L:4","","66150"
"38084","HOLDER,NEEDLE,WEBSTER,STERILE,","IE676","L:4","","67120"
"38318","SENSOR,ADHESIVE,ADULT,ADTX,LNC","IE676","L:20","","1859"
"38459","CAP,MALE,TIPS,DISINFECTION,3M","IE676","L:20","","CM5-200"
"38838","CLIPPER,SURGICAL,PROFESSIONAL","IE676","L:3","","9681"
"38875","TRAY,CATHETER,ITNTERMITTENT,14","IE676","L:2","","DYND10402"
"38892","MOSQUITO,CURVED,SI GLE-USE,5IN","IE676","L:2","","99-10-1730"
"38897","FORCEP,MAGILL,SINGLE-USE","IE676","L:3","","SS30-2601"
"38912","TRAY,CHEST TUBE,THAL QUICK,SZ","IE676","L:1","","G05462"
"38913","TRAY,CHEST TUBE,THAL QUICK,SZ","IE676","L:2","","G05463"
"38921","ADAPTER,AIRWAY","IE676","L:10","","YG-111T"
"38922","ADAPTER,NASAL,YG-122T","IE676","L:5","","YG-122T"
"39152","KIT,HEMOCULT,MAILER,OCPU-VA1","IE676","L:0","","OCPU"
"39199","CUFF,BP,1 PIECE,ADULT,TUBELESS","IE676","L:10","","SOFT-11"
"39201","CUFF,BP,1 PIECE,ADULT,LARGE,TU","IE676","L:10","","30503-14A"
"39202","CUFF,BP,1 PIECE,ADULT,SMALL,TU","IE676","L:10","","30503-12A"
"39203","CUFF,BP,1 PIECE,ADULT,LONG,TUB","IE676","L:15","","SOFT-11L"
"39218","HOLDER,LIMB,FOAM","IE676","L:2","","2532"
"39581","MEPILEX,BORDER,SACRUM,16X20CM","IE676","L:3","","282055"
"39961","BARRIER FILM,CAVILION,1.0ML WI","IE676","L:0","","3344"
"40647","TRAY,TRACH,BLUE,RHINO,SZ6","IE676","L:1","","G57716"
"40668","NEEDLE,BUTTERFLY,ULTRATOUCH,25","IE676","L:100","","367363"
"40669","NEEDLE,BUTTERFLY,ULTRATOUCH,23","IE676","L:50","","367364"
"40904","PORT,ELBOW,SE","IE676","L:5","","1120969"
"41271","TUBING,OXYGEN CONNECTING,L 7FT","IE676","L:8","","1925"
"41341","CONTAINER,URINE COLLECTION,COM","IE676","L:4","","2500SA"
"41595","CANNULA,NASAL,O2,NON-FLARE TIP","IE676","L:20","","1365"
"41731","FILTER,EXCHANGE,HEAT,MOISTURE","IE676","L:10","","157"
"42036","LINER,PITCHER,PLSTC,CARAFE,1QT","IE676","L:10","","DYND80528"
"42037","PITCHER,HANDLE,W/LID,GRAPHITE","IE676","L:10","","DYND80535N"
"42720","CATHETER,FEMALE,PUREWICK","IE676","L:4","","PWF030F"
"44476","SPLINT,PRECUT,ORTHOGLASS,3X38I","IE676","L:0","","7296402"
"45122","KIT,CATH,FOLE,16FR,SIL,LTX-FRE","IE676","L:5","","URO170816"
"45521","SET,IV ADMIN,PRIMARY,RAPID INF","IE676","L:3","","903-00006"
"48228","NOSA,MENTHOL,NASAL,PLUG,PK/100","IE676","L:50","","NO110901"
"49967","CATHETER,MALE,PUREWICK","IE676","L:8","","PWM030"
"50292","KIT,XPERT,SWB,SPEC CLT","IE676","L:0","","SWAB/G-50"
"50302","LARYNGOSCOPE VIDEO QC SIZE 4 H","IE676","L:6","",""
"50305","LARYNGOSCOPE VIDEO QC SIZE 4 M","IE676","L:6","",""
"50617","SET,IV ADMIN,INF,SMARTSITE,NEE","IE676","L:30","","2420-0007"
"50641","IV ADMIN SET,SECONDARY,40 W/ H","IE676","L:20","","DYNDTA1540"
"50683","ADH PORT ACCESS KIT","IE676","L:2","","DYNPAK06"
"50987","CATHETER,IV,CLOSED,18GA X 1.75","IE676","L:5","",""
"59042","LUER-LOK ACCESS,DEVICE BD,LATE","IE676","L:100","","36490200"
"59215","HYPICHLOROUS,WOUND,WASH","IE676","L:0","","6517"
"59596","BAG,EMESIS,WHITE,HDPE","IE676","L:30","","NON80331"
"59795","SET,SURELEAD,PHILIPS 5 COMPAT","IE676","L:100","","DLS-PHP5L-4F"
"59976","TRAY INTRAOSSEOUS ACCESS EZ-I","IE676","L:2","",""
"59977","TRAY PROCEDURE EZ-IO 45MM","IE676","L:0","",""
"98010","BAG,AMBU,W/PEEP VALVE,DISP","IE676","L:3","","520-611-001"
"129613","CANNULA,BLUNT,PLASTIC","IE676","L:200","","8881540111"
"177","TUBING,SUCTION,1/4IN X 12FT","IE688","L:3","","8888301622"
"214","TAPE,TRANSPORE,1IN,HYPO","IE688","L:2","","1527-1"
"215","TAPE,TRANSPORE,3IN","IE688","L:2","","1527-3"
"1606","SPONGE,GAUZE,GEN USE,2 X 2IN,8","IE688","L:3","","NON25208"
"1627","MASK,OXYGEN,NON-REBREATHER,ADU","IE688","L:3","","1060"
"1972","TUBE,SUCTION,YANKAUER","IE688","L:2","","K86"
"1994","SYRINGE,10CC,L/L","IE688","L:3","","302995"
"2189","WIPES,PERSONAL,TOWELETTE,PRE-M","IE688","L:100","","MDS094181"
"3769","BANDAGE,COBAN,2IN,NONSTERILE","IE688","L:20","","2082"
"5038","SOLUTION,INTRAVENOUS,IN 0.9% N","IE688","L:30","","2B1323Q"
"9295","PAD,ALCOHOL,70% ISOPROPYL","IE688","L:400","","6818"
"9301","SPONGE,GAUZE,4 X 4IN,100% COTT","IE688","L:25","","3033G"
"9427","SYRINGE,3CC,L/L","IE688","L:3","","1180300777"
"9435","SYRINGE,60CC,L/L","IE688","L:3","","8881560125"
"9436","SYRINGE,60CC,CATH TIP","IE688","L:8","","309620"
"9719","TUBING,OXYGEN CONNECTING,7FT,N","IE688","L:10","","1350"
"10936","SYRINGE,W/O NEEDLE,20ML,LL TIP","IE688","L:2","","1182000777"
"12075","ADAPTER,MULTIPLE,SAMPLE","IE688","L:10","","367290"
"13310","KIT,IV START,STERILE,L/F,CHLOR","IE688","L:60","","74464"
"17723","TUBE,VACUUM BLOOD,13 X 100MM,4","IE688","L:2","","367962"
"19676","CATHETER,IV,SAFETY,18GA X1.25I","IE688","L:20","","3065"
"19677","CATHETER,IV,SAFETY,20GAX1.25IN","IE688","L:40","","3066"
"19678","CATHETER,IV,SAFETY,22GAX1IN","IE688","L:20","","306001"
"20047","SET,EXTENSION,NEEDLELESS,VALVE","IE688","L:60","","MC33150"
"20057","CANNULA,NEEDLELESS,ACCESS VALV","IE688","L:10","","MC100"
"20074","CAP,ALARIS","IE688","L:10","","70804"
"20943","GOWN,ISOLATION,DISPOSABLE,FULL","IE688","L:5","","A69961-C"
"22138","NEEDLE,SAFET,18GAX1.5IN,1M","IE688","L:8","","8881850815"
"22141","NEEDLE,SAFETY,23GAX1IN","IE688","L:5","","8881850310"
"22142","NEEDLE,SAFETY,21GAX1IN,1M","IE688","L:3","","305915"
"24113","NEEDLE HOLDER,STACKABLE","IE688","L:0","","364815"
"24375","SHIELD,FACE,SPLASH MASK,FULL,C","IE688","L:10","","41204"
"31896","DEVICE,STATLOCK,325PSI","IE688","L:20","","IV0563P"
"32038","LINER,SUCTION,FLEX ADVANTAGE,1","IE688","L:3","","65651-920C"
"32527","GLOVE,EXAM,NITRILE,SM,LTX-FREE","IE688","L:6","","72-50901"
"32528","GLOVE,EXAM,NITRILE,MED,LTX-FRE","IE688","L:8","","72-50902"
"32529","GLOVE,EXAM,NITRILE,LG,LTX-FREE","IE688","L:8","","72-50903"
"32530","GLOVE,EXAM,NITRILE,XL,LTX-FREE","IE688","L:8","","72-50904"
"33552","SHORTS,ORTHO,BLUE,X-LRG,38X48","IE688","L:2","","45410-105"
"35069","CAP,IV,DISINFECT,CUROS,JET","IE688","L:10","","CFJ5-250"
"35375","MARKER,SKIN,S SPOT","IE688","L:3","","783"
"35486","FLUSH,SALINE,10ML,IN 10ML SYR,","IE688","L:120","","306546"
"35511","JELLY,SURGILUBE,STERILE,5GM","IE688","L:20","","281020545"
"37293","BAG,EMESIS,BLUE","IE688","L:15","","EME-BAG"
"41595","CANNULA,NASAL,O2,NON-FLARE TIP","IE688","L:5","","1365"
"59042","LUER-LOK ACCESS,DEVICE BD,LATE","IE688","L:20","","36490200"
"59596","BAG,EMESIS,WHITE,HDPE","IE688","L:15","","NON80331"
"98010","BAG,AMBU,W/PEEP VALVE,DISP","IE688","L:2","","520-611-001"
"99015","BAG,PATIENT,BELONGING","IE688","L:2","","BIOBAGGY1820"
"177","TUBING,SUCTION,1/4IN X 12FT","IE691","L:2","","8888301622"
"178","DRAIN,PLUER,EVAC,CHEST","IE691","L:2","","S-1100-08LF"
"215","TAPE,TRANSPORE,3IN","IE691","L:1","","1527-3"
"434","GAUZE,OR,4X4,STERILE","IE691","L:10","","8045"
"1606","SPONGE,GAUZE,GEN USE,2 X 2IN,8","IE691","L:5","","NON25208"
"1622","UNDERPAD,BED,30X36IN,TRANQUILI","IE691","L:5","","2710"
"1626","CONNECTOR,TUBING,OXYGEN","IE691","L:8","","1811"
"1627","MASK,OXYGEN,NON-REBREATHER,ADU","IE691","L:2","","1060"
"1787","BLADE,CLIPPER,SURGICAL,STERILE","IE691","L:5","","9660"
"1821","TUBE,EXTENSION,K51","IE691","L:4","","2C6226"
"1824","ADAPTER,CATHETER,BD,DISPOSABLE","IE691","L:2","","403250"
"1833","NEEDLE,SPINAL,18GAX3 1/2IN","IE691","L:2","","405184"
"1834","NEEDLE,SPINAL,QUINCKE,20GA,L 3","IE691","L:3","","405182"
"1849","NEEDLE,SPINIAL,22GA X 3.5IN","IE691","L:3","","405181"
"1888","BULB, RESERVOIR, DRAINAGE, 100","IE691","L:3","","SU130-1305"
"1913","GLOVE,BIOGEL,6.5,STERILE","IE691","L:12","","41165"
"1914","GLOVE,NON LATEX BIOGEL,7.5,STE","IE691","L:15","","41175"
"1915","GLOVE,BIOGEL,8,STERILE","IE691","L:15","","41180"
"1955","SCALPEL,#11,W/HANDLE,DISPOSABL","IE691","L:2","","MDS15311"
"1972","TUBE,SUCTION,YANKAUER","IE691","L:3","","K86"
"1984","DRESSING,TELFA,NONADHER,3X8,ST","IE691","L:10","","1238"
"1994","SYRINGE,10CC,L/L","IE691","L:10","","302995"
"2041","DRESSING,TRANSPARENT,4X4 3/4IN","IE691","L:20","","1616"
"2053","BAG,LEG,URINE,32OZ","IE691","L:5","","DYND12578"
"2242","MASK,OXYGEN,ADULT SZ 6","IE691","L:2","","HUD1930"
"2518","GAUZE,PETROLEUM,3X18I,NONADH","IE691","L:6","","MAY884414600Z"
"2800","GLOVE,BIOGEL,8.5,STERILE","IE691","L:4","","41185"
"3769","BANDAGE,COBAN,2IN,NONSTERILE","IE691","L:20","","2082"
"5038","SOLUTION,INTRAVENOUS,IN 0.9% N","IE691","L:10","","2B1323Q"
"5045","SOLUTION,IRRIGATION,0.9% NACL,","IE691","L:2","","2F7123"
"5595","GLOVE,BIOGEL,7,STERILE","IE691","L:15","","41170"
"5645","IV,STAT,2","IE691","L:2","","MFS132"
"6555","BAG,TRANSPORT,SPECIMEN,BIOHAZA","IE691","L:100","","AR69P"
"9295","PAD,ALCOHOL,70% ISOPROPYL","IE691","L:600","","6818"
"9296","BANDAID,ADHESIVE,PLASTIC,STRIP","IE691","L:50","","44101"
"9306","SPONGE,GAUZE,DRAIN,4 X 4IN,6-P","IE691","L:10","","7086"
"9333","GOWN,SURG,REINFORCED,LG","IE691","L:6","","9011EL"
"9334","PACK,DRAPE,SHEET,STERILE,L/F,#","IE691","L:5","","29350"
"9415","URINAL,MALE,PLSTC,1000ML,W/LID","IE691","L:4","","DYND80235S"
"9421","SET,IV ADMIN EXT,L 20IN","IE691","L:6","","V5406"
"9427","SYRINGE,3CC,L/L","IE691","L:10","","1180300777"
"9434","SYRINGE,30CC,L/L","IE691","L:4","","8881535762"
"9435","SYRINGE,60CC,L/L","IE691","L:4","","8881560125"
"9436","SYRINGE,60CC,CATH TIP","IE691","L:3","","309620"
"10931","TAPE,ADHESIVE,PAPER,1I,HYPO","IE691","L:1","","1530-1"
"10934","SNGE,5ML,LUER LOCK","IE691","L:10","","309646"
"10936","SYRINGE,W/O NEEDLE,20ML,LL TIP","IE691","L:10","","1182000777"
"13310","KIT,IV START,STERILE,L/F,CHLOR","IE691","L:60","","74464"
"14774","STOPCOCK,4WAY,LUER LOCK","IE691","L:15","","1168336"
"18932","DRESSING,TRANSPARENT,2 3/8INX2","IE691","L:20","","1624W"
"19676","CATHETER,IV,SAFETY,18GA X1.25I","IE691","L:10","","3065"
"19677","CATHETER,IV,SAFETY,20GAX1.25IN","IE691","L:40","","3066"
"19678","CATHETER,IV,SAFETY,22GAX1IN","IE691","L:20","","306001"
"20047","SET,EXTENSION,NEEDLELESS,VALVE","IE691","L:60","","MC33150"
"20057","CANNULA,NEEDLELESS,ACCESS VALV","IE691","L:10","","MC100"
"20074","CAP,ALARIS","IE691","L:10","","70804"
"22843","BAG,DRAINAGE,2000ML","IE691","L:2","","154002"
"23924","ELECTRODE-CLOTH-3M","IE691","L:2","","2570"
"27642","SEALANT,SURG,FLOSEAL,COLLAGEN/","IE691","L:6","","ADS202105"
"27702","LABELS,STERILE,MEDICATIONS","IE691","L:3","","9VAPH37-DTR"
"28481","TOWEL,RAYPAQUE,SAFETY,STERILE,","IE691","L:6","","AVID262"
"29451","VIAL,PREFILLED,BUFFERED,FORMAL","IE691","L:2","","NB0507"
"29610","CHLORAPREP,10.5ML,HI LITE,ORAN","IE691","L:4","","930715"
"32038","LINER,SUCTION,FLEX ADVANTAGE,1","IE691","L:2","","65651-920C"
"32277","STAYFIX,SMALL,5FR-14FR","IE691","L:20","","680ME"
"33083","COVER,SNAP,CAP","IE691","L:10","","SNAPCAPST"
"35069","CAP,IV,DISINFECT,CUROS,JET","IE691","L:10","","CFJ5-250"
"35486","FLUSH,SALINE,10ML,IN 10ML SYR,","IE691","L:60","","306546"
"37293","BAG,EMESIS,BLUE","IE691","L:20","","EME-BAG"
"38083","SCISSORS,IRIS,CVD,STERILE,SING","IE691","L:10","","66150"
"38084","HOLDER,NEEDLE,WEBSTER,STERILE,","IE691","L:3","","67120"
"38096","FORCEPS,OCCLUDING,YELLOW TUBE,","IE691","L:5","","MPC-200-Y-1"
"38380","BOWL,STERILE,BLUE,32OZ","IE691","L:3","","SSK9002A"
"41271","TUBING,OXYGEN CONNECTING,L 7FT","IE691","L:10","","1925"
"41474","SURGIFOAM,HEMOSTATIC","IE691","L:5","","1972"
"41595","CANNULA,NASAL,O2,NON-FLARE TIP","IE691","L:3","","1365"
"42735","MASK,FACE,PROCEDURE,FULL PLTD,","IE691","L:100","","PPE-M-AS-SUR-S"
"59596","BAG,EMESIS,WHITE,HDPE","IE691","L:20","","NON80331"
"59597","CUP,SPECIMEN,WHT","IE691","L:8","",""
"96017","FORCEP,KELLY,CVD,5.5IN,DISP","IE691","L:3","","SS09-0627 F"
"129817","PACK,SURG,CUSTOM,INTERVENTION","IE691","L:8","","DYNJ0225569F"
"5028","SOLUTION,INTRAVENOUS,D5W,500ML","IE693","L:6","","2B0063Q"
"5029","SOLUTION,INTRAVENOUS,D5W,1000M","IE693","L:6","","2B0064X"
"5030","SOLUTION,INTRAVENOUS,D5W,IN 0.","IE693","L:6","","2B1064X"
"5033","SOLUTION,INTRAVENOUS,D5W,0.45%","IE693","L:6","","2B1074X"
"5038","SOLUTION,INTRAVENOUS,IN 0.9% N","IE693","L:5","","2B1323Q"
"5039","SOLUTION,INTRAVENOUS,IN 0.9% N","IE693","L:20","","2B1324X"
"5041","SOLUTION,INTRAVENOUS,0.45% NAC","IE693","L:6","","2B1314X"
"5042","SOLUTION,INTRAVENOUS,LR,1000ML","IE693","L:12","","2B2324X"
"5043","SOLUTION,INTRAVENOUS,D5W,LR,10","IE693","L:4","","2B2074X"
"5070","SOLUTION,INTRAVENOUS,IN 0.9% N","IE693","L:8","","2B1322Q"
"5077","SOLUTION,IRRIGATION,0.9% NACL,","IE693","L:8","","R8206"
"20943","GOWN,ISOLATION,DISPOSABLE,FULL","IE693","L:100","","A69961-C"
"30205","SLING,PATIENT LIFT,DISPOSABLE","IE693","L:0","","AHD001"
"50203","SOLUTION,IRRIGATION,0.9% NACL,","IE693","L:0","","2B7477"
"50617","SET,IV ADMIN,INF,SMARTSITE,NEE","IE693","L:10","","2420-0007"
"50641","IV ADMIN SET,SECONDARY,40 W/ H","IE693","L:10","","DYNDTA1540"
"51102","SLING TWIN TURNER REG DISP","IE693","L:0","","287501"
"180","STRAW,DRINKING,FLEXIBLE","IE698","L:60","","NON02315"
"5028","SOLUTION,INTRAVENOUS,D5W,500ML","IE698","L:4","","2B0063Q"
"5029","SOLUTION,INTRAVENOUS,D5W,1000M","IE698","L:2","","2B0064X"
"5030","SOLUTION,INTRAVENOUS,D5W,IN 0.","IE698","L:2","","2B1064X"
"5033","SOLUTION,INTRAVENOUS,D5W,0.45%","IE698","L:2","","2B1074X"
"5038","SOLUTION,INTRAVENOUS,IN 0.9% N","IE698","L:8","","2B1323Q"
"5039","SOLUTION,INTRAVENOUS,IN 0.9% N","IE698","L:20","","2B1324X"
"5041","SOLUTION,INTRAVENOUS,0.45% NAC","IE698","L:3","","2B1314X"
"5042","SOLUTION,INTRAVENOUS,LR,1000ML","IE698","L:6","","2B2324X"
"5043","SOLUTION,INTRAVENOUS,D5W,LR,10","IE698","L:2","","2B2074X"
"5070","SOLUTION,INTRAVENOUS,IN 0.9% N","IE698","L:10","","2B1322Q"
"5076","SOLUTION,IRRIGATION,STER WATER","IE698","L:2","","2B7117"
"5077","SOLUTION,IRRIGATION,0.9% NACL,","IE698","L:0","","R8206"
"20943","GOWN,ISOLATION,DISPOSABLE,FULL","IE698","L:100","","A69961-C"
"30205","SLING,PATIENT LIFT,DISPOSABLE","IE698","L:2","","AHD001"
"35069","CAP,IV,DISINFECT,CUROS,JET","IE698","L:50","","CFJ5-250"
"38459","CAP,MALE,TIPS,DISINFECTION,3M","IE698","L:50","","CM5-200"
"50203","SOLUTION,IRRIGATION,0.9% NACL,","IE698","L:0","","2B7477"
"50617","SET,IV ADMIN,INF,SMARTSITE,NEE","IE698","L:20","","2420-0007"
"50641","IV ADMIN SET,SECONDARY,40 W/ H","IE698","L:12","","DYNDTA1540"
"51102","SLING TWIN TURNER REG DISP","IE698","L:0","","287501"
"51103","KIT PATIENT TRANSFER HOVERMATT","IE698","L:5","",""
"214","TAPE,TRANSPORE,1IN,HYPO","IE705","L:12","","1527-1"
"215","TAPE,TRANSPORE,3IN","IE705","L:6","","1527-3"
"434","GAUZE,OR,4X4,STERILE","IE705","L:10","","8045"
"1510","CATHETER,ARTERY,RADIAL,20GA,1.","IE705","L:15","","RA-04020"
"1584","BLOCK,BITE,ADULT,COMPRESSED FO","IE705","L:20","","4000"
"1607","SPONGE,GAUZE,4 X 4IN,NON-STER","IE705","L:4","","2556G"
"1958","KIT,CENTRAL VENOUS CATH,MULTI","IE705","L:2","","ECVC7485"
"1959","SET,ARTERIAL,VENOUS,18GA 4.25I","IE705","L:5","","FA-04018"
"2041","DRESSING,TRANSPARENT,4X4 3/4IN","IE705","L:20","","1616"
"6291","TAPE,ADHESIVE,CLOTH,1IN","IE705","L:12","","1538-1"
"6590","SHIELD,EYE,PROTECTIVE,FOAM,BLU","IE705","L:35","","D28310"
"8934","TRANSDUCER,VAMP,TRIPLE","IE705","L:5","","PXVMP3X31"
"9295","PAD,ALCOHOL,70% ISOPROPYL","IE705","L:400","","6818"
"9296","BANDAID,ADHESIVE,PLASTIC,STRIP","IE705","L:100","","44101"
"9300","DEPRESSOR,TONGUE,WOOD,STL","IE705","L:100","","C1560-006"
"11333","MONITOR, TEMPERATURE, DISPOSAB","IE705","L:1","","8650520"
"11873","SUPPORT,WRIST,ARTERIAL,HAND AI","IE705","L:12","","29980"
"13433","TAPE,PLASTIC,PINK,1/2IN","IE705","L:20","","5LF"
"15035","GUIDE,SPRING WIRE","IE705","L:12","","AW-04025"
"17169","ADAPTER,IV,DBL MALE LL,STER","IE705","L:5","","040184000A"
"18325","SET,IV ADMIN,NITROGLYCERIN,MED","IE705","L:5","","2260-0500"
"18626","CATH,URETHRAL,FOLEY,16FR,100%","IE705","L:10","","DYND110516"
"19477","HEADREST,CERVICAL,FOAM","IE705","L:12","","FP-HEADCR"
"21012","KIT,VAMP,PX DPT","IE705","L:8","","PXVMP260"
"23769","SET, FLOW WARMER, STANDARD, DI","IE705","L:6","","24200"
"24457","CANNULA,VAMP,NEEDLELESS","IE705","L:30","","VMP400"
"25974","KIT,CENTRAL VENOUS CATH,ARROWG","IE705","L:2","","CDC-42802-XP1A"
"27831","DRESSING,ANTIMICROBIAL,BIOPATC","IE705","L:20","","4150"
"28481","TOWEL,RAYPAQUE,SAFETY,STERILE,","IE705","L:4","","AVID262"
"28534","CONNECTOR,ISOTHERMAL,ADULT,OMN","IE705","L:30","","3222"
"28831","BLANKET,FULL BODY, WARMING","IE705","L:6","","30000"
"28832","BLANKET,UPPER,WARMING,DUAL POR","IE705","L:12","","62200"
"28833","BLANKET,LOWER BODY,WARMING","IE705","L:12","","52500"
"28837","BLANKET,FULL ACESS,UNDERBODY","IE705","L:4","","mmm63501"
"29610","CHLORAPREP,10.5ML,HI LITE,ORAN","IE705","L:20","","930715"
"30162","PACK,POSITIONER,PRONE VIEW","IE705","L:5","","D28503CE"
"30515","DRESSING,FILM,IV,W/BORDER,TEGA","IE705","L:40","","1683"
"30548","STAT,GVL#4","IE705","L:10","","0270-0628"
"30549","BLADE,LARYNGOSCOPE,GLIDESCOPE,","IE705","L:10","","0270-0626"
"30590","SENSOR,QUATRO,BIS","IE705","L:5","","186-0106"
"32038","LINER,SUCTION,FLEX ADVANTAGE,1","IE705","L:25","","65651-920C"
"32356","AIRWAY,DISPOSABLE,SZ5","IE705","L:5","","ALBF050SU"
"32357","AIRWAY,DISPOSABLE,SZ4","IE705","L:5","","ALBF040SU"
"32923","SENSOR,FLOW","IE705","L:10","","2089610-001-S"
"33759","PROTECTOR,EYE,ADHESIVE","IE705","L:4","","BY2020"
"33761","ELECTRODE,MONITOR,ADULT,FOAM","IE705","L:30","","2670-3"
"34691","PROBE,THERMOMETER,TYMPANIC,SKI","IE705","L:30","","171579"
"36201","SET,ENDOBRONCHIAL,BLOCKER,ARND","IE705","L:4","","G44114"
"37870","BLANKET,WARMING,READY HEAT","IE705","L:20","","SB9RH9120"
"38318","SENSOR,ADHESIVE,ADULT,ADTX,LNC","IE705","L:30","","1859"
"38459","CAP,MALE,TIPS,DISINFECTION,3M","IE705","L:20","","CM5-200"
"38760","COVER,PROBE,GENERAL PURPOSE,AD","IE705","L:15","","APC1289"
"39035","KIT,VAMP,84 INCH TUBING,PLUS","IE705","L:8","","PXVP2284AT3"
"39078","AIRWAY,GASTRO,LMA","IE705","L:15","","1E5040"
"39082","AIRWAY,GASTRO,LMA,SIZE 5","IE705","L:15","","1E5050"
"39199","CUFF,BP,1 PIECE,ADULT,TUBELESS","IE705","L:35","","SOFT-11"
"39201","CUFF,BP,1 PIECE,ADULT,LARGE,TU","IE705","L:25","","30503-14A"
"39202","CUFF,BP,1 PIECE,ADULT,SMALL,TU","IE705","L:12","","30503-12A"
"39203","CUFF,BP,1 PIECE,ADULT,LONG,TUB","IE705","L:15","","SOFT-11L"
"39914","KIT,SPINAL,SUREBLOCK,ANESTHESI","IE705","L:7","","ASA-24090-SB"
"40099","SENSOR,SOMA,ADULT","IE705","L:30","","SAFB-SM/USA"
"42562","SET,IV EXTENSION,Q2 MICROBORE","IE705","L:5","","95702"
"42782","FASTTRACH,LMA,SZ,3,CHILD","IE705","L:5","","1D2030"
"42783","FASTRACH,LMA,SZ,4,ADULT,50,70,","IE705","L:5","","1D2040"
"42784","FASTRACH,LMA,SZ,5,ADULT,70,100","IE705","L:5","","1D2050"
"45192","CIRCUITS,ANESTHESIA,ADULT","IE705","L:30","","DYNJAAF6852"
"50045","SENSOR OXIMETRY RD RAINBOW SET","IE705","L:10","","4026"
"50408","WATERLOCK 2, REPLACEMENT FOR W","IE705","L:12","","6872130"
"59795","SET,SURELEAD,PHILIPS 5 COMPAT","IE705","L:15","","DLS-PHP5L-4F"
"61191","SET,PHILIPS,3 SURELEAD","IE705","L:30","","DLS-PHP3L-4F"
"61216","LINE,FILTER,ADULT NASAL,MICROS","IE705","L:10","","MVANOL"
"61217","LINE,FILTER,INTUB ADULT/PEDIAT","IE705","L:10","","MVAIL"
"61218","LINE,FILTER,INTUB LONG ADULT/P","IE705","L:10","","MVAIHL"
"61219","PAPER,THERMAL,ARRAY,PHILIPS","IE705","L:5","","M4816A"
"61221","LINE,ADULT ORAL/NASAL,CO2","IE705","L:10","","ZMVAOH"
"61234","CABLE,FOLEY,TEMP SENSING,PHILI","IE705","L:20","","TSC-10"
"89","COVER,SHOE,SIZE 8 TO 12","IE706","L:1","","4852"
"1604","SURGIFIX,SZ#8","IE706","L:2","","MT08"
"1826","NEEDLE,HYPO,25GA X 1 1/2IN,REG","IE706","L:30","","305127"
"1852","ANGIOCATH, 16GA, 5 1/4","IE706","L:4","","382259"
"2014","CONNECTOR,TUBING,5IN1,PLASTIC,","IE706","L:5","","501"
"2036","BLADE,SCALPEL,#11,W/O HANDLE","IE706","L:10","","371111"
"2042","DRESSING,TRANSPARENT,10INX5 1/","IE706","L:6","","1628"
"6754","STAPLER,GIA60,3.8MM","IE706","L:4","","GIA6038S"
"6755","RELOAD,GIA60,3.8MM","IE706","L:4","","GIA6038L"
"6759","RELOAD,TA60,3.5MM","IE706","L:6","","TA6035L"
"6761","RELOAD,STAPLER SURGICAL,THORAC","IE706","L:6","","TA9035L"
"10936","SYRINGE,W/O NEEDLE,20ML,LL TIP","IE706","L:20","","1182000777"
"12299","CHOLANGIOGRAPHY SET PERCUTANOU","IE706","L:4","","CS-01701"
"12888","KIT,ANTI-FOG,W/SPONGE,DROPPER","IE706","L:8","","CF-1002"
"14314","SPLINT, DELTA, LITE, 5X30","IE706","L:3","","OG-5PC"
"18141","DRESSING,GEN USE,ISLAND,4 X 4I","IE706","L:5","","7550"
"18739","BALLOON,DISSECTING,SPACEMAKER,","IE706","L:2","","OMST10BT"
"19845","DRESSING,FOAM,4 X 4IN,SQ,WATER","IE706","L:4","","55544"
"19954","BALLOON,TROCAR,10MM,STRUCTURAL","IE706","L:2","","OMS-T10SB"
"20128","DRESSING,FOAM,LARGE,SOFT,WHITE","IE706","L:5","","KTC627503410H"
"20187","CANISTER,NEG PRESS DRESS SYS,W","IE706","L:3","","M8275071/10"
"20188","DRESSING,VAC,MEDIUM,BLACK,KCI","IE706","L:4","","M8275040/10"
"20189","DRESSING,TRAC,FOAM,KCI,LG,BLAC","IE706","L:1","","M8275053/10"
"22472","STAPLER, TA-30, 3.5MM","IE706","L:4","","TA3035S"
"22475","STAPLER,SURG,INTERNAL TA,STR,L","IE706","L:2","","TA6035S"
"23581","NEEDLE,INSUFLATION,120MM","IE706","L:4","","172015"
"23582","ENDO,PEANUT,5MM,DISP,AUTOSUTUR","IE706","L:5","","173019"
"24459","STAPLER, TA45, 3.5MM, 3/BX","IE706","L:3","","TA4535S"
"24488","CONNECTOR,NEG PRESS DRESS SYS,","IE706","L:4","","M6275066/10"
"27022","DRESSING,HYDROCOLLOID,4 X 5IN,","IE706","L:12","","422299"
"27871","MEPILEX,BORDER LITE,3X3","IE706","L:5","","595200"
"30015","DRESSING,BORDER LITE,MEPILEX,6","IE706","L:10","","581500"
"30085","DRESSING STERILE 4INX4IN","IE706","L:20","","187971"
"31371","DRESSING,FOAM,BRIDGE,KCI","IE706","L:4","","M8275042/5"
"31725","DRESSING,WOUND,ABDOMINAL,AB TH","IE706","L:1","","ABT1055"
"31943","STAPLER,ENDO GIA,12MM,UNIVERSA","IE706","L:2","","EGIAUSTND"
"31947","STAPLER,ENDO,GIA60MM,PURPLE","IE706","L:8","","EGIA60AMT"
"31948","STAPLER,ENDO,GIA60MM,TAN","IE706","L:8","","EGIA60AVM"
"31949","STAPLER,ENDO GIA45MM,ARTICULAT","IE706","L:4","","SIG45AMT"
"31950","STAPLER,ENDO GIA45MM,ARTICULAT","IE706","L:5","","EGIA45AVM"
"31951","STAPLER,28MM,SINGLE USE","IE706","L:2","","EEA2835"
"31952","STAPLER,31MM,SINGLE USE","IE706","L:4","","EEA31"
"31954","STAPLER,GIA12MM,UNIV,SHORT","IE706","L:2","","EGIAUSHORT"
"31963","STAPLER,25MM,SINGLE USE","IE706","L:3","","EEA25"
"32016","SEAL CAP ASSEMBLY,ENDO,HAND AS","IE706","L:2","","C8XX2"
"32055","POUCH,ENDOSCOPIC,15MM,1.5CM FI","IE706","L:2","","173049"
"32263","STAPLER,GIA,80-3.8,SINGLE USE,","IE706","L:4","","GIA8038S"
"32333","LIGASURE,IMPACT","IE706","L:2","","LF4418"
"32335","RELOAD,GIA80,3.8MM","IE706","L:4","","GIA8038L"
"32463","ADHESIVE,LIQUID,MASTISOL","IE706","L:24","","0523-48"
"32598","APPLICATOR,ENDOSCOPIC,350MM,ST","IE706","L:4","","600225"
"33729","RELOAD,RADIAL,MED-THICK,EGIA","IE706","L:6","","SIGRADMT"
"33732","DEVICE,FIXATION,ABS,W/30 TACKS","IE706","L:4","","ABSTACK30X"
"33776","PROTECTOR,WOUND,LRG,9-14CM","IE706","L:5","","C8403"
"34016","PASSER,SUTURE,W/PILOT GUIDE","IE706","L:12","","173022"
"34107","RETRACTOR,PROTECTOR,WOUND,X LA","IE706","L:5","","C8404"
"34135","RETRACTOR,PROTECTOR,WOUND,MEDI","IE706","L:4","","C8402"
"34473","DRESSING,5 X 12.5IN,MEPILEX BO","IE706","L:5","","496605"
"34604","PACKING,VAGINAL,2IN X 36IN","IE706","L:1","","1-237"
"34710","NEEDLE,INSUFFLATION,VERES,L 15","IE706","L:6","","PN150"
"34711","RETRACTOR,PROTECTOR,WOUND,SMAL","IE706","L:5","","C8401"
"35507","RELOAD,RADIAL,ENDO,GIA,TRI-STA","IE706","L:6","","SIGRADXT"
"36013","LIGASURE,MARYLAND,JAW,5MM-37CM","IE706","L:4","","LF1937"
"36812","APPLICATOR,OBGN SWAB,8 INCH,NO","IE706","L:10","","C15052-008"
"36968","DRESSING,PREVENA,PEEL&PLACE,13","IE706","L:1","","PRE1101US"
"37216","DRESS,CUTIMED,SORBACT,WCL","IE706","L:10","","7266201"
"38455","SIGMOIDOSCOPE,LIGHTED,KIT,DISP","IE706","L:3","","KI613/10"
"38460","FINDER,OS,DISPOSABLE","IE706","L:4","","920019"
"38862","APPLIER,CLIP,ENDOSCOPIC,MED/LG","IE706","L:4","","EL5ML"
"38863","APPLIER,MULTIPLE CLIP,ENDOSCOP","IE706","L:5","","ER320"
"38865","TROCAR,BLADELESS,STABILITY,5MM","IE706","L:5","","B5LT"
"38868","TROCAR,BLADELESS,STABILITY,15M","IE706","L:4","","B15LT"
"38870","TROCAR,BLADELESS,STABILITY,12M","IE706","L:5","","B12LT"
"38873","SLEEVE,UNIVERSAL,STABILITY,CAN","IE706","L:5","","CB5LT"
"39581","MEPILEX,BORDER,SACRUM,16X20CM","IE706","L:10","","282055"
"40574","BALLOON,BLUNT TIP,KII,12X130","IE706","L:5","","C0R50"
"40575","FIOS,KII,FIRST ENTRY,5MMX100MM","IE706","L:1","","CFR03"
"41815","CAP,BOUFFANT,24IN,BLUE,FLUID P","IE706","L:3","","B24HD"
"42102","SIGNIA,POWER,SHELL","IE706","L:3","","SIGPSHELL"
"42175","SET,SEAL","IE706","L:1","","40-902"
"42568","DISSECTOR,LAPAROSCOPIC,CRV,JAW","IE706","L:2","","SCD7A39"
"44485","ELECTRODE,CAUTERY,L-HOOK TIP,L","IE706","L:6","","20"
"44487","FORCEPS,SURG,GRSPR,5MM X 35CM,","IE706","L:5","","C4130"
"44718","SWAB,STERILE,SCOPETTES,8INCH","IE706","L:4","","34-7022-50"
"45055","DEVICE,MYOSURE REACH,TISSUE RE","IE706","L:4","","10-403FC"
"45056","DEV,REM,MYOSURE LT,TISS,BLDE,H","IE706","L:4","","30-403LITE"
"45057","DEV,TISS REM,MYOSURE XL,HNDHLD","IE706","L:4","","50-603XL"
"45058","INST,SRG,WHT,BLU,OM LOK,CRV SL","IE706","L:5","","OLK-100"
"45096","SCISSORS,INSERT,CVD,METZ,36CM","IE706","L:10","","SP8301"
"45818","MANIPULATOR,UTERINE,ENDO,2.5CM","IE706","L:3","","KC-RUMI-25"
"45819","MANIPULATOR,UTERINE,ENDO,3CM,K","IE706","L:3","","KC-RUMI-30"
"45820","MANIPULATOR,UTERINE,ENDO,3.5CM","IE706","L:3","","KC-RUMI-35"
"45821","MANIPULATOR,UTERINE,ENDO,4CM,K","IE706","L:3","","KC-RUMI-40"
"45822","MANIPULATOR,UTERINE,TIP ONLY,5","IE706","L:3","","UML516"
"45823","MANIPULATOR,UTERINE,TIP ONLY,6","IE706","L:3","","UMW676"
"45824","MANIPULATOR,UTERINE,TIP ONLY,6","IE706","L:6","","UMB678"
"45825","MANIPULATOR,UTERINE,TIP ONLY,6","IE706","L:4","","UMG670"
"48260","STAPLER,GIA,100MM,3.8MM","IE706","L:4","","GIA10038S"
"48262","STAPLER,RELOADABLE,GIA,100MM,3","IE706","L:6","","GIA10038L"
"48748","RETRACTOR,WOUND,PROTRACTOR,ALE","IE706","L:2","","C8323"
"48749","RETRACTOR,WOUND,ALEXIS,XSMALL,","IE706","L:2","","C8322"
"48788","MANIPULATOR,UTERINE,INJECTOR,5","IE706","L:6","","6003"
"49740","ELECTRODE,CUTTING,BIPO,22FR,12","IE706","L:2","","46221333US"
"49741","ELECTRODE,UROLOGY,BIPOLAR,CUTT","IE706","L:2","","4622.2533"
"49742","ELECTRODE,BIPOLAR,BLU  Replace","IE706","L:2","","46300223"
"49917","PNEUMOCLEAR INSUFFLATOR","IE706","L:5","","620050250"
"50166","DRESSING,SACRUM,OPTIVIEW","IE706","L:5","","MSCOV77EP"
"50230","DRESSING,OPTIVIEW,SACRUM,9X9","IE706","L:5","","MSCOV99EP"
"50759","PACK,FLUENT PRO,DISPOSABLE","IE706","L:2","","FLT-212S"
"50955","TUBE, SCTN/IRRIGATOR W/TIP","IE706","L:4","","250-070-520"
"50991","OPTIVIEW 6X6 WND DRSING MULTI","IE706","L:10","","MSCOVM6EP"
"1501","BOWL,MIXING,SINGLE,STERILE","IE707","L:1","","00-5049-001-00"
"1789","STAPLER,SKIN,SS,35 WIDE,W/SS S","IE707","L:2","","PXW35"
"1890","HEMOVAC,MEDIUM,1/8IN,10FR","IE707","L:4","","SU130-402D"
"2015","DRAPE,IOBAN 2","IE707","L:15","","6650EZ"
"2514","DRAPE,IOBAN 2,23IN X 33IN","IE707","L:4","","6651EZ"
"3131","REAMER,STEEL,SWANSON,07-S1605","IE707","L:4","","07-S1605"
"3135","BUR,ROUND,04-C0109","IE707","L:4","","04-C0109"
"3137","BUR,CARBIDE,OVAL,03-C0901","IE707","L:4","","03-C0901"
"3139","DRLL WIRE PASS 1.0MM (5300-10-","IE707","L:5","","5300-010-059"
"3141","DRILL WIRE PASS (04-S1703)","IE707","L:4","","04-S1703"
"3147","BUR,ROUND,CARBIDE,10-C0107","IE707","L:4","","10-C0107"
"3149","BUR,SIDE,CUTTING,04-S1501","IE707","L:4","","04-S1501"
"5178","WIRE,ORTHO,KIRSCHNER,SMOOTH,PO","IE707","L:10","","47-0186-044-00"
"5182","RETRIEVER,SUTURE,HEWSON,OVERAL","IE707","L:4","","71111579"
"5185","WIRE,ORTHO,KIRSCHNER,SMOOTH,DB","IE707","L:10","","47-0186-004-14"
"5638","DRAPE,STERI,U,STERILE","IE707","L:5","","D1015"
"6025","SPLINT FINGER","IE707","L:2","","79-73211"
"14330","SPONGE,NEURO,.5X3IN,PATTIE","IE707","L:8","","NEUROSPNG09"
"18172","BANDAGE,ELASTIC,4IN X 5YD,LTX-","IE707","L:10","","DYNJ05154LF"
"18173","BANDAGE,ELASTIC,6IN X 5YD,LF","IE707","L:8","","DYNJ05156LF"
"18174","BANDAGE,COBAN,4IN,STERILE","IE707","L:6","","2084S"
"18175","BANDAGE,COBAN,6IN,STERILE","IE707","L:10","","2086S"
"18401","PATTIE,SURGICAL,1X1","IE707","L:2","","30-059"
"22938","NEEDLE,MULTIFIRE,SCORPION","IE707","L:5","","AR-13995N"
"27388","BANDAGE,ESMARK,6IN X 12FT,LATE","IE707","L:4","","DYNJ05919"
"28642","BLADE,AGGRESSIVE PLUS,4.0MM","IE707","L:5","","0375-544-000"
"28647","BLADE,BARREL,BUR,5.5MM,12 FLUT","IE707","L:5","","0375-951-012"
"28672","BLADE,ANGLED,4.0MM,TOMCAT","IE707","L:6","","0380-545-100"
"28980","TUBING,CROSSFLOW,INFLOW,CASSET","IE707","L:3","","450000100"
"29265","BANDAGE,ESMARK,4IN X 12FT,LATE","IE707","L:4","","DYNJ05917"
"29333","PAD,LEG HOLDER,DISPOSABLE","IE707","L:1","","713600"
"30755","CANNULA,THREADED,8.5MMX72MM","IE707","L:5","","72200903"
"31533","BLADE,SAGITTAL,18X1.19X90MM","IE707","L:12","","6118-119-090"
"31534","BLADE,SAGITTAL,2108-140-000","IE707","L:8","","2108-140-000"
"31536","BLADE,SAGITTAL,2108-107-009","IE707","L:8","","2108-107-009"
"31537","BLADE,SAGITTAL,6125-119-090","IE707","L:16","","6125-119-090"
"31538","BLADE,RECIPROCATING,277-96-325","IE707","L:4","","10070119SR1"
"31539","BLADE,RECIPROCATING,277-96-275","IE707","L:4","","0277-096-275"
"32118","ADAPTER,IRRIGATION,DUAL","IE707","L:5","","0250-070-419"
"32302","WIRE,KIRSCHNER,.045","IE707","L:10","","47-0186-060-00"
"32303","WIRE,KIRSCHNER,.062","IE707","L:5","","47-0186-076-00"
"32540","BLADE,SAGITTAL,6221-137-090","IE707","L:5","","6221-137-090"
"33018","BUR,ROUND,FLUTED,3.0MM,SFT TOU","IE707","L:4","","5820-010-140"
"33019","BUR,ROUND,FLUTED,4.0MM,SFT TOU","IE707","L:4","","5820-010-140"
"33026","BUR,ROUND,DIAMOND,4.0MM","IE707","L:4","","5820-012-040"
"33033","BUR,ROUND,DIAMOND,COURSE,3.0MM","IE707","L:4","","5820-013-030"
"33084","RASP,LARGE,TEAR, 5100-37-116","IE707","L:4","","5100-037-116"
"33085","BLADE,LONG,NARROW,2296-3-414","IE707","L:8","","2296-003-414"
"33086","BLADE,LONG,MEDIUM, 2296-33-111","IE707","L:10","","2296-033-111"
"33634","BLADE,LONG,MEDIUM,31.MMX9.0MM","IE707","L:6","","2296-033-125"
"33754","PATTIE,SURGICAL,1/2X1/2","IE707","L:10","","85992C"
"33762","BUR,EURO,3.0MM,5820-107-530","IE707","L:6","","5820107530"
"33763","SPONGE,LAPAROTOMY,STERILE,3X17","IE707","L:6","","4048"
"33965","HEADBAND,SURGICAL HOOD,T7 TYPE","IE707","L:8","","0408-210-000"
"34729","DRESSING,WOUND,6IN X 12.6IN,AN","IE707","L:15","","ABS-4050"
"36001","CANNULA,CLEARTRAC,7.0MM,SMOOTH","IE707","L:6","","72200906"
"37076","SYSTEM,SKIN CLOSURE,PRINEO,W/D","IE707","L:4","","CLR222US"
"37106","PATTIE,SURGICAL,1/2 X 1 CODMAN","IE707","L:5","","801402"
"39125","ROUND,CARBIDE,2.0MM","IE707","L:3","","5820110020C"
"40507","CARTRIDGE,SAW,OSCILLATING TIP,","IE707","L:4","","6725127105"
"40509","CARTRIDGE,OSCILLATING TIP,PREC","IE707","L:4","","6725-127-090"
"41585","PATTIE,SURGICAL,1X3","IE707","L:10","","30-060"
"41635","SOLUTION,STERILE,BETADINE","IE707","L:10","","65041130"
"44134","BUR,PRECISION,ROUND,2FLUTE,4.0","IE707","L:2","","5820-009-040"
"47296","HANDPIECE,IRRIGATION/ASPIRATIO","IE707","L:4","","0210-114-000"
"48682","CUFF,TOURNIQUET,STERILE,DISPOS","IE707","L:3","","5921-034-135"
"48900","YANKAUER HIGH CAPACITY","IE707","L:10","","K62"
"49830","HOOD SURGICAL T7 WITH PEEL AWA","IE707","L:10","","0416-800-100"
"50026","CUFF,TOURNIQUET,NON-STERILE,DI","IE707","L:4","","5921-218-135"
"50989","STANDARD ULTRA LIMP TUBING","IE707","L:6","","24-5103-00"
"59988","ATTACHMENT BALL 5MM DURAPRO 22","IE707","L:1","",""
"59991","ATTACHMENT BALL 5MM DURAPRO 22","IE707","L:1","",""
"59992","ATTACHMENT BARREL 3MM DURAPRO","IE707","L:1","",""
"59993","ATTACHMENT BARREL 3MM DURAPRO","IE707","L:1","",""
"60055","FORCEPS, BIPOLAR, SUTTER SWYNG","IE707","L:3","","6780-230-015"
"78710","NEEDLE,COUNTER,MAGNET,FOAM BLO","IE707","L:2","","70512"
"96508","DRESSING-6INX4YD-WEBRIL-STERIL","IE707","L:2","","DYNJ066006"
"166","CELLULOSE,OXIDIZED,4 X 8IN,ABS","IE708","L:30","","1952S"
"1509","LOOP-VESSEL-RED-MAXI","IE708","L:10","","19-11011"
"1788","BOOTIE,SUTURE,YELLOW","IE708","L:6","","051003PBX"
"1792","CLIP,SURG,LIGATING,SM,HEMOCLIP","IE708","L:20","","1200"
"1793","CLIP,SURG,LIGATING,HEMOCLIP,10","IE708","L:20","","2200"
"1794","CLIP,SURG,LIGATING,LG,HEMOCLIP","IE708","L:5","","523370"
"2406","CLAMP,BULLDOG,MAXI,ANGLED,BLUE","IE708","L:4","","1001-505"
"2531","KNIFE,OPHTH,MICRO-UNITOME,SIDE","IE708","L:4","","377516"
"2967","CATHETER-EMBOLECTOMY-LATEX-FRE","IE708","L:3","","A4E02"
"2968","CATHETER-EMBOLECTOMY-LATEX-FRE","IE708","L:3","","120803F"
"2970","CATH,EMBOLECTOMY,2FR,L 80CM,BL","IE708","L:2","","120602F"
"4144","CATHETER-EMBOLECTOMY-LATEX-FRE","IE708","L:3","","120804F"
"5576","LOOP,SURG,VESSEL,RED MINI,0.03","IE708","L:10","","011001PBX"
"7458","SHUNT, CAROTID, 6IN","IE708","L:4","","8888577775"
"15936","ACCESSORY KIT,GUIDEWIRE,MULTI-","IE708","L:6","","TD01"
"17962","CATHETER-THROMBECTOMY-80CM-10F","IE708","L:3","","32080810F"
"19898","SYRINGE,CONTROL,10ML,LUER LOCK","IE708","L:5","","309695"
"20028","BLADES,MYRINGOTOMY 715,SPEAR","IE708","L:10","","1458276"
"20295","CATHETER-FOGARTY-ADHERENT-CLOT","IE708","L:4","","140806"
"20408","DILATOR,RADIOPAQUE,20FR","IE708","L:4","","G01471"
"20449","CATH,EMBOLECTOMY,7FR,L 80CM,BL","IE708","L:3","","NL7EMB80T"
"20876","CATHETER,GLIDE","IE708","L:4","","CG507"
"20877","CATHETER,GLIDE,5FR,65CM,STR","IE708","L:4","","RF*XI7510GA"
"20899","WIRE,GLIDE,ANGLE TIP,.35IN DIA","IE708","L:8","","RF*GA35263A"
"22444","INTRODUCER,SHEATH,8FR,10/11CM,","IE708","L:4","","RSB802"
"22456","INTRODUCER,SHEATH,6FR,L 10CM,P","IE708","L:10","","RSB602"
"22470","INTRODUCER,SHEATH,7FR,L 10CM,W","IE708","L:4","","RSB702"
"22507","INTRODUCER,SHEATH,6FR,L 25CM,G","IE708","L:5","","M00115965B1"
"22508","INTRODUCER,SHEATH,VASCULAR,7FR","IE708","L:5","","RSB703"
"22510","ADAPTER,SIDE ARM,LG BORE TUOHY","IE708","L:4","","G06299"
"22511","ACCESSORY,ANGIOGRAPHY,FLOSWITC","IE708","L:4","","M001442011"
"22519","GUIDEWIRE,VASCULAR,SPECIALTY,D","IE708","L:6","","RF*GA35183A"
"22520","GUIDEWIRE,VASCULAR,L 180CM,FLE","IE708","L:4","","RF*GS35183A"
"22521","GUIDEWIRE,VASCULAR,DIA 0.035IN","IE708","L:4","","RF*GA35263A"
"22523","GUIDEWIRE,VASCULAR,STIFF SHAFT","IE708","L:4","","RF*PA35183A"
"22524","GUIDEWIRE,VASCULAR,STIFF SHAFT","IE708","L:4","","RF*PS35183A"
"22525","GUIDEWIRE,VASCULAR,STIFF SHAFT","IE708","L:5","","RF*PA35263A"
"22537","GUIDEWIRE,VASCULAR,AMPLATZ SUP","IE708","L:5","","M001465251"
"22545","GUIDEWIRE,VASCULAR,ROSEN,DIA 0","IE708","L:5","","M001491571"
"22547","DEVICE,PTA INFLATION,DILATATIO","IE708","L:4","","IN4130"
"22590","TUBING,ARTERIAL PRESSURE,48IN,","IE708","L:6","","92051483"
"22608","INTRODUCER,SHEATH,ANSEL MOD 2,","IE708","L:4","","G29983"
"22609","INTRODUCER,SHEATH,ANSEL,7FR,L","IE708","L:4","","G29986"
"22616","CATHETER,SIM2,5F","IE708","L:4","","G08420"
"22620","GLIDECATH,5FR,65CM LONG,COBRA1","IE708","L:4","","RF*XB4510GA"
"22622","CATH,DIAG,BEACON TIP TORCON NB","IE708","L:4","","G12170"
"22623","CATH,ANGIOGRAPHY,5FR,L 100CM,A","IE708","L:4","","G11457"
"22687","SYSTEM,SUTURE MEDIATED CLOSURE","IE708","L:4","","12673-03"
"23523","CLAMP,BULLDOG,MINI,STRAIGHT,RE","IE708","L:3","","1001-502"
"23524","CLAMP,BULLDOG,MINI,ANGLED,RED","IE708","L:4","","1001-503"
"23525","CLAMP,BULLDOG,MAXI,STRAIGHT,BL","IE708","L:6","","1001-504"
"23604","WIRE,AMPLATZ,SUPER STIFF,SHORT","IE708","L:4","","M001465091"
"23607","HEADHUNTER, SOFT, VU-1-5F","IE708","L:4","","10708905"
"23609","BERENSTEIN-5F/65CM/.038","IE708","L:5","","10722104"
"23720","LUNDERQUIST-WIRE","IE708","L:4","","G31453"
"23786","INTRODUCER,CHECK FLO,EXTRA LAR","IE708","L:4","","G12831"
"23879","CATH,DIAG,SOFT-VU,5FR,L 65CM,G","IE708","L:4","","10732203"
"23917","CATHETER-PIGTAIL-SIZING-ANGIOG","IE708","L:3","","H787137098035"
"24045","CATHETER,RIM,5FR","IE708","L:4","","56535RIM"
"24112","CATH,DIAG,SEL,SOFT-VU,SOS OMNI","IE708","L:2","","10720405"
"24341","SET,PUNCTURE,MICRO,6FR","IE708","L:4","","G12423"
"24384","INTRODUCER,SHEATH,PER-Q,6FR,L","IE708","L:4","","CL-07645"
"26592","STOPCOCK,3-WAY,HI PRES","IE708","L:6","","H3RRC"
"26800","INTRODUCER,SHEATH,VASCULAR,18F","IE708","L:4","","G11672"
"27013","GUIDEWIRE,VASCULAR,DIA 0.014IN","IE708","L:4","","G08777"
"27050","DECANTER,BAG,L/F","IE708","L:10","","10-102"
"27278","WIRE,ROADRUNNER,.014,300CM","IE708","L:4","","G08801"
"27383","SNARE,18-30MM","IE708","L:4","","EN2007030"
"27384","SNARE,9-15MM","IE708","L:3","","EN2006015"
"27642","SEALANT,SURG,FLOSEAL,COLLAGEN/","IE708","L:20","","ADS202105"
"28036","CATH,DIAG,ANGIO,ACCU-VU,VESSEL","IE708","L:3","","H787137098015"
"28494","CATH,DIAG,ANGIO,GLIDECATH,ANG","IE708","L:4","","CG508"
"28765","CLAMP,BULLDOG,MIDI,STRAIGHT,WH","IE708","L:8","","1001-500"
"28766","CLAMP,BULLDOG,MIDI,ANGLED,WHIT","IE708","L:4","","1001-501"
"28962","NEEDLE,INTRODUCER,PER-Q,18GA,L","IE708","L:6","","G00273"
"29193","CATHETER,GLIDE,C2","IE708","L:4","","CG502"
"29319","BALLOON,ANGIOPLASTY,PTA DILATA","IE708","L:4","","AB35W06040080"
"29321","BALLOON,ANGIOPLASTY,PTA DILATA","IE708","L:4","","AB35W07020080"
"29322","BALLOON,ANGIOPLASTY,PTA DILATA","IE708","L:4","","AB35W07040080"
"29323","BALLOON,ANGIOPLASTY,PTA DILATA","IE708","L:4","","AB35W07080080"
"29324","BALLOON,ANGIOPLAST,PTA DILATAT","IE708","L:4","","AB35W08040080"
"29325","BALLOON,ANGIOPLASTY,PTA DILATA","IE708","L:4","","AB35W09020080"
"29326","BALLOON,ANGIOPLASTY,PTA DILATA","IE708","L:4","","AB35W09040080"
"29327","BALLOON,ANGIOPLASTY,PTA DILATA","IE708","L:4","","AB35W10020080"
"29328","BALLOO,ANGIOPLASTY,PTA DILATAT","IE708","L:2","","AB35W10040080"
"29329","BALLOON,ANGIOPLASTY,PTA DILATA","IE708","L:4","","AB35W08020080"
"29373","BALLOON,ANGIOPLASTY,PTA DILATA","IE708","L:4","","AB35W04020080"
"29883","ANGIOSEAL,STS PLUS,8FR","IE708","L:5","","610131"
"29910","BALLOON,ANGIOPLASTY,PTA DILATA","IE708","L:4","","AB35W06020080"
"29911","BALLOON,ANGIOPLASTY,PTA DILATA","IE708","L:4","","AB35W05020080"
"29912","BALLOON,ANGIOPLASTY,PTA DILATA","IE708","L:4","","AB35W05040080"
"29955","BALLOON,ANGIOPLASTY,PTA DILATA","IE708","L:4","","AB35W12020080"
"29956","BALLOON,ANGIOPLASTY,PTA DILATA","IE708","L:4","","AB35W03020080"
"29957","BALLOON,ANGIOPLASTY,PTA DILATA","IE708","L:4","","AB35W03040080"
"29965","BALLOON,ANGIOPLAST,PTA,DILATIO","IE708","L:2","","AB35W12040080"
"30196","WIRE,SPARTACORE,300CM","IE708","L:4","","M001492971"
"30296","CATHETER,EMBOLECTOMY,3FR,80CM","IE708","L:2","","12TLW803F"
"30297","CATHETER,EMBOLECTOMY,4FR,80CM","IE708","L:4","","12TLW804F"
"30299","CATHETER,EMBOLECTOMY,6FR,80CM","IE708","L:4","","12TLW806F"
"32172","BALLOON,ANGIOPLASTY,PTA DILATA","IE708","L:4","","AB35W04040080"
"32508","CATHETER,SUPPORT,TRAILBLAZER","IE708","L:3","","PNNA18153H"
"32531","BALLOON,ANGIOPLASTY,DILATION","IE708","L:3","","REL46"
"32973","WIRE,GLIDE,ADVANTAGE,260","IE708","L:4","","GA3502"
"33169","FLUSH,OMNI,5FR,90CM","IE708","L:4","","H787107322045"
"33957","WIRE,MEIER,260CM,.035 W/C TIP","IE708","L:4","","M001306021"
"35434","GUIDEWIRE,AMPLATZ,SUPER STIFF,","IE708","L:4","","M001465261"
"35451","INTRODUCER,MICRO,STIFFEN,5FR","IE708","L:6","","7272V"
"35495","CATH,FOGARTY,DECLOT,5.5X80","IE708","L:4","","12TLW805F35"
"35886","DEVICE,VASCULAR CLOSURE,ANGIOS","IE708","L:4","","610130"
"35962","SYRINGE,POWER INJECTABLE","IE708","L:4","","ART 700 SYR"
"36123","CATH,OCCLUSION,9FR,L 120CM,BLN","IE708","L:4","","G03831"
"36427","SHEATH,INTRODUCER,4FR,2.5CM","IE708","L:4","","RSS402"
"36428","SHEATH,INTRODUCER,5FR,2.5CM","IE708","L:4","","RSS502"
"36429","SHEATH,INTRODUCER,6FR,2.5CM","IE708","L:4","","RSS602"
"36726","GUIDEWIRE,VASCULAR,PERIPH,STEE","IE708","L:4","","2078175"
"36752","INTERVENTIONAL,QUIKCLOT,W/OUT","IE708","L:6","","467-Z"
"39071","GUIDING SHEATH STRAIGHT 6.5FR","IE708","L:4","","DST0655507D2"
"39084","INTRODUCER SHEATH PINNACLE 45C","IE708","L:4","","54-74501"
"42030","SHEATH,8FR,90CM","IE708","L:2","","54-89001"
"42035","SHEATH,FLEX,DRYSEAL,12FR,45CM","IE708","L:3","","GDSF1245"
"42516","SHEATH,RDC,6F X 45CM","IE708","L:2","","RSR13"
"42551","R2P DESTINATION SLENDER","IE708","L:3","","GS-R6ST1C95W"
"44086","SYRINGE,MEDICATION,HIGH-PRESSU","IE708","L:4","","DYNJSYRPC10R"
"44430","DRYSEAL FLEXSHEATH 20FR 33CM","IE708","L:3","","DSF2033"
"47772","SHEATH,INTRODUCER,11FR,25CM","IE708","L:3","","RSS102"
"47791","STENT,BILIARY,BLN 4 X 10MM,BLN","IE708","L:3","","P4010"
"47792","STENT PALMAZ UNMOUNTED XL 30MM","IE708","L:3","","P3110"
"48282","GLIDEWIRE,GT,180, DOUBLE ANGLE","IE708","L:5","","RG*GW1820SP"
"48459","SHEATH,FLEX,DRYSEAL,14FR,33CM","IE708","L:3","","DSF1433"
"48666","INTRO,SHTH,9FR,2.5CM,10CM,DIL,","IE708","L:4","","RSB902"
"48667","SHTH,INTRO,10CM,10FR,PNCL,.038","IE708","L:4","","RSS002"
"48668","INTRODUCER,SHEATH,11FR,L 10CM,","IE708","L:4","","RSS102"
"49103","CATHETER,TRANSCAROTID BALLOON","IE708","L:2","","SR-4025-BC"
"49104","CATHETER,TRANSCAROTID BALLOON","IE708","L:2","","SR-5025-BC"
"49105","CATHETER,TRANSCAROTID BALLOON","IE708","L:1","","SR-4035-BC"
"49106","CATHETER,TRANSCAROTID BALLOON","IE708","L:2","","SR-5035-BC"
"49122","TUNNELER,SHEATH,LARGE (BLUE)","IE708","L:4","","9009-16"
"49123","TUNNELER,SHEATH,SMALL (GREEN)","IE708","L:4","","9009-18"
"49124","TUNNELER,SHEATH,LARGE (BLUE)","IE708","L:4","","9009-20"
"49125","TUNNELER,SHEATH,FULL CURVE,LAR","IE708","L:4","","9009-21"
"49126","TUNNELER,SHEATH,SMALL (YELLOW)","IE708","L:4","","9009-22"
"49127","TUNNELER,SHEATH,FULL CURVE,SMA","IE708","L:4","","9009-23"
"50386","SHEATH, STRAIGHT 6 X 65CM","IE708","L:2","","RSP01"
"50387","SHEATH, RDC 7F X 45CM","IE708","L:2","","RSR15"
"50388","SHEATH, STRAIGHT 7F X 65CM","IE708","L:2","","RSP02"
"50389","SHEATH, STRAIGHT 7F X 90CM","IE708","L:2","","RSC06"
"50465","INSERT,SURGICAL CLAMP,ATRAUMAT","IE708","L:5","","A0G11"
"50467","SYS,ATHRCM,HAWKONE,H1-S","IE708","L:2","","H1-S"
"50468","SYS,ATHRCM,HAWKONE,H1-M","IE708","L:2","","H1-M"
"50469","SYS,ATHRCM,HAWKONE,H1-LS","IE708","L:2","","H1-LS"
"50470","SYS,ATHRCM,HAWKONE,H1-LX","IE708","L:2","","H1-LX"
"50479","CATH,DIAG,SUPPORT,TRAILBLAZER,","IE708","L:4","","ASC-035-135"
"50480","CATH SPRT 135CM 4FR 5FR TRLBLZ","IE708","L:4","","ASC-014-135"
"50482","CATH SPRT 150CM 4FR .58MM TRLB","IE708","L:4","","ASC-018-150"
"50624","SPONGE,ABSORBABLE,GELATIN,SURG","IE708","L:10","","1974"
"50698","SHEATH,8FR,45CM","IE708","L:2","","54-84501"
"51015","CATHETER,ANGLED,TRAILBLAZER,.0","IE708","L:4","","ASC-014-150"
"51018","CATHETER,ANGLED,TRAILBLAZER,.0","IE708","L:4","","ASC-035-090"
"59258","INTRODUCER SHEATH PINNACLE 90C","IE708","L:3","","RSC04"
"59408","GUIDEWIRE, PTFE 035 X 260CM FC","IE708","L:4","",""
"59409","GUIDEWIRE, PTFE 035 X 180CM F","IE708","L:4","",""
"59456","LUNDERQUIST EXTRA-STIFF DOUBLE","IE708","L:5","","G45208"
"78754","FLESHEATH,DRYSEAL,16FR,33CM","IE708","L:2","","DSF1633"
"78926","GUIDEWIRE,ENROUTE,.014 X 95CM","IE708","L:4","","SR-014-GW"
"78927","TRANSCAROTID,ENROUTE,NEUROPROT","IE708","L:2","","SR-200-NPS"
"78928","INTRODUCER,MICRO,KIT,GALT,STER","IE708","L:4","","KIT-075-05-BX"
"99159","FLEXSHEATH,DRYSEAL,12FR,33CM","IE708","L:3","","GDSF1233"
"99162","FLEXSHEATH,DRYSEAL,18FR,33CM","IE708","L:2","","DSF1833"
"1493","CLEANER,PAD,TIP,TEFLON","IE709","L:6","","31142790"
"1542","SPO GE,SURG,KITTNER,5 1/4 X 9/","IE709","L:1","","81-1000"
"1757","TUBE,TRACH,CUFFED,8 DFEN,FENES","IE709","L:4","","8DIC"
"1828","NEEDLE,30GAX1/2IN,DISPOSABLE","IE709","L:15","","305106"
"1884","DRAIN, FLAT, 7MM, SILICONE, ST","IE709","L:8","","SU130-1310"
"1888","BULB, RESERVOIR, DRAINAGE, 100","IE709","L:8","","SU130-1305"
"1953","DRAIN,WOUND,JP,DIA 10MM,FLAT,F","IE709","L:8","","SU130-1311"
"1963","TUBE,TRACH,CUFFLESS,6CFS","IE709","L:4","","6UN75R"
"1966","GARTER,EYE","IE709","L:4","","L50AC"
"1967","SHIELD,EYE,FOX,ALUMINUM","IE709","L:12","","1276"
"2058","TUBE,TRACH,CUFFED,SIZE 6","IE709","L:4","","6CN75A"
"2059","TUBE,TRACH,LO CUFF PRES,SZ 8,L","IE709","L:4","","8CN85A"
"2093","DRAPE,APERUTURE,SMALL","IE709","L:4","","DYNJSD1020"
"2530","CAUTERY,LOW TEMP,STERILE","IE709","L:2","","ESCT000"
"2669","SPONGE-TONSIL-LG-1IN-STERILE","IE709","L:4","","30-037"
"4993","TUBE,LARYNGECTOMY,10LGT","IE709","L:4","","10LGT"
"5198","DRAIN,WOUND,PENROSE,SILCONE,PR","IE709","L:8","","DYND50427"
"5375","WIPE,INSTRUMENT,LINT FREE,STER","IE709","L:10","","581047"
"6353","APPLICATOR,TIPPED,COTTO,L 6IN,","IE709","L:100","","MDS202000"
"7689","HOLDER,DRESSING,NASAL","IE709","L:8","","600"
"9305","DRESSING,GEN USE,ABD PAD,8 X 1","IE709","L:8","","9194A"
"9626","SPECIMEN TRAP,MUCOUS,40CC","IE709","L:8","","DYND44180"
"9860","GUARD,TEETH/MOUTH,PLSTC,LG,OFF","IE709","L:10","","9-3041-03"
"13722","SPLINT,SIMPLE","IE709","L:20","","15-22000"
"13724","SPLINT,THERMA","IE709","L:5","","1529020"
"18827","HOLDER,TUBE,TRACH,3/4IN,ADJ","IE709","L:5","","240"
"18945","LOCATOR-NERVE-SURGICAL-VERISTI","IE709","L:10","","8562010"
"19898","SYRINGE,CONTROL,10ML,LUER LOCK","IE709","L:8","","309695"
"19957","T TUBE,VENTILATION,GOODE","IE709","L:4","","10-16010"
"20028","BLADES,MYRINGOTOMY 715,SPEAR","IE709","L:5","","1458276"
"20119","SPLINT-NASAL-SMALL-SILICONE-SE","IE709","L:12","","890915"
"21022","KIT,DRESSING,EAR,STERILE","IE709","L:2","","S-1000"
"24144","COVER,ULTRASOUND PROBE,NAVIGAT","IE709","L:1","","GPC415"
"24558","TUBE, TRACH, 4DFEN, L/P FENEST","IE709","L:4","","4DFEN"
"26979","TUBE,TRACH,PROXIMAL,8.0MM","IE709","L:4","","80XLTCP"
"27643","TUBE,VENTILATION,BEVELED,STRAI","IE709","L:5","","70140345"
"27979","TUBE,TRACH,SHILEY XLT,CUFFED,I","IE709","L:3","","60XLTCP"
"27981","TUBE,TRACH,CUFFED,DISTAL,6.0MM","IE709","L:3","","60XLTCD"
"27982","TUBE,TRACH,CUFFED,DISTAL,7.0MM","IE709","L:4","","70XLTCD"
"27983","TUBE,TRACH,CUFFED,DISTAL,8.0MM","IE709","L:3","","80XLTCD"
"28628","WICK,EAR,9 X 15MM,MEROCEL POPE","IE709","L:50","","400141"
"28829","CORD,12FT,BIOPOLAR,FOOTSWITCHI","IE709","L:6","","E0512"
"28981","DRAIN,SILICONE,BLAKE,19FR,ROUN","IE709","L:6","","2232"
"29161","SUTURE 2-0 MONOCRYL PLUS,36IN,","IE709","L:72","","MCP945H"
"29489","DRAIN,WOUND,PENROSE,SILCONE,PR","IE709","L:4","","BTCGR203H"
"29684","DRAIN,SILICONE,ROUND,TROCAR","IE709","L:4","","SU130-0323"
"32185","TUBE,VENTILATION,REUTER BOBBIN","IE709","L:4","","10-10201"
"32639","CURVED,SMALL JAW,OPEN SEALER/D","IE709","L:3","","LF2019"
"32712","TRAP,SPECIMEN W/2 STRAINERS,ET","IE709","L:2","","BX00711099"
"32770","DRESSING,NASAL,LAMINATED,8CM","IE709","L:10","","470404"
"35467","ELECTRODE,APS,NERVE,4 CHANNEL","IE709","L:4","","8227411"
"37054","SUTURE,STRATAFIX SPIRAL,CLEAR,","IE709","L:24","","SXMP1B103"
"37055","SUTURE,STRATAFIX SPIRAL,CLEAR,","IE709","L:24","","SXMP1B119"
"37176","SUTURE,FIBERWIRE,#5,BLUE","IE709","L:24","","AR-7211"
"40407","FIBER,LASER,CO2,295 MICRON,L2M","IE709","L:2","","AC-1059590"
"41605","SPLINT,NASAL,CHITOSAN,DIS","IE709","L:5","","XG-108"
"42148","FORCEP,BIPOLAR ADSON,SERRATED","IE709","L:10","","20-1080I"
"44448","WESTCOTT SCISSORS","IE709","L:10","","21-4010"
"44874","TIPS,SILICONE,MGA","IE709","L:2","","PTRTA"
"47343","DRSG,HEMOPORE,8CM,SIN NSL,BIOR","IE709","L:2","","5400-020-208"
"47763","PROBE,CONTROL,SURGEON,PRASSTIP","IE709","L:2","","8225825X"
"47798","DRAPE,SURG,MICROSCOPE","IE709","L:1","","306028-0000-000"
"48350","DISPOSABLE SUCTION COAG","IE709","L:4","","SCF10"
"48351","COAGULATOR,SUCTION,8FR,3M,CABL","IE709","L:5","","ARNSCF08"
"48433","COMPONENT,MOUTH GAG,DAVIS,SIL,","IE709","L:12","","70305"
"48751","BLADE,ENDO,SINUS,CURVED,4MM,RO","IE709","L:3","","1884006EM"
"48753","BLADE,ENDO,SINUS,DIA 2.9MM,ROT","IE709","L:3","","18-82940HR"
"48754","BLADE,ENDO,QUADCUT,L 13CM,ROTA","IE709","L:3","","1884380EM"
"48755","TRACKER,NAVIGATION ,SYSTEM,NIN","IE709","L:3","","9734887XOM"
"48756","TRACKER,NAVIGATION,ENT,INSTRUM","IE709","L:2","","9733533XOM"
"48780","HOLDER,NEEDLE,CASTROVIEJO,STR","IE709","L:10","","90-7001"
"48826","TUBING,IRRIGATION,XOMED,POWER,","IE709","L:3","","18-95522"
"49871","MARKER SURGICAL MARGINMARKER 6","IE709","L:3","","MMS6"
"50064","TUBE MYRINGOTOMY PAPARELLA TYP","IE709","L:2","","70241044"
"50066","EXTERNAL NASAL SPLINT SM","IE709","L:2","","15-28111"
"50296","PROBE SURGICAL PTEYE PARATHYRO","IE709","L:1","","PTEYE-1"
"50619","POUCH INSTRUMENT 3 POCKET ADHE","IE709","L:2","",""
"50691","TUBING,SUCTION,IRRIGATION,LEVI","IE709","L:4","",""
"50808","WAND ELECTRODE ABLATOR EVAC 70","IE709","L:1","",""
"50989","STANDARD ULTRA LIMP TUBING","IE709","L:5","","24-5103-00"
"50990","CB INFILTRATION TUBING","IE709","L:5","","24-6008-00"
"51002","EXTENDED, FINE DIAMOND","IE709","L:2","","5820-012-310"
"51003","EXTENDED,FINE DIAMOND 1.5MM","IE709","L:2","","5820-012-315"
"51004","EXTENDED,FINE DIAMOND 2MM","IE709","L:2","","5820-012-320"
"51005","EXTENDED,FINE DIAMOND 3MM","IE709","L:2","","5820-012-330"
"59688","WAND ELECTROSURGICAL ARIS TURB","IE709","L:2","",""
"60032","DRAPE,CHEST/BREAST","IE709","L:3","","DYNJP2491"
"214","TAPE,TRANSPORE,1IN,HYPO","IE711","L:20","","1527-1"
"1604","SURGIFIX,SZ#8","IE711","L:1","","MT08"
"1826","NEEDLE,HYPO,25GA X 1 1/2IN,REG","IE711","L:30","","305127"
"1827","NEEDLE,27GA X 1.5IN,DISPOSABLE","IE711","L:20","","1188827112"
"1833","NEEDLE,SPINAL,18GAX3 1/2IN","IE711","L:5","","405184"
"1912","GLOVE,SURG,NAT RUBBER,SZ 6,POW","IE711","L:20","","41160"
"1913","GLOVE,BIOGEL,6.5,STERILE","IE711","L:20","","41165"
"1914","GLOVE,NON LATEX BIOGEL,7.5,STE","IE711","L:20","","41175"
"1915","GLOVE,BIOGEL,8,STERILE","IE711","L:20","","41180"
"1986","PACKING,WOUND,PLN,1/2IN X 5YD,","IE711","L:4","","7632"
"1987","GAUZE,PACKING,STERILE,PLAIN,1I","IE711","L:4","","7633"
"1988","GAUZE,IODOFORM,1/2IN","IE711","L:4","","7832"
"2014","CONNECTOR,TUBING,5IN1,PLASTIC,","IE711","L:5","","501"
"2032","WOUND,CLOSURE STRIP,1/2IN X 4I","IE711","L:10","","R1547"
"2035","BLADE,SCALPEL,#10,W/O HANDLE","IE711","L:10","","371110"
"2036","BLADE,SCALPEL,#11,W/O HANDLE","IE711","L:10","","371111"
"2042","DRESSING,TRANSPARENT,10INX5 1/","IE711","L:6","","1628"
"2046","NUGAUZE-IODOFORM-2IN-5YD/BT-ST","IE711","L:4","","NON256025"
"2694","RETAINER,VISCERA,FISH,MED,GLAS","IE711","L:6","","HS3204-1"
"2800","GLOVE,BIOGEL,8.5,STERILE","IE711","L:20","","41185"
"5020","KIT,CHEMOTHERAPY ADMINISTRATIO","IE711","L:5","","DYK200CHA"
"5595","GLOVE,BIOGEL,7,STERILE","IE711","L:20","","41170"
"5960","SPONGE,GAUZE,2 X 2IN,STER,8-PL","IE711","L:50","","1806G"
"6086","MASK,SURGICAL,W/SHIELD,TIE","IE711","L:150","","15330"
"8772","ELECTRODE,PATIENT,RETURN,VALLE","IE711","L:3","","E7507"
"9333","GOWN,SURG,REINFORCED,LG","IE711","L:6","","9011EL"
"9402","GOWN,SURG,IMPERVIOUS,STER,DISP","IE711","L:6","","C9545"
"9427","SYRINGE,3CC,L/L","IE711","L:15","","1180300777"
"10936","SYRINGE,W/O NEEDLE,20ML,LL TIP","IE711","L:30","","1182000777"
"13394","SLING,ARM,ENVELOPE,LG,SYNTHETI","IE711","L:6","","TX9902-05"
"14313","SPLINT, DELTA, LITE, 4 X 30 IN","IE711","L:5","","OG-430PC"
"14314","SPLINT, DELTA, LITE, 5X30","IE711","L:5","","OG-5PC"
"14465","MASK,SURGICAL,FILTRON,DUCK BIL","IE711","L:150","","AT51035"
"17193","SPLINT, DELTA, LITE, 5 X 45 IN","IE711","L:3","","OG-545PC"
"18141","DRESSING,GEN USE,ISLAND,4 X 4I","IE711","L:5","","7550"
"19119","GOWN,SURG,IMPERVIOUS,STER,DISP","IE711","L:6","","44675"
"19824","PADDING,CAST,6IN X 4YD","IE711","L:1","","9046"
"19845","DRESSING,FOAM,4 X 4IN,SQ,WATER","IE711","L:4","","55544"
"20128","DRESSING,FOAM,LARGE,SOFT,WHITE","IE711","L:5","","KTC627503410H"
"20187","CANISTER,NEG PRESS DRESS SYS,W","IE711","L:3","","M8275071/10"
"20188","DRESSING,VAC,MEDIUM,BLACK,KCI","IE711","L:8","","M8275040/10"
"20189","DRESSING,TRAC,FOAM,KCI,LG,BLAC","IE711","L:4","","M8275053/10"
"20919","GLOVE,6.5,ORTHO,BROWN","IE711","L:15","","47665"
"22289","TAPE,MEDICAL,SOFT CLOTH,4IN","IE711","L:6","","2864"
"24486","DRESSING,NEG PRESS WOUND SYS,1","IE711","L:8","","M8275067/10"
"24488","CONNECTOR,NEG PRESS DRESS SYS,","IE711","L:4","","M6275066/10"
"27022","DRESSING,HYDROCOLLOID,4 X 5IN,","IE711","L:12","","422299"
"27065","TAPE,MEDICAL,ELASTIC FOAM,3IN","IE711","L:4","","1528-3"
"27702","LABELS,STERILE,MEDICATIONS","IE711","L:10","","9VAPH37-DTR"
"27871","MEPILEX,BORDER LITE,3X3","IE711","L:5","","595200"
"29067","PACKING,WOUND,PLN,1/4IN X 5YD,","IE711","L:4","","7631"
"29477","POUCH,DRAINABLE,OSTOMY,SEN SUR","IE711","L:4","","15521"
"30015","DRESSING,BORDER LITE,MEPILEX,6","IE711","L:10","","581500"
"30085","DRESSING STERILE 4INX4IN","IE711","L:20","","187971"
"31371","DRESSING,FOAM,BRIDGE,KCI","IE711","L:4","","M8275042/5"
"32463","ADHESIVE,LIQUID,MASTISOL","IE711","L:10","","0523-48"
"32537","TAPE,MEDICAL,CLOTH,3INCHX10ARD","IE711","L:15","","1538-3"
"33835","DRESSING,HYDROCOLLOID,3.5 X 10","IE711","L:5","","422605"
"34473","DRESSING,5 X 12.5IN,MEPILEX BO","IE711","L:5","","496605"
"34582","GLOVE,SURG,SZ 7.5,LTX-FREE,POW","IE711","L:20","","47675"
"34583","GLOVE,SURG,SZ 8,LTX-FREE,POWDE","IE711","L:20","","47680"
"34584","GLOVE,SURG,SZ 8.5,LTX-FREE,POW","IE711","L:20","","47685"
"34585","GLOVE,SURG,SZ 9,LTX-FREE,POWDE","IE711","L:20","","71-ML47690"
"35205","GLOVE,SURG,POLYISOPRENE,SZ 7,P","IE711","L:20","","47670"
"37216","DRESS,CUTIMED,SORBACT,WCL","IE711","L:10","","7266201"
"38101","GLASSES,SAFETY,PLSTC LES,CLR,U","IE711","L:3","","SV50A"
"38418","PRINTING PACK,COLOR,SELF-LAMIN","IE711","L:2","","UPC-R81MD"
"39581","MEPILEX,BORDER,SACRUM,16X20CM","IE711","L:10","","282055"
"40487","DRESSING,FOAM,9.2 X 9.2IN,SOFT","IE711","L:20","","282455"
"50166","DRESSING,SACRUM,OPTIVIEW","IE711","L:10","","MSCOV77EP"
"50230","DRESSING,OPTIVIEW,SACRUM,9X9","IE711","L:10","","MSCOV99EP"
"50991","OPTIVIEW 6X6 WND DRSING MULTI","IE711","L:10","","MSCOVM6EP"
"96001","COTTON,BALL,STERILE","IE711","L:6","","30-030"
"236","NEBULIZER,MICRO MIST,ADAPTER,H","IE712","L:8","","1884"
"1515","TUBE, TRACH, 8.0, REINFORCED","IE712","L:4","","86552"
"1625","MASK,ADULT,PERCENTO","IE712","L:7","","1940"
"1627","MASK,OXYGEN,NON-REBREATHER,ADU","IE712","L:20","","1060"
"1821","TUBE,EXTENSION,K51","IE712","L:8","","2C6226"
"2238","MASK,ADULT,TRACH,DISP","IE712","L:10","","1075"
"2242","MASK,OXYGEN,ADULT SZ 6","IE712","L:40","","HUD1930"
"6341","TUBE,TRACH,6.0MM,REINFORCED,CU","IE712","L:7","","86548"
"6375","FILTER,BLOOD,RED CELL TRANSFUS","IE712","L:10","","SQ40S"
"6606","TUBE,NASAL,RAE,7.0MM","IE712","L:10","","96370"
"9067","TUBE,ET,ORAL RAE,SZ 8.0MM,CUFF","IE712","L:10","","76280"
"9421","SET,IV ADMIN EXT,L 20IN","IE712","L:5","","V5406"
"9719","TUBING,OXYGEN CONNECTING,7FT,N","IE712","L:12","","1350"
"9721","SYSTEM,PHARMACY FLUID DISPENSI","IE712","L:6","","513548"
"11674","MASK, ADULT, MEDIUM, DISP","IE712","L:8","","1055"
"11675","MASK,ADULT,LARGE,DISP","IE712","L:20","","1065"
"12477","TUBE,TRACH,CUFFED,ORAL RAY,8.5","IE712","L:5","","76285"
"13740","TUBE,ET,ORAL,MURPHY,SZ 7.0MM,C","IE712","L:6","","76270"
"15052","TUBE,ENDOBRONCHIAL,41FR,LT-SID","IE712","L:4","","125041"
"18593","TUBE,ET,ORAL,MURPHY,SZ 7.5MM,C","IE712","L:6","","76275"
"19539","TUBE,ET,ORAL / NASAL,MURPHY,SZ","IE712","L:5","","86550"
"20491","AIRWAY,SUPRAGLOTTIC,SIZE 3,15M","IE712","L:10","","8203000"
"20492","AIRWAY,SUPRAGLOTTIC,SIZE 4,15M","IE712","L:15","","8204000"
"20493","AIRWAY,SUPRAGLOTTIC,SIZE 5,15M","IE712","L:15","","8205000"
"27115","CANNULA,ADULT,DIVIDED 7,OXYGEN","IE712","L:40","","1844"
"28989","DRAPE,STERI,U POUCH,STERILE","IE712","L:5","","1067"
"32252","KIT,CRICOTHYROIDOTOMY,EMERGENC","IE712","L:3","","120900040"
"32907","EXTENSION,CIRCUIT,ANESTHESIA,7","IE712","L:12","","DYNJAA10"
"34593","BLADE,LARYNGOSCOPE,MCGRATH MAC","IE712","L:1","","350-013-000"
"35461","TUBE,ENDOTRACHEAL,NIM,EMG,6MM","IE712","L:4","","8229736"
"35462","TUBE,ENDOTRACHEAL,NIM,EMG,7MM","IE712","L:4","","8229707"
"35463","TUBE,ENDOTRACHEAL,NIM,EMG,8MM","IE712","L:5","","8229308"
"37031","LINE,GAS,SAMPLING,10FT,MALE/FE","IE712","L:25","","225-3450-800"
"37662","MASK,FACE,WITH HEADSTRAP","IE712","L:5","","8151"
"37970","ATOMIZER,NASAL,MAD,INTRANASAL,","IE712","L:12","","MAD300"
"38135","SET,SATELLITE,LARGE,ADULT,SUPE","IE712","L:4","","SSEL-20"
"38136","SET,SATELLITE,MED,SUPERNO2VA,W","IE712","L:10","","SSEM-20"
"38765","IV TUBING,6O DROP PRIMARY SET,","IE712","L:20","","B90108"
"38922","ADAPTER,NASAL,YG-122T","IE712","L:12","","YG-122T"
"38927","MASK,ADULT,CO2/O2,WITH SWIVEL","IE712","L:30","","826062"
"41594","MASK,OXYGEN,PROCEDURAL","IE712","L:10","","1003-MM"
"41595","CANNULA,NASAL,O2,NON-FLARE TIP","IE712","L:15","","1365"
"41731","FILTER,EXCHANGE,HEAT,MOISTURE","IE712","L:10","","157"
"50027","BLADE,VISIONPRO,MAC 3,DISPOSAB","IE712","L:5","","F-000.22.253"
"50028","BLADE,VISIONPRO,HYMACK 3,DISPO","IE712","L:5","","F00022246"
"50029","BLADE,VISIONPRO,MAC 4,DISPOSAB","IE712","L:5","","F-000.22.254"
"50042","KIT,OXYGEN,OPTIFLOW","IE712","L:5","","AA403"
"50043","SENSOR OXIMETRY O3 LARGE ADULT","IE712","L:5","","3756"
"50096","CANNULA,NASAL,LG,OPTIFLOW,FILT","IE712","L:5","","AA031JL"
"50097","CANNULA,NASAL,MED,OPTIFLOW","IE712","L:5","","AA031JM"
"50098","CANNULA,NASAL,SM,OPTIFLOW,FILT","IE712","L:5","","AA031JS"
"50099","TUBING,OXYGEN,LOW FLOW","IE712","L:15","","AA020"
"59818","RD RAINBOW SET-2 SPO2","IE712","L:5","","5306"
"59819","RD SEDLINE EEG ADULT SENSOR","IE712","L:8","","4248"
"98010","BAG,AMBU,W/PEEP VALVE,DISP","IE712","L:8","","520-611-001"
"1508","STOCKINET-IMPERVIOUS-LARGE-STE","IE713","L:6","","1587"
"1912","GLOVE,SURG,NAT RUBBER,SZ 6,POW","IE713","L:15","","41160"
"1913","GLOVE,BIOGEL,6.5,STERILE","IE713","L:15","","41165"
"1914","GLOVE,NON LATEX BIOGEL,7.5,STE","IE713","L:15","","41175"
"1915","GLOVE,BIOGEL,8,STERILE","IE713","L:10","","41180"
"2093","DRAPE,APERUTURE,SMALL","IE713","L:12","","DYNJSD1020"
"2261","DRAPE,SURG,CASSETTE,23 X 24 1/","IE713","L:12","","4954"
"3344","CONNECTOR,OXYGEN TUBING,STR TE","IE713","L:12","","73385-HEL"
"5595","GLOVE,BIOGEL,7,STERILE","IE713","L:12","","41170"
"5638","DRAPE,STERI,U,STERILE","IE713","L:12","","D1015"
"9057","BATTERY,AA,NONRECHARGEABLE,ALK","IE713","L:12","","PC1500"
"9334","PACK,DRAPE,SHEET,STERILE,L/F,#","IE713","L:10","","29350"
"9395","DRAPE,SURG,THYROID,77 X 120IN,","IE713","L:12","","29522"
"9404","COVER,TABLE,BACK,44X88,DISP","IE713","L:8","","8186"
"10310","BATTERY,C,NONRECHARGE","IE713","L:4","","PC1400"
"12104","ADAPTER-CO2-ELBOW-AIRWAY","IE713","L:15","","73386-HEL"
"18167","ROLL, LONG, LEG, STERILE","IE713","L:8","","NON22425"
"18773","CATHETER,FEMORAL,ARTERY,3.0FR,","IE713","L:15","","G58404"
"22192","HOSE,VACUUM,7/8IN X 10FT,W/WAN","IE713","L:0","","VTWT624"
"23980","BATTERY,9V,NON-RECHRG,ALKALINE","IE713","L:6","","PC1604"
"24568","COVER,PROBE,3D","IE713","L:20","","20-P3D548"
"27262","BAG,ISOLATION,20X20,STERILE","IE713","L:10","","1003"
"27898","GEL,AQUASONIC,20MG","IE713","L:30","","1-Jan"
"28989","DRAPE,STERI,U POUCH,STERILE","IE713","L:5","","1067"
"29809","DRAPE,WARMER,IRRIGATION SOLUTI","IE713","L:5","","ORS-300"
"32599","DRAPE,MICROSCOPE","IE713","L:6","","306026"
"33916","DRAPE,LAPORATOMY,W/POUCHES,100","IE713","L:7","","89235"
"35022","DRAPE,MINI,C-ARM,46IN X 72IN","IE713","L:6","","C9-006M"
"35511","JELLY,SURGILUBE,STERILE,5GM","IE713","L:144","","281020545"
"38380","BOWL,STERILE,BLUE,32OZ","IE713","L:5","","SSK9002A"
"38996","CUFF,FINGER,MED","IE713","L:2","","CSCM"
"40084","TUBE,NG,SALEM SUMP,12FR,L 48IN","IE713","L:5","","8888266114"
"41254","DRAPE,SPACE STATION,DISPOSABLE","IE713","L:6","","CDS3060DD"
"41529","STYLET,INTUBATING,RAPID POSITI","IE713","L:1","","P20-130-028S"
"41719","DRAPE,C-ARM,STERILE,CFM","IE713","L:2","","5774511"
"45510","VACUUM LINE,CELL SAVER","IE713","L:3","","HAR-A-1000"
"45511","KIT,AUTOTRANSFUSION,CELL SAVER","IE713","L:2","","CSE-FP-225V"
"45521","SET,IV ADMIN,PRIMARY,RAPID INF","IE713","L:4","","903-00006"
"47798","DRAPE,SURG,MICROSCOPE","IE713","L:6","","306028-0000-000"
"48844","SLEEVE,PROTECTIVE,ARM,LEVO","IE713","L:10","","7892"
"48845","DRAPE,CERVICAL,W/WINDOW,STER,L","IE713","L:3","","7887-300"
"50992","ACUMEN IQ CUFF ADULT","IE713","L:2","","AIQCA"
"59207","DRAPE,C-ARMOR,KIT,STERILE","IE713","L:6","","5536"
"99015","BAG,PATIENT,BELONGING","IE713","L:15","","BIOBAGGY1820"
"81","KIT,SUCTION,18FR CATH,WHISTLE","IE763","L:5","","DYND40974"
"177","TUBING,SUCTION,1/4IN X 12FT","IE763","L:10","","8888301622"
"178","DRAIN,PLUER,EVAC,CHEST","IE763","L:2","","S-1100-08LF"
"180","STRAW,DRINKING,FLEXIBLE","IE763","L:20","","NON02315"
"214","TAPE,TRANSPORE,1IN,HYPO","IE763","L:5","","1527-1"
"222","SPIROMETER,INCENTIVE,EXCERCISE","IE763","L:0","","8884719010"
"434","GAUZE,OR,4X4,STERILE","IE763","L:1","","8045"
"446","BAG,DRAINAGE,METER","IE763","L:2","","DYND17403"
"468","DIAPER,ADULT,BRIEF,LARGE,TAPE","IE763","L:36","","MSC33505"
"564","GAUZE,RAYTEC,4X8,STERILE","IE763","L:5","","7318"
"571","GAUZE,BANDAGE,KERLIX,4.5IN","IE763","L:8","","NON25865"
"1481","ELECTRODE,EKG,DIAPH,FOAM,WET G","IE763","L:5","","2560"
"1569","TAPE,HOLDER,ENDOTRACHIEL,ET","IE763","L:5","","11010"
"1583","GEL,ULTRASONIC,TRANSMISSION","IE763","L:3","","8-Mar"
"1603","BANDAGE,TUBULAR,NYLON,SZ 6,25Y","IE763","L:2","","MT06"
"1604","SURGIFIX,SZ#8","IE763","L:2","","MT08"
"1622","UNDERPAD,BED,30X36IN,TRANQUILI","IE763","L:20","","2710"
"1772","BOARD,ARM,DISPOSABLE","IE763","L:2","","NON24290"
"1776","PACK,HOT/COLD","IE763","L:4","","33500"
"1787","BLADE,CLIPPER,SURGICAL,STERILE","IE763","L:20","","9660"
"1789","STAPLER,SKIN,SS,35 WIDE,W/SS S","IE763","L:4","","PXW35"
"1816","KIT,INTRODUCER SHEATH,PER-Q,9F","IE763","L:1","","AK-09903-CDC"
"1821","TUBE,EXTENSION,K51","IE763","L:20","","2C6226"
"1826","NEEDLE,HYPO,25GA X 1 1/2IN,REG","IE763","L:20","","305127"
"1827","NEEDLE,27GA X 1.5IN,DISPOSABLE","IE763","L:5","","1188827112"
"1828","NEEDLE,30GAX1/2IN,DISPOSABLE","IE763","L:0","","305106"
"1912","GLOVE,SURG,NAT RUBBER,SZ 6,POW","IE763","L:20","","41160"
"1913","GLOVE,BIOGEL,6.5,STERILE","IE763","L:5","","41165"
"1914","GLOVE,NON LATEX BIOGEL,7.5,STE","IE763","L:20","","41175"
"1915","GLOVE,BIOGEL,8,STERILE","IE763","L:5","","41180"
"1972","TUBE,SUCTION,YANKAUER","IE763","L:8","","K86"
"1994","SYRINGE,10CC,L/L","IE763","L:10","","302995"
"1998","CUP,DENTURE,8OZ,W/LID,PLASTIC","IE763","L:6","","DYND70293"
"2041","DRESSING,TRANSPARENT,4X4 3/4IN","IE763","L:12","","1616"
"2086","AIRWAY,BERMAN,100MM","IE763","L:1","","312100"
"2238","MASK,ADULT,TRACH,DISP","IE763","L:8","","1075"
"2242","MASK,OXYGEN,ADULT SZ 6","IE763","L:4","","HUD1930"
"2314","BEDPAN,FRACTURE,PLSTC,REUSABLE","IE763","L:2","","DYNC8522"
"2630","CATH,URETHRAL,FOLEY,16FR,2-WAY","IE763","L:2","","0168L16"
"2800","GLOVE,BIOGEL,8.5,STERILE","IE763","L:20","","41185"
"3769","BANDAGE,COBAN,2IN,NONSTERILE","IE763","L:6","","2082"
"4001","BLOCK,BITE,ADULT,PLSTC,DISP","IE763","L:8","","4832711"
"5035","SOLUTION,INTRAVENOUS,D10W,1000","IE763","L:0","","2B0164X"
"5038","SOLUTION,INTRAVENOUS,IN 0.9% N","IE763","L:0","","2B1323Q"
"5039","SOLUTION,INTRAVENOUS,IN 0.9% N","IE763","L:16","","2B1324X"
"5070","SOLUTION,INTRAVENOUS,IN 0.9% N","IE763","L:0","","2B1322Q"
"5595","GLOVE,BIOGEL,7,STERILE","IE763","L:20","","41170"
"5645","IV,STAT,2","IE763","L:3","","MFS132"
"5960","SPONGE,GAUZE,2 X 2IN,STER,8-PL","IE763","L:50","","1806G"
"5979","CONTAINER,SPECIMEN,120ML,POLPR","IE763","L:4","","DYND30331"
"6020","IMMOBILIZER,SHOULDER,W/TORSO B","IE763","L:4","","2970002038"
"6147","BIDER,ABDOMINAL,UNIV LONG,HT 9","IE763","L:0","","ORT21110LXL"
"6288","SWAB,MOUTH,TOOTHETTE,FOAM TIPP","IE763","L:6","","6120"
"6343","BLOCK,BITE PROOF,ENDO,RT","IE763","L:0","","11040"
"6353","APPLICATOR,TIPPED,COTTO,L 6IN,","IE763","L:50","","MDS202000"
"6357","TISSUE,FACIAL,2-PLY,8 X 8IN,10","IE763","L:6","","48550"
"6555","BAG,TRANSPORT,SPECIMEN,BIOHAZA","IE763","L:200","","AR69P"
"7722","DETECTOR,ADULT,CO2,EASY CAP,II","IE763","L:4","","EASYCAP II 6"
"8772","ELECTRODE,PATIENT,RETURN,VALLE","IE763","L:2","","E7507"
"9057","BATTERY,AA,NONRECHARGEABLE,ALK","IE763","L:24","","PC1500"
"9295","PAD,ALCOHOL,70% ISOPROPYL","IE763","L:400","","6818"
"9296","BANDAID,ADHESIVE,PLASTIC,STRIP","IE763","L:50","","44101"
"9300","DEPRESSOR,TONGUE,WOOD,STL","IE763","L:20","","C1560-006"
"9301","SPONGE,GAUZE,4 X 4IN,100% COTT","IE763","L:25","","3033G"
"9302","SPONGE,LAP,4PLY,STERILE","IE763","L:5","","1-1818"
"9306","SPONGE,GAUZE,DRAIN,4 X 4IN,6-P","IE763","L:4","","7086"
"9313","CUP,STYROFOAM,6OZ,DISP","IE763","L:3","","6J6"
"9333","GOWN,SURG,REINFORCED,LG","IE763","L:6","","9011EL"
"9334","PACK,DRAPE,SHEET,STERILE,L/F,#","IE763","L:2","","29350"
"9414","TUBING,SUCTION,L 6FT,FEMALE CO","IE763","L:12","","8888301515"
"9415","URINAL,MALE,PLSTC,1000ML,W/LID","IE763","L:6","","DYND80235S"
"9427","SYRINGE,3CC,L/L","IE763","L:40","","1180300777"
"9434","SYRINGE,30CC,L/L","IE763","L:8","","8881535762"
"9627","KIT,REMOVAL,SUTURE,STERILE,DIS","IE763","L:4","","Jun-00"
"9630","BAG,PAPER,KRAFT,10.75X5.25","IE763","L:20","","NONBPB5"
"9720","RAZOR,SURGICAL,DBLE EDGED","IE763","L:15","","BRN1312"
"9721","SYSTEM,PHARMACY FLUID DISPENSI","IE763","L:2","","513548"
"9925","MASK,FACE,SURG,W/O SHIELD,PLTD","IE763","L:100","","15320"
"10377","BATTERY,ALKALINE,SZ D,DURACELL","IE763","L:3","","MN1300CT"
"10931","TAPE,ADHESIVE,PAPER,1I,HYPO","IE763","L:6","","1530-1"
"10934","SNGE,5ML,LUER LOCK","IE763","L:25","","309646"
"10938","CUP,MEDICINE,10Z,PLASTIC","IE763","L:2","","DYND80000N"
"11873","SUPPORT,WRIST,ARTERIAL,HAND AI","IE763","L:5","","29980"
"12075","ADAPTER,MULTIPLE,SAMPLE","IE763","L:25","","367290"
"12562","TOOTHBRUSH,STRAIGHT,ADULT SIZE","IE763","L:12","","55501"
"13310","KIT,IV START,STERILE,L/F,CHLOR","IE763","L:10","","74464"
"13492","COMB,HAIR,PLASTIC,5IN","IE763","L:10","","MDS137007Z"
"14774","STOPCOCK,4WAY,LUER LOCK","IE763","L:20","","1168336"
"17294","SKIN PREP,ELECTROMEDICAL,ELECT","IE763","L:3","","30806726"
"17597","ELECTRODE,EKG,RESTING,CONDUCTI","IE763","L:40","","31433538"
"17723","TUBE,VACUUM BLOOD,13 X 100MM,4","IE763","L:1","","367962"
"18174","BANDAGE,COBAN,4IN,STERILE","IE763","L:4","","2084S"
"18275","REMOVER,ADHESIVE,4OZ","IE763","L:2","","32404"
"18325","SET,IV ADMIN,NITROGLYCERIN,MED","IE763","L:3","","2260-0500"
"18816","PAPER,EKG,THERMAL,RED GRID","IE763","L:2","","1272335"
"19144","CATH,URETHRAL,FOLE,3-WAY,22FR,","IE763","L:1","","0119L22"
"19565","CATHETER,SILICONE,14FR,10CC,FO","IE763","L:1","","DYND11501"
"19677","CATHETER,IV,SAFETY,20GAX1.25IN","IE763","L:30","","3066"
"19678","CATHETER,IV,SAFETY,22GAX1IN","IE763","L:10","","306001"
"19973","PIN,ADAPTER,ACCESS VIAL,2202E","IE763","L:10","","2202E"
"20047","SET,EXTENSION,NEEDLELESS,VALVE","IE763","L:5","","MC33150"
"20048","SET,IV ADMIN EXT,LTX-FREE,L 6I","IE763","L:9","","20019E"
"20057","CANNULA,NEEDLELESS,ACCESS VALV","IE763","L:0","","MC100"
"20074","CAP,ALARIS","IE763","L:2","","70804"
"20187","CANISTER,NEG PRESS DRESS SYS,W","IE763","L:0","","M8275071/10"
"20188","DRESSING,VAC,MEDIUM,BLACK,KCI","IE763","L:0","","M8275040/10"
"20189","DRESSING,TRAC,FOAM,KCI,LG,BLAC","IE763","L:0","","M8275053/10"
"20286","BARRIER,SKIN,PROTECTIVE,PASTE,","IE763","L:0","","183910"
"20557","WIPES,CLEANING,GERMICIDAL,HARD","IE763","L:0","","P13872"
"20621","WIPES, PDI EASY SCREEN","IE763","L:4","","P03672"
"20943","GOWN,ISOLATION,DISPOSABLE,FULL","IE763","L:80","","A69961-C"
"21012","KIT,VAMP,PX DPT","IE763","L:1","","PXVMP260"
"22138","NEEDLE,SAFET,18GAX1.5IN,1M","IE763","L:5","","8881850815"
"22139","NEEDLE,SAFETY,22GAX1.5,1M","IE763","L:15","","8881850215"
"22140","NEEDLE,SAFETY,25GAX5/8IN","IE763","L:5","","8881850558"
"22142","NEEDLE,SAFETY,21GAX1IN,1M","IE763","L:5","","305915"
"22288","TAPE,MEDICAL,SOFT CLOTH,2IN","IE763","L:6","","2862"
"22289","TAPE,MEDICAL,SOFT CLOTH,4IN","IE763","L:5","","2864"
"22290","TAPE,MEDICAL,SOFT CLOTH,6IN","IE763","L:7","","2866"
"22323","ARMBAND, ID, PATIENT, GREEN","IE763","L:80","","140-15-PDM"
"22351","SYRINGE,TB,1CC,28GAX1/2IN,SAFE","IE763","L:5","","8881882812"
"22699","TUBE,VACUUM BLOOD,13 X 75MM,2.","IE763","L:1","","363083"
"22755","DIAPER,ADULT,XLARGE","IE763","L:0","","66035"
"22840","URINE METER CATH TRAY KIT,18FR","IE763","L:1","","A902918"
"23157","STRIP,GLUCOSE TESTING,ACCU-CHE","IE763","L:2","","5942861001"
"23175","ELECTRODE,DYMEDIX","IE763","L:75","","13-10100-8010"
"23725","TOURNIQUET,.75X18INCH,LATEX FR","IE763","L:3","","367203"
"23924","ELECTRODE-CLOTH-3M","IE763","L:5","","2570"
"23927","DEVICE,BLOOD COLLECTION,BLOOD","IE763","L:14","","36488000"
"24113","NEEDLE HOLDER,STACKABLE","IE763","L:12","","364815"
"24457","CANNULA,VAMP,NEEDLELESS","IE763","L:10","","VMP400"
"24558","TUBE, TRACH, 4DFEN, L/P FENEST","IE763","L:0","","4DFEN"
"24568","COVER,PROBE,3D","IE763","L:6","","20-P3D548"
"26661","CATHETER,SILICONE,18FR,5CC,FOL","IE763","L:1","","165818"
"26930","MASK,FACE,PROCEDURE,FULL PLTD,","IE763","L:0","","15111"
"26979","TUBE,TRACH,PROXIMAL,8.0MM","IE763","L:0","","80XLTCP"
"27019","BAG,FECAL,COLLECTION,FMS,FLEXI","IE763","L:0","","411102"
"27102","PAD,DEFIBRILLATION,ZOLL,5 X 6","IE763","L:0","","22770PC"
"27104","PAPER,EKG,FOR ZOLL M SERIES,FA","IE763","L:2","","8000-000877-01"
"27105","SYRINGE,INSULIN,.5CC,29GAX1/2I","IE763","L:30","","305932"
"27831","DRESSING,ANTIMICROBIAL,BIOPATC","IE763","L:4","","4150"
"27832","DRESSING,ANTIMICROBIAL,BIOPATC","IE763","L:2","","ET4151"
"27981","TUBE,TRACH,CUFFED,DISTAL,6.0MM","IE763","L:0","","60XLTCD"
"28622","SET,ENTERAL FEEDING BAG,DEHP-F","IE763","L:0","","773662"
"29036","CLOTH,2% CHLORHEXIDINE,GLUCONA","IE763","L:8","","9705"
"29704","NEEDLE,INSULATED BOVIE TIP","IE763","L:1","","138105"
"30016","DRESSING,BORDER LITE,MEPILEX,4","IE763","L:0","","595300"
"30062","WASH,SHAMPOO,BODY,4OZ","IE763","L:8","","MSC092SBW04"
"30091","CUFF,CALF,SCD,DISPOSABLE,VENAF","IE763","L:0","","3040"
"30172","TOOTHPASTE,TUBE,.85 OZ","IE763","L:12","","9782"
"30264","ALCOHOL,ISOPROPYL,70%,4OZ BOTT","IE763","L:5","","I0020"
"30515","DRESSING,FILM,IV,W/BORDER,TEGA","IE763","L:50","","1683"
"30814","SPONGE,ENZYMATIC,DUAL,RED","IE763","L:7","","345OSP"
"31670","FOAM,CLEANSING,ALOE VESTA,8OZ","IE763","L:0","","MSC092104"
"31844","KIT,ORAL CARE,24HR","IE763","L:0","","6962"
"31896","DEVICE,STATLOCK,325PSI","IE763","L:5","","IV0563P"
"32038","LINER,SUCTION,FLEX ADVANTAGE,1","IE763","L:20","","65651-920C"
"32401","ELECTRODE,DIAPHORETIC,530 SERI","IE763","L:30","","2660-5"
"32527","GLOVE,EXAM,NITRILE,SM,LTX-FREE","IE763","L:4","","72-50901"
"32528","GLOVE,EXAM,NITRILE,MED,LTX-FRE","IE763","L:4","","72-50902"
"32529","GLOVE,EXAM,NITRILE,LG,LTX-FREE","IE763","L:4","","72-50903"
"32530","GLOVE,EXAM,NITRILE,XL,LTX-FREE","IE763","L:4","","72-50904"
"33111","STABALIZER,NEEDLE,EZ-IO","IE763","L:3","","9066-VC-005"
"33836","BAND,PATIENT,IDENTIFICATION,SH","IE763","L:0","","LDL-1-LA"
"33996","ELECTRODE,AED,ONESTEP","IE763","L:2","","8900-0214-01"
"34582","GLOVE,SURG,SZ 7.5,LTX-FREE,POW","IE763","L:12","","47675"
"34583","GLOVE,SURG,SZ 8,LTX-FREE,POWDE","IE763","L:12","","47680"
"35035","WIPES,DISPOSABLE,GERMICIDAL,SA","IE763","L:12","","Q55172"
"35069","CAP,IV,DISINFECT,CUROS,JET","IE763","L:30","","CFJ5-250"
"35359","CLIPPER,SURG,RECHARGEABLE,PIVO","IE763","L:1","","9667L"
"35398","7.0 SUBGLOTTIC ET TUBE","IE763","L:4","","18870"
"35399","7.5 SUBGLOTTIC ET TUBE","IE763","L:2","","18875"
"35400","8.0 SUBGLOTTIC ET TUBE","IE763","L:4","","18880"
"35402","9.0 SUBGLOTTIC ET TUBE","IE763","L:2","","18890"
"35486","FLUSH,SALINE,10ML,IN 10ML SYR,","IE763","L:30","","306546"
"35511","JELLY,SURGILUBE,STERILE,5GM","IE763","L:0","","281020545"
"35623","SET,IFUSION,2-PIECE,MALE,LUER","IE763","L:1","","10942011"
"35847","FOOTWEAR,PATIENT,3XL","IE763","L:12","","68125-PUR"
"35848","FOOTWEAR,PATIENT,BROWN,BARIATR","IE763","L:12","","68125-BRN"
"36089","MITT,SURGICAL,PREP,ADHESIVE,25","IE763","L:2","","HPC19144"
"37162","CATHETER,SAFETY,TEFLON,20GAX1.","IE763","L:10","","4252527-020"
"37163","BASIN,WASH,PLASTIC,DISPOSABLE,","IE763","L:3","","DYND80347"
"37293","BAG,EMESIS,BLUE","IE763","L:6","","EME-BAG"
"37970","ATOMIZER,NASAL,MAD,INTRANASAL,","IE763","L:5","","MAD300"
"37985","WIPES,CLEANING,GERMICIDAL,HARD","IE763","L:6","","P54072"
"38318","SENSOR,ADHESIVE,ADULT,ADTX,LNC","IE763","L:10","","1859"
"38459","CAP,MALE,TIPS,DISINFECTION,3M","IE763","L:10","","CM5-200"
"39014","CATHETER,MALE EXTERNAL,LIBERTY","IE763","L:4","","2102610"
"39199","CUFF,BP,1 PIECE,ADULT,TUBELESS","IE763","L:15","","SOFT-11"
"39201","CUFF,BP,1 PIECE,ADULT,LARGE,TU","IE763","L:20","","30503-14A"
"39202","CUFF,BP,1 PIECE,ADULT,SMALL,TU","IE763","L:20","","30503-12A"
"39203","CUFF,BP,1 PIECE,ADULT,LONG,TUB","IE763","L:20","","SOFT-11L"
"39581","MEPILEX,BORDER,SACRUM,16X20CM","IE763","L:0","","282055"
"40487","DRESSING,FOAM,9.2 X 9.2IN,SOFT","IE763","L:0","","282455"
"40668","NEEDLE,BUTTERFLY,ULTRATOUCH,25","IE763","L:9","","367363"
"41402","TUBE,FEEDING,NASOGASTRIC,NASOI","IE763","L:0","","40-9551"
"41594","MASK,OXYGEN,PROCEDURAL","IE763","L:3","","1003-MM"
"41595","CANNULA,NASAL,O2,NON-FLARE TIP","IE763","L:12","","1365"
"41815","CAP,BOUFFANT,24IN,BLUE,FLUID P","IE763","L:1","","B24HD"
"42036","LINER,PITCHER,PLSTC,CARAFE,1QT","IE763","L:50","","DYND80528"
"42037","PITCHER,HANDLE,W/LID,GRAPHITE","IE763","L:10","","DYND80535N"
"42735","MASK,FACE,PROCEDURE,FULL PLTD,","IE763","L:50","","PPE-M-AS-SUR-S"
"48839","ELECTRODE,NEUROLINE CUP,60IN","IE763","L:6","","726-15-M-10"
"48901","GEL,ELECTROTHERAPY,CONDUCTIVE,","IE763","L:2","","22-60"
"49694","CANNULA,NASAL,CO2 SAMPLING O2","IE763","L:10","","2112888012"
"49967","CATHETER,MALE,PUREWICK","IE763","L:8","","PWM030"
"50294","CREAM,SKIN,PHYTOPLEX,12.5% DMT","IE763","L:2","","MSC092562"
"50348","WEDGE,POSITIONING,16X11X5IN,CO","IE763","L:2","",""
"50416","OINTMENT, ANTIFUNGAL, PHYTOPLE","IE763","L:4","",""
"50420","WIPES,PERSONAL,SKIN CLEANSING/","IE763","L:15","","MSC092503"
"50423","LIPBALM,REMEDY,PHYTOPLEX,0.15","IE763","L:20","",""
"50545","CULTURE,VENIPUNCTURE,23GA,BLOO","IE763","L:5","","CA58825"
"50613","UNDERPAD INCONTINENCE COMFORTG","IE763","L:0","",""
"50614","UNDERPAD INCONTINENCE XL 80X40","IE763","L:0","",""
"50617","SET,IV ADMIN,INF,SMARTSITE,NEE","IE763","L:20","","2420-0007"
"50641","IV ADMIN SET,SECONDARY,40 W/ H","IE763","L:0","","DYNDTA1540"
"50803","KIT,DRESSING,CENTRAL LINE,PICC","IE763","L:0","",""
"59134","COVER,SHOE,XL,ANTISKID","IE763","L:1","","ICP-SCNS0003"
"59357","MASK,PROCEDURE,W/EYESHIELD","IE763","L:25","","AT74631"
"59596","BAG,EMESIS,WHITE,HDPE","IE763","L:6","","NON80331"
"59795","SET,SURELEAD,PHILIPS 5 COMPAT","IE763","L:10","","DLS-PHP5L-4F"
"59848","SWAB COLLECTION ANALYZER PART","IE763","L:8","",""
"61221","LINE,ADULT ORAL/NASAL,CO2","IE763","L:0","","ZMVAOH"
"78871","ELECTRODES,EMG,NEUROLOGY,SURFA","IE763","L:4","","71508-KC-12"
"98003","SET,DRESSING,CENTRAL LINE","IE763","L:0","","DT14675"
"98006","BATTERY,AAA,NONRECHARGEABLE,AL","IE763","L:12","","PC2400"
"98010","BAG,AMBU,W/PEEP VALVE,DISP","IE763","L:4","","520-611-001"
"99015","BAG,PATIENT,BELONGING","IE763","L:20","","BIOBAGGY1820"
"129579","ADHESIVE,CONDUCTIVE,TEN 20","IE763","L:3","","10-20-4J"
"129613","CANNULA,BLUNT,PLASTIC","IE763","L:60","","8881540111"
"45","KIT,HUMIDIFIER,DISP","IE770","L:3","test1","HUD006-40"
"79","SET,IRRIGATION,UROLOGIC,Y-TYPE","IE770","L:2","test2","2C4041"
"81","KIT,SUCTION,18FR CATH,WHISTLE","IE770","L:2","","DYND40974"
"180","STRAW,DRINKING,FLEXIBLE","IE770","L:40","","NON02315"
"214","TAPE,TRANSPORE,1IN,HYPO","IE770","L:5","","1527-1"
"215","TAPE,TRANSPORE,3IN","IE770","L:3","","1527-3"
"222","SPIROMETER,INCENTIVE,EXCERCISE","IE770","L:3","","8884719010"
"236","NEBULIZER,MICRO MIST,ADAPTER,H","IE770","L:4","","1884"
"437","MASK,AEROSOL,DISP","IE770","L:4","","1206"
"445","MOUTHWASH,4OZ,MINT,NON-ALCOHOL","IE770","L:6","","CTR000413"
"446","BAG,DRAINAGE,METER","IE770","L:2","","DYND17403"
"468","DIAPER,ADULT,BRIEF,LARGE,TAPE","IE770","L:18","","MSC33505"
"571","GAUZE,BANDAGE,KERLIX,4.5IN","IE770","L:14","","NON25865"
"588","CATH,URETHRAL,ROBINSON-NELATON","IE770","L:3","","8888492041"
"594","KIT,TRACH,CARE","IE770","L:2","","47890"
"865","PETROATUM,WHITE,5GM,FOILPAC","IE770","L:2","","8884433200"
"1481","ELECTRODE,EKG,DIAPH,FOAM,WET G","IE770","L:5","","2560"
"1583","GEL,ULTRASONIC,TRANSMISSION","IE770","L:2","","8-Mar"
"1608","STRAINER,CALCULI","IE770","L:2","","2110SA"
"1614","PIN,SAFETY,SMALL UNSTERILE","IE770","L:4","","MDT223020H"
"1622","UNDERPAD,BED,30X36IN,TRANQUILI","IE770","L:20","","2710"
"1624","ADAPTER,OXYGEN,W/NUT,STANDARD","IE770","L:6","","2555"
"1625","MASK,ADULT,PERCENTO","IE770","L:2","","1940"
"1626","CONNECTOR,TUBING,OXYGEN","IE770","L:7","","1811"
"1627","MASK,OXYGEN,NON-REBREATHER,ADU","IE770","L:2","","1060"
"1776","PACK,HOT/COLD","IE770","L:5","","33500"
"1825","KIT,REMOVAL,STAPLE,STERILE,DIS","IE770","L:2","","PSX"
"1826","NEEDLE,HYPO,25GA X 1 1/2IN,REG","IE770","L:3","","305127"
"1827","NEEDLE,27GA X 1.5IN,DISPOSABLE","IE770","L:4","","1188827112"
"1828","NEEDLE,30GAX1/2IN,DISPOSABLE","IE770","L:20","","305106"
"1833","NEEDLE,SPINAL,18GAX3 1/2IN","IE770","L:2","","405184"
"1906","DRESSING,3X16IN,NONADHERENT,ST","IE770","L:7","","CUR250317"
"1913","GLOVE,BIOGEL,6.5,STERILE","IE770","L:2","","41165"
"1914","GLOVE,NON LATEX BIOGEL,7.5,STE","IE770","L:4","","41175"
"1915","GLOVE,BIOGEL,8,STERILE","IE770","L:2","","41180"
"1917","TUBE,DRAINAGE,LEG BAG","IE770","L:2","","538"
"1919","PLUG,CATHETER","IE770","L:2","","1600"
"1954","SCALPEL,#10,W/HANDLE,DISPOSABL","IE770","L:2","","372610"
"1972","TUBE,SUCTION,YANKAUER","IE770","L:6","","K86"
"1984","DRESSING,TELFA,NONADHER,3X8,ST","IE770","L:10","","1238"
"1988","GAUZE,IODOFORM,1/2IN","IE770","L:2","","7832"
"1994","SYRINGE,10CC,L/L","IE770","L:15","","302995"
"1996","BANDAGE,ELASTOPLAST,3IN,UNSTER","IE770","L:2","","2595002"
"1998","CUP,DENTURE,8OZ,W/LID,PLASTIC","IE770","L:5","","DYND70293"
"2014","CONNECTOR,TUBING,5IN1,PLASTIC,","IE770","L:1","","501"
"2016","STETHOSCOPE,MANUAL,DUAL HEAD,L","IE770","L:8","","6515-00-NIB-0115"
"2032","WOUND,CLOSURE STRIP,1/2IN X 4I","IE770","L:2","","R1547"
"2041","DRESSING,TRANSPARENT,4X4 3/4IN","IE770","L:30","","1616"
"2053","BAG,LEG,URINE,32OZ","IE770","L:3","","DYND12578"
"2084","BEDPAN,PONTOON,PLSTC,CONTOURED","IE770","L:2","","DYND88205"
"2087","STOCKING,COMPRESSION,BK,LG REG","IE770","L:2","","7203"
"2234","RESTRAINT,WRIST","IE770","L:2","","MDT829020C"
"2238","MASK,ADULT,TRACH,DISP","IE770","L:2","","1075"
"2245","BAG,DRAINAGE,T","IE770","L:2","","1740"
"2273","SUTURE,SILK,BLK BRD,SZ 2-0,L 1","IE770","L:2","","1588H"
"2314","BEDPAN,FRACTURE,PLSTC,REUSABLE","IE770","L:2","","DYNC8522"
"2518","GAUZE,PETROLEUM,3X18I,NONADH","IE770","L:4","","MAY884414600Z"
"2621","CATHETER,3WAY,22FR,30CC","IE770","L:2","","0167L22"
"2629","CATHETER,COUDE,CARSON,14FR,5CC","IE770","L:2","","0168L14"
"2630","CATH,URETHRAL,FOLEY,16FR,2-WAY","IE770","L:2","","0168L16"
"2645","CATHETER,ROBINSON,16FR","IE770","L:2","","277716"
"2800","GLOVE,BIOGEL,8.5,STERILE","IE770","L:2","","41185"
"3413","BAG,FECAL,COLLECTION","IE770","L:2","","9821"
"3427","BAG,PLASTIC,12X16IN","IE770","L:50","","EKN5396"
"3769","BANDAGE,COBAN,2IN,NONSTERILE","IE770","L:11","","2082"
"5010","SOLUTION,INTRAVENOUS,D5W,250ML","IE770","L:2","","2B0062Q"
"5028","SOLUTION,INTRAVENOUS,D5W,500ML","IE770","L:2","","2B0063Q"
"5029","SOLUTION,INTRAVENOUS,D5W,1000M","IE770","L:2","","2B0064X"
"5030","SOLUTION,INTRAVENOUS,D5W,IN 0.","IE770","L:3","","2B1064X"
"5033","SOLUTION,INTRAVENOUS,D5W,0.45%","IE770","L:4","","2B1074X"
"5035","SOLUTION,INTRAVENOUS,D10W,1000","IE770","L:2","","2B0164X"
"5038","SOLUTION,INTRAVENOUS,IN 0.9% N","IE770","L:4","","2B1323Q"
"5039","SOLUTION,INTRAVENOUS,IN 0.9% N","IE770","L:8","","2B1324X"
"5041","SOLUTION,INTRAVENOUS,0.45% NAC","IE770","L:3","","2B1314X"
"5042","SOLUTION,INTRAVENOUS,LR,1000ML","IE770","L:5","","2B2324X"
"5043","SOLUTION,INTRAVENOUS,D5W,LR,10","IE770","L:2","","2B2074X"
"5045","SOLUTION,IRRIGATION,0.9% NACL,","IE770","L:6","","2F7123"
"5047","SOLUTION,IRRIGATION,STER WATER","IE770","L:6","","2F7113"
"5070","SOLUTION,INTRAVENOUS,IN 0.9% N","IE770","L:8","","2B1322Q"
"5076","SOLUTION,IRRIGATION,STER WATER","IE770","L:1","","2B7117"
"5077","SOLUTION,IRRIGATION,0.9% NACL,","IE770","L:2","","R8206"
"5595","GLOVE,BIOGEL,7,STERILE","IE770","L:2","","41170"
"5960","SPONGE,GAUZE,2 X 2IN,STER,8-PL","IE770","L:100","","1806G"
"5991","BAG,BODY,POLYOLEFIN,40 X 96IN,","IE770","L:2","","55701-00-MBC"
"6086","MASK,SURGICAL,W/SHIELD,TIE","IE770","L:0","","15330"
"6288","SWAB,MOUTH,TOOTHETTE,FOAM TIPP","IE770","L:4","","6120"
"6291","TAPE,ADHESIVE,CLOTH,1IN","IE770","L:4","","1538-1"
"6292","TAPE,ADHESIVE,CLOTH,2IN","IE770","L:2","","1538-2"
"6353","APPLICATOR,TIPPED,COTTO,L 6IN,","IE770","L:12","","MDS202000"
"6357","TISSUE,FACIAL,2-PLY,8 X 8IN,10","IE770","L:8","","48550"
"6555","BAG,TRANSPORT,SPECIMEN,BIOHAZA","IE770","L:100","","AR69P"
"9057","BATTERY,AA,NONRECHARGEABLE,ALK","IE770","L:20","","PC1500"
"9059","CATHETER,EXT,SIL,MED","IE770","L:4","","33102"
"9061","CATHETER,EXT,SIL,LG","IE770","L:4","","36104"
"9295","PAD,ALCOHOL,70% ISOPROPYL","IE770","L:400","","6818"
"9296","BANDAID,ADHESIVE,PLASTIC,STRIP","IE770","L:40","","44101"
"9299","KIT,SUCTION,14FR CATH,WHISTLE","IE770","L:10","","37424"
"9300","DEPRESSOR,TONGUE,WOOD,STL","IE770","L:7","","C1560-006"
"9301","SPONGE,GAUZE,4 X 4IN,100% COTT","IE770","L:45","","3033G"
"9305","DRESSING,GEN USE,ABD PAD,8 X 1","IE770","L:15","","9194A"
"9306","SPONGE,GAUZE,DRAIN,4 X 4IN,6-P","IE770","L:15","","7086"
"9307","CATH,URETHRAL,FOLEY,2-WAY,16FR","IE770","L:2","","DYND11756"
"9308","CATHETER,FOLEY,18FR,5CC","IE770","L:1","","DYND11758"
"9309","BAG,PAPER,GROCERY,# 25","IE770","L:6","","NONBPB25H"
"9311","BASIN,EMESIS,DISP,PLASTIC","IE770","L:6","","DYND80327N"
"9312","COTTON BALL,UNCOVERED,DIA 2IN,","IE770","L:3","","MDS21463"
"9313","CUP,STYROFOAM,6OZ,DISP","IE770","L:3","","6J6"
"9414","TUBING,SUCTION,L 6FT,FEMALE CO","IE770","L:3","","8888301515"
"9415","URINAL,MALE,PLSTC,1000ML,W/LID","IE770","L:12","","DYND80235S"
"9419","TRAY,CATHETERIZATION,FOLEY","IE770","L:2","","5029"
"9420","TRAY,IRRIGATION","IE770","L:2","","68800"
"9427","SYRINGE,3CC,L/L","IE770","L:20","","1180300777"
"9434","SYRINGE,30CC,L/L","IE770","L:2","","8881535762"
"9435","SYRINGE,60CC,L/L","IE770","L:2","","8881560125"
"9436","SYRINGE,60CC,CATH TIP","IE770","L:2","","309620"
"9452","SLEEVE,ELBOW/HEEL,PULL OVER,ME","IE770","L:2","","6224M"
"9627","KIT,REMOVAL,SUTURE,STERILE,DIS","IE770","L:3","","Jun-00"
"9720","RAZOR,SURGICAL,DBLE EDGED","IE770","L:15","","BRN1312"
"9871","BAG,ENEMA,1500ML,PRE-LUBRICATE","IE770","L:2","","DYND70102"
"9919","BOTTLE,SPECIMEN,URINE,24HR","IE770","L:2","","DYND80024"
"9922","MASK,SURG,MOLDED","IE770","L:50","","NON27381"
"9925","MASK,FACE,SURG,W/O SHIELD,PLTD","IE770","L:100","","15320"
"10377","BATTERY,ALKALINE,SZ D,DURACELL","IE770","L:2","","MN1300CT"
"10931","TAPE,ADHESIVE,PAPER,1I,HYPO","IE770","L:6","","1530-1"
"10932","TAPE,ADHESIVE,PAPER,2IN","IE770","L:2","","1530-2"
"10934","SNGE,5ML,LUER LOCK","IE770","L:15","","309646"
"10936","SYRINGE,W/O NEEDLE,20ML,LL TIP","IE770","L:3","","1182000777"
"10938","CUP,MEDICINE,10Z,PLASTIC","IE770","L:4","","DYND80000N"
"12075","ADAPTER,MULTIPLE,SAMPLE","IE770","L:6","","367290"
"12112","PLUG,PROTECTION,EAR","IE770","L:30","","MAX-1"
"12205","PAD,SANITARY,MATERNITY,3 X 11I","IE770","L:3","","1380A"
"12562","TOOTHBRUSH,STRAIGHT,ADULT SIZE","IE770","L:15","","55501"
"13308","DRESSING,ALGINATE,4X4IN,CALCIC","IE770","L:2","","529937"
"13310","KIT,IV START,STERILE,L/F,CHLOR","IE770","L:15","","74464"
"13492","COMB,HAIR,PLASTIC,5IN","IE770","L:5","","MDS137007Z"
"14527","TUBE,NG,SALEM SUMP,PVC,16FR","IE770","L:2","","8888266130"
"14528","TUBE,NG,SALEM SUMP,PVC,18FR","IE770","L:2","","8888266148"
"15063","TAMPON,CARDBOARD SLEEVE,TAMPAX","IE770","L:4","","822000"
"16466","STRAP,CATH,LEG,FABRIC,VELCRO C","IE770","L:2","","316"
"16927","LANCET,SAFETY,1.8MM,21GA","IE770","L:2","","8290366577"
"17204","BAG,DRAINAGE,4000ML","IE770","L:2","","153509"
"17597","ELECTRODE,EKG,RESTING,CONDUCTI","IE770","L:2","","31433538"
"17853","DEVICE, ANCHORING, STATLOCK","IE770","L:2","","VPPDFP"
"18141","DRESSING,GEN USE,ISLAND,4 X 4I","IE770","L:8","","7550"
"18677","NEEDLE, 16GA X 1 1/2","IE770","L:15","","305198"
"18816","PAPER,EKG,THERMAL,RED GRID","IE770","L:1","","1272335"
"18827","HOLDER,TUBE,TRACH,3/4IN,ADJ","IE770","L:2","","240"
"19113","SCRUB,PREP,4% CHG,TOPICAL,4OZ","IE770","L:2","","MDS098710"
"19551","BANDAGE,ELASTIC,SAFEWRAP,LF,4I","IE770","L:3","","MDS087004LF"
"19552","BANDAGE,ELASTIC,COMPRESSION,6I","IE770","L:3","","MDS087006LFG"
"19651","STOCKING,COMPRESSION,THIGH-HIG","IE770","L:2","","MDS160848"
"19652","STOCKING,COMPRESSION,THIGH-HIG","IE770","L:2","","MDS160868"
"19676","CATHETER,IV,SAFETY,18GA X1.25I","IE770","L:4","","3065"
"19677","CATHETER,IV,SAFETY,20GAX1.25IN","IE770","L:10","","3066"
"19678","CATHETER,IV,SAFETY,22GAX1IN","IE770","L:15","","306001"
"19845","DRESSING,FOAM,4 X 4IN,SQ,WATER","IE770","L:3","","55544"
"19846","DRESSING,FOAM,4 X 8IN,POLYURET","IE770","L:3","","55548"
"19968","SET,BLOOD ADMIN,200 MICRON FIL","IE770","L:4","","2477-0007"
"20047","SET,EXTENSION,NEEDLELESS,VALVE","IE770","L:5","","MC33150"
"20048","SET,IV ADMIN EXT,LTX-FREE,L 6I","IE770","L:10","","20019E"
"20057","CANNULA,NEEDLELESS,ACCESS VALV","IE770","L:6","","MC100"
"20286","BARRIER,SKIN,PROTECTIVE,PASTE,","IE770","L:2","","183910"
"20629","CUP,URINE,NONSTERILE,BLUE TOP","IE770","L:5","","364975"
"20943","GOWN,ISOLATION,DISPOSABLE,FULL","IE770","L:40","","A69961-C"
"22138","NEEDLE,SAFET,18GAX1.5IN,1M","IE770","L:5","","8881850815"
"22139","NEEDLE,SAFETY,22GAX1.5,1M","IE770","L:5","","8881850215"
"22140","NEEDLE,SAFETY,25GAX5/8IN","IE770","L:10","","8881850558"
"22141","NEEDLE,SAFETY,23GAX1IN","IE770","L:10","","8881850310"
"22143","NEEDLE,FILTER,18GA X 1 1/2IN","IE770","L:0","","305211"
"22288","TAPE,MEDICAL,SOFT CLOTH,2IN","IE770","L:4","","2862"
"22309","POUCH,DRAINAGE,2PC","IE770","L:3","","18134"
"22310","WAFER,OSTOMY,CENTERPOINT LOCK,","IE770","L:2","","14604"
"22351","SYRINGE,TB,1CC,28GAX1/2IN,SAFE","IE770","L:30","","8881882812"
"22352","SYRINGE,INSULIN,1CC,29GAX1/2IN","IE770","L:40","","8881892910"
"22755","DIAPER,ADULT,XLARGE","IE770","L:15","","66035"
"22840","URINE METER CATH TRAY KIT,18FR","IE770","L:2","","A902918"
"22917","TABLET,DENTURE,CLEANSER","IE770","L:6","","MDS136405"
"23111","OXYMASK,OXYGEN,MASK","IE770","L:5","","OM11258ML"
"23112","MASK,OXY,PLUS","IE770","L:5","","OP-1125-8"
"23157","STRIP,GLUCOSE TESTING,ACCU-CHE","IE770","L:3","","5942861001"
"23158","EAR PROTECTORS E-Z WRAP","IE770","L:3","","1016050"
"23695","SCISSORS-SHARP/BLUNT-5.5-STERI","IE770","L:6","","65945"
"23927","DEVICE,BLOOD COLLECTION,BLOOD","IE770","L:8","","36488000"
"24113","NEEDLE HOLDER,STACKABLE","IE770","L:9","","364815"
"24574","DEVICE,IV,CV PLUS,STATLOCK","IE770","L:2","","BRDCV0220H"
"24811","COVER,THERMOMETER PROBE,SURETE","IE770","L:8","","05031-750"
"27018","KIT,FMS,FLEXI-SEAL","IE770","L:1","","418000"
"27022","DRESSING,HYDROCOLLOID,4 X 5IN,","IE770","L:0","","422299"
"27065","TAPE,MEDICAL,ELASTIC FOAM,3IN","IE770","L:2","","1528-3"
"27104","PAPER,EKG,FOR ZOLL M SERIES,FA","IE770","L:3","","8000-000877-01"
"27831","DRESSING,ANTIMICROBIAL,BIOPATC","IE770","L:2","","4150"
"27870","MEPILEX,BORDER LITE,2X5","IE770","L:10","","581100"
"27871","MEPILEX,BORDER LITE,3X3","IE770","L:10","","595200"
"28018","DEVICE,CATH SECUREMENT,FOLE,ST","IE770","L:3","","FOL0102"
"29036","CLOTH,2% CHLORHEXIDINE,GLUCONA","IE770","L:3","","9705"
"29094","MARKER,SKIN,MINI MARKER,PRE SU","IE770","L:1","","2715BN"
"29371","BANDAGE,GAUZE,3IN X 75IN,STER,","IE770","L:3","","Nov-93"
"29611","CHLORAPREP,26ML,HI LITE,ORANGE","IE770","L:3","","930815"
"29660","SLEEVE,FULL ARM,SHOWER PROT,RE","IE770","L:5","","12106"
"29885","CHLORAPREP,ONE STEP,3ML","IE770","L:10","","930400"
"29988","NEEDLE,SAFETY,27GA,5/8INCH","IE770","L:20","","305921"
"30016","DRESSING,BORDER LITE,MEPILEX,4","IE770","L:10","","595300"
"30039","DRESSING,XEROFORM,PETROLATUM,F","IE770","L:8","","8884433605"
"30042","POWDER,TALCUM,1.5 OZ","IE770","L:4","","5256"
"30062","WASH,SHAMPOO,BODY,4OZ","IE770","L:5","","MSC092SBW04"
"30085","DRESSING STERILE 4INX4IN","IE770","L:2","","187971"
"30091","CUFF,CALF,SCD,DISPOSABLE,VENAF","IE770","L:2","","3040"
"30172","TOOTHPASTE,TUBE,.85 OZ","IE770","L:15","","9782"
"30262","SOLUTION,POVIDONE IODINE,10%,1","IE770","L:10","","DYNDA2232A"
"30515","DRESSING,FILM,IV,W/BORDER,TEGA","IE770","L:7","","1683"
"31669","BARRIER,CREAM,PROTEC,4OZ","IE770","L:2","","325614"
"31670","FOAM,CLEANSING,ALOE VESTA,8OZ","IE770","L:5","","MSC092104"
"31896","DEVICE,STATLOCK,325PSI","IE770","L:10","","IV0563P"
"32038","LINER,SUCTION,FLEX ADVANTAGE,1","IE770","L:3","","65651-920C"
"32171","SWAB,SUCTION,ALCOHOL FREE,ORAL","IE770","L:5","","6513"
"32277","STAYFIX,SMALL,5FR-14FR","IE770","L:25","","680ME"
"32450","UNDERWEAR,MESH,DISPOSABLE,XL","IE770","L:5","","MSC86400"
"32527","GLOVE,EXAM,NITRILE,SM,LTX-FREE","IE770","L:4","","72-50901"
"32528","GLOVE,EXAM,NITRILE,MED,LTX-FRE","IE770","L:4","","72-50902"
"32529","GLOVE,EXAM,NITRILE,LG,LTX-FREE","IE770","L:4","","72-50903"
"32530","GLOVE,EXAM,NITRILE,XL,LTX-FREE","IE770","L:4","","72-50904"
"32983","TOOTHBRUSH,ORAL CARE","IE770","L:5","","6572"
"33823","DIAPER,ADULT,PULL ON BRIEF,MED","IE770","L:15","","2975-100"
"34473","DRESSING,5 X 12.5IN,MEPILEX BO","IE770","L:10","","496605"
"35035","WIPES,DISPOSABLE,GERMICIDAL,SA","IE770","L:0","","Q55172"
"35069","CAP,IV,DISINFECT,CUROS,JET","IE770","L:20","","CFJ5-250"
"35140","DIAPER,ADULT,X-LARGE,PULL-UP,E","IE770","L:14","","2117"
"35362","BAG,PLASTIC,BEDSIDE,6.5X3.5X11","IE770","L:100","","NON24309P"
"35486","FLUSH,SALINE,10ML,IN 10ML SYR,","IE770","L:60","","306546"
"35511","JELLY,SURGILUBE,STERILE,5GM","IE770","L:24","","281020545"
"35658","PILL CRUSHER","IE770","L:0","","71091"
"35847","FOOTWEAR,PATIENT,3XL","IE770","L:10","","68125-PUR"
"35848","FOOTWEAR,PATIENT,BROWN,BARIATR","IE770","L:10","","68125-BRN"
"36473","NEEDLE,HUBER,INSERTER/INF SITE","IE770","L:2","","132010"
"36580","COVER,URINARY,DRAIN,BAG,FABRIC","IE770","L:0","","DYND15200"
"37163","BASIN,WASH,PLASTIC,DISPOSABLE,","IE770","L:14","","DYND80347"
"37293","BAG,EMESIS,BLUE","IE770","L:12","","EME-BAG"
"37636","NEEDLE,HYPO,20GAX1.5IN,SAFETY,","IE770","L:10","","8881850015"
"37957","APPLICATOR,ULTRAMIST","IE770","L:2","","CP-80040"
"37985","WIPES,CLEANING,GERMICIDAL,HARD","IE770","L:0","","P54072"
"38318","SENSOR,ADHESIVE,ADULT,ADTX,LNC","IE770","L:10","","1859"
"38459","CAP,MALE,TIPS,DISINFECTION,3M","IE770","L:20","","CM5-200"
"38875","TRAY,CATHETER,ITNTERMITTENT,14","IE770","L:2","","DYND10402"
"39014","CATHETER,MALE EXTERNAL,LIBERTY","IE770","L:5","","2102610"
"39121","SENSOR,SPO2,ADULT,DISPOSABLE","IE770","L:5","","TL-271T3-A24"
"39152","KIT,HEMOCULT,MAILER,OCPU-VA1","IE770","L:2","","OCPU"
"39199","CUFF,BP,1 PIECE,ADULT,TUBELESS","IE770","L:12","","SOFT-11"
"39201","CUFF,BP,1 PIECE,ADULT,LARGE,TU","IE770","L:3","","30503-14A"
"39202","CUFF,BP,1 PIECE,ADULT,SMALL,TU","IE770","L:10","","30503-12A"
"39203","CUFF,BP,1 PIECE,ADULT,LONG,TUB","IE770","L:5","","SOFT-11L"
"39581","MEPILEX,BORDER,SACRUM,16X20CM","IE770","L:5","","282055"
"40480","CONECTOR,ACE,W/ ENTERNAL ACCES","IE770","L:2","","485"
"40483","SYRINGE,FEEDING,ENFIT,60CC","IE770","L:2","","ENF60"
"40487","DRESSING,FOAM,9.2 X 9.2IN,SOFT","IE770","L:5","","282455"
"40668","NEEDLE,BUTTERFLY,ULTRATOUCH,25","IE770","L:5","","367363"
"40909","DEODORANT,ROLL ON,1.5 OZ","IE770","L:5","","MSC095010"
"40947","POUCH,TELEMETRY,WHITE POLYESTE","IE770","L:10","","9.89803E+11"
"41271","TUBING,OXYGEN CONNECTING,L 7FT","IE770","L:4","","1925"
"41341","CONTAINER,URINE COLLECTION,COM","IE770","L:3","","2500SA"
"41402","TUBE,FEEDING,NASOGASTRIC,NASOI","IE770","L:2","","40-9551"
"41411","TUBE,FEEDING,CORFLO,8FR,2.7MM,","IE770","L:2","","40-7438"
"41595","CANNULA,NASAL,O2,NON-FLARE TIP","IE770","L:6","","1365"
"41960","PULSE,OXIMETER","IE770","L:5","","81560630"
"42036","LINER,PITCHER,PLSTC,CARAFE,1QT","IE770","L:20","","DYND80528"
"42037","PITCHER,HANDLE,W/LID,GRAPHITE","IE770","L:20","","DYND80535N"
"42145","THERMOMETER,ORAL,30 SECOND,DIG","IE770","L:5","","MDS9950"
"42180","LINERS,COMMODE","IE770","L:2","","MDSBSPROBE"
"42667","EAR BUD,WHT,MAXELL,EB95","IE770","L:10","","AE-215"
"42684","MASK,EYE,SLEEPING,BLACK","IE770","L:10","","SPMASKB"
"42720","CATHETER,FEMALE,PUREWICK","IE770","L:10","","PWF030F"
"42735","MASK,FACE,PROCEDURE,FULL PLTD,","IE770","L:100","","PPE-M-AS-SUR-S"
"43115","SLIPPER,FALL PREVENTION,YELLOW","IE770","L:5","","M3044-U"
"43116","SLIPPER,FALL PREVENTION,YELLOW","IE770","L:5","","MDTPS4B04FPY"
"43117","SLIPPER,FALL PREVENTION,YELLOW","IE770","L:5","","M3044-B"
"43118","SLIPPER,FALL PREVENTION,YELLOW","IE770","L:5","","MDTPS4B05FPY"
"43145","SLIPPER,FALL PREVENTION,YELLOW","IE770","L:5","","80184"
"45122","KIT,CATH,FOLE,16FR,SIL,LTX-FRE","IE770","L:2","","URO170816"
"48367","BARRIER,SKIN,MOISTURE,ADH SHT,","IE770","L:1","","LPC50015CSE"
"48478","WRAP,INCONTINENCE,QUICKCHANGE","IE770","L:50","","UIM1025"
"48743","LINER,SUCTION,SURG,W/O LID,150","IE770","L:2","","71-6515"
"48763","SHIELD,SHOWER,7 X 7,DISP","IE770","L:5","","SS77"
"48862","PACK,HOT,INSTANT,5X7","IE770","L:5","","MDS149010"
"50203","SOLUTION,IRRIGATION,0.9% NACL,","IE770","L:0","","2B7477"
"50209","BAG,ENTERAL,KANGAROO,OMNI,W/FL","IE770","L:2","","BSPFF"
"50210","BAG,ENTERAL,DUAL,KANGAROO,OMNI","IE770","L:2","","B10FF"
"50294","CREAM,SKIN,PHYTOPLEX,12.5% DMT","IE770","L:6","","MSC092562"
"50419","CLEANSER DERMAL OR PERINEAL NE","IE770","L:0","","MSC095311"
"50420","WIPES,PERSONAL,SKIN CLEANSING/","IE770","L:35","","MSC092503"
"50421","WIPE,PERSONAL,CLEANSING,PRE-MO","IE770","L:0","","MSC095102"
"50613","UNDERPAD INCONTINENCE COMFORTG","IE770","L:5","",""
"50614","UNDERPAD INCONTINENCE XL 80X40","IE770","L:5","",""
"50617","SET,IV ADMIN,INF,SMARTSITE,NEE","IE770","L:20","","2420-0007"
"50641","IV ADMIN SET,SECONDARY,40 W/ H","IE770","L:20","","DYNDTA1540"
"50683","ADH PORT ACCESS KIT","IE770","L:2","","DYNPAK06"
"50803","KIT,DRESSING,CENTRAL LINE,PICC","IE770","L:3","",""
"51103","KIT PATIENT TRANSFER HOVERMATT","IE770","L:0","",""
"59596","BAG,EMESIS,WHITE,HDPE","IE770","L:12","","NON80331"
"59597","CUP,SPECIMEN,WHT","IE770","L:6","",""
"59795","SET,SURELEAD,PHILIPS 5 COMPAT","IE770","L:10","","DLS-PHP5L-4F"
"59848","SWAB COLLECTION ANALYZER PART","IE770","L:3","",""
"61191","SET,PHILIPS,3 SURELEAD","IE770","L:10","","DLS-PHP3L-4F"
"96017","FORCEP,KELLY,CVD,5.5IN,DISP","IE770","L:2","","SS09-0627 F"
"98010","BAG,AMBU,W/PEEP VALVE,DISP","IE770","L:2","","520-611-001"
"99015","BAG,PATIENT,BELONGING","IE770","L:25","","BIOBAGGY1820"
"129613","CANNULA,BLUNT,PLASTIC","IE770","L:15","","8881540111"
"45","KIT,HUMIDIFIER,DISP","IE774","L:4","test1","HUD006-40"
"177","TUBING,SUCTION,1/4IN X 12FT","IE774","L:15","","8888301622"
"180","STRAW,DRINKING,FLEXIBLE","IE774","L:50","","NON02315"
"214","TAPE,TRANSPORE,1IN,HYPO","IE774","L:10","","1527-1"
"215","TAPE,TRANSPORE,3IN","IE774","L:4","","1527-3"
"222","SPIROMETER,INCENTIVE,EXCERCISE","IE774","L:4","","8884719010"
"236","NEBULIZER,MICRO MIST,ADAPTER,H","IE774","L:6","","1884"
"437","MASK,AEROSOL,DISP","IE774","L:2","","1206"
"439","SOLUTION,POVIDONE-IODINE 10%,T","IE774","L:8","","MDS093944"
"445","MOUTHWASH,4OZ,MINT,NON-ALCOHOL","IE774","L:10","","CTR000413"
"468","DIAPER,ADULT,BRIEF,LARGE,TAPE","IE774","L:24","","MSC33505"
"469","DIAPER,ADULT,BRIEF,MED,WHITE,D","IE774","L:24","","60033"
"571","GAUZE,BANDAGE,KERLIX,4.5IN","IE774","L:20","","NON25865"
"588","CATH,URETHRAL,ROBINSON-NELATON","IE774","L:6","","8888492041"
"594","KIT,TRACH,CARE","IE774","L:2","","47890"
"1601","SURGIFIX,SZ#3","IE774","L:2","","MT03"
"1604","SURGIFIX,SZ#8","IE774","L:2","","MT08"
"1622","UNDERPAD,BED,30X36IN,TRANQUILI","IE774","L:80","","2710"
"1624","ADAPTER,OXYGEN,W/NUT,STANDARD","IE774","L:0","","2555"
"1771","BANDAGE,COBAN,4IN,NONSTERILE","IE774","L:4","","2084"
"1776","PACK,HOT/COLD","IE774","L:6","","33500"
"1787","BLADE,CLIPPER,SURGICAL,STERILE","IE774","L:20","","9660"
"1825","KIT,REMOVAL,STAPLE,STERILE,DIS","IE774","L:4","","PSX"
"1906","DRESSING,3X16IN,NONADHERENT,ST","IE774","L:10","","CUR250317"
"1912","GLOVE,SURG,NAT RUBBER,SZ 6,POW","IE774","L:8","","41160"
"1913","GLOVE,BIOGEL,6.5,STERILE","IE774","L:8","","41165"
"1914","GLOVE,NON LATEX BIOGEL,7.5,STE","IE774","L:10","","41175"
"1915","GLOVE,BIOGEL,8,STERILE","IE774","L:4","","41180"
"1972","TUBE,SUCTION,YANKAUER","IE774","L:4","","K86"
"1975","WOUND,CLOSURE STRIP,1/4IN X 4I","IE774","L:4","","R1546"
"1984","DRESSING,TELFA,NONADHER,3X8,ST","IE774","L:20","","1238"
"1986","PACKING,WOUND,PLN,1/2IN X 5YD,","IE774","L:3","","7632"
"1988","GAUZE,IODOFORM,1/2IN","IE774","L:3","","7832"
"1990","CATHETER,FOLEY,14FR,5CC","IE774","L:1","","0165L14"
"1994","SYRINGE,10CC,L/L","IE774","L:30","","302995"
"1998","CUP,DENTURE,8OZ,W/LID,PLASTIC","IE774","L:10","","DYND70293"
"2014","CONNECTOR,TUBING,5IN1,PLASTIC,","IE774","L:2","","501"
"2016","STETHOSCOPE,MANUAL,DUAL HEAD,L","IE774","L:4","","6515-00-NIB-0115"
"2032","WOUND,CLOSURE STRIP,1/2IN X 4I","IE774","L:12","","R1547"
"2041","DRESSING,TRANSPARENT,4X4 3/4IN","IE774","L:10","","1616"
"2042","DRESSING,TRANSPARENT,10INX5 1/","IE774","L:8","","1628"
"2043","DRESSING,IMPREGNATED,3 X 3IN,O","IE774","L:8","","6112"
"2053","BAG,LEG,URINE,32OZ","IE774","L:6","","DYND12578"
"2189","WIPES,PERSONAL,TOWELETTE,PRE-M","IE774","L:30","","MDS094181"
"2238","MASK,ADULT,TRACH,DISP","IE774","L:4","","1075"
"2242","MASK,OXYGEN,ADULT SZ 6","IE774","L:3","","HUD1930"
"2314","BEDPAN,FRACTURE,PLSTC,REUSABLE","IE774","L:4","","DYNC8522"
"2629","CATHETER,COUDE,CARSON,14FR,5CC","IE774","L:3","","0168L14"
"2630","CATH,URETHRAL,FOLEY,16FR,2-WAY","IE774","L:2","","0168L16"
"3427","BAG,PLASTIC,12X16IN","IE774","L:100","","EKN5396"
"5038","SOLUTION,INTRAVENOUS,IN 0.9% N","IE774","L:5","","2B1323Q"
"5039","SOLUTION,INTRAVENOUS,IN 0.9% N","IE774","L:10","","2B1324X"
"5042","SOLUTION,INTRAVENOUS,LR,1000ML","IE774","L:3","","2B2324X"
"5045","SOLUTION,IRRIGATION,0.9% NACL,","IE774","L:4","","2F7123"
"5047","SOLUTION,IRRIGATION,STER WATER","IE774","L:8","","2F7113"
"5070","SOLUTION,INTRAVENOUS,IN 0.9% N","IE774","L:6","","2B1322Q"
"5595","GLOVE,BIOGEL,7,STERILE","IE774","L:10","","41170"
"5960","SPONGE,GAUZE,2 X 2IN,STER,8-PL","IE774","L:100","","1806G"
"5991","BAG,BODY,POLYOLEFIN,40 X 96IN,","IE774","L:2","","55701-00-MBC"
"6288","SWAB,MOUTH,TOOTHETTE,FOAM TIPP","IE774","L:4","","6120"
"6291","TAPE,ADHESIVE,CLOTH,1IN","IE774","L:10","","1538-1"
"6292","TAPE,ADHESIVE,CLOTH,2IN","IE774","L:4","","1538-2"
"6353","APPLICATOR,TIPPED,COTTO,L 6IN,","IE774","L:50","","MDS202000"
"6357","TISSUE,FACIAL,2-PLY,8 X 8IN,10","IE774","L:20","","48550"
"6555","BAG,TRANSPORT,SPECIMEN,BIOHAZA","IE774","L:200","","AR69P"
"6691","PIN,SAFETY,LARGE,NON STERILE","IE774","L:12","","MDT223025Z"
"7751","CUSHION,CHAIR,AIR,2X18X17INCHE","IE774","L:0","","2770100000"
"7992","CLAMP,POUCH,DRAIN","IE774","L:2","","175635"
"8429","CANNULA,INNER,DISP,#6","IE774","L:4","","6IC75"
"9057","BATTERY,AA,NONRECHARGEABLE,ALK","IE774","L:48","","PC1500"
"9059","CATHETER,EXT,SIL,MED","IE774","L:6","","33102"
"9061","CATHETER,EXT,SIL,LG","IE774","L:0","","36104"
"9295","PAD,ALCOHOL,70% ISOPROPYL","IE774","L:600","","6818"
"9296","BANDAID,ADHESIVE,PLASTIC,STRIP","IE774","L:100","","44101"
"9299","KIT,SUCTION,14FR CATH,WHISTLE","IE774","L:12","","37424"
"9300","DEPRESSOR,TONGUE,WOOD,STL","IE774","L:10","","C1560-006"
"9301","SPONGE,GAUZE,4 X 4IN,100% COTT","IE774","L:150","","3033G"
"9305","DRESSING,GEN USE,ABD PAD,8 X 1","IE774","L:25","","9194A"
"9306","SPONGE,GAUZE,DRAIN,4 X 4IN,6-P","IE774","L:30","","7086"
"9309","BAG,PAPER,GROCERY,# 25","IE774","L:40","","NONBPB25H"
"9311","BASIN,EMESIS,DISP,PLASTIC","IE774","L:12","","DYND80327N"
"9312","COTTON BALL,UNCOVERED,DIA 2IN,","IE774","L:4","","MDS21463"
"9313","CUP,STYROFOAM,6OZ,DISP","IE774","L:10","","6J6"
"9414","TUBING,SUCTION,L 6FT,FEMALE CO","IE774","L:6","","8888301515"
"9415","URINAL,MALE,PLSTC,1000ML,W/LID","IE774","L:15","","DYND80235S"
"9420","TRAY,IRRIGATION","IE774","L:4","","68800"
"9421","SET,IV ADMIN EXT,L 20IN","IE774","L:2","","V5406"
"9427","SYRINGE,3CC,L/L","IE774","L:100","","1180300777"
"9435","SYRINGE,60CC,L/L","IE774","L:3","","8881560125"
"9452","SLEEVE,ELBOW/HEEL,PULL OVER,ME","IE774","L:3","","6224M"
"9627","KIT,REMOVAL,SUTURE,STERILE,DIS","IE774","L:6","","Jun-00"
"9719","TUBING,OXYGEN CONNECTING,7FT,N","IE774","L:8","","1350"
"9720","RAZOR,SURGICAL,DBLE EDGED","IE774","L:10","","BRN1312"
"10310","BATTERY,C,NONRECHARGE","IE774","L:4","","PC1400"
"10931","TAPE,ADHESIVE,PAPER,1I,HYPO","IE774","L:8","","1530-1"
"10932","TAPE,ADHESIVE,PAPER,2IN","IE774","L:4","","1530-2"
"10934","SNGE,5ML,LUER LOCK","IE774","L:20","","309646"
"10938","CUP,MEDICINE,10Z,PLASTIC","IE774","L:3","","DYND80000N"
"12075","ADAPTER,MULTIPLE,SAMPLE","IE774","L:10","","367290"
"12205","PAD,SANITARY,MATERNITY,3 X 11I","IE774","L:8","","1380A"
"12562","TOOTHBRUSH,STRAIGHT,ADULT SIZE","IE774","L:12","","55501"
"13308","DRESSING,ALGINATE,4X4IN,CALCIC","IE774","L:10","","529937"
"13310","KIT,IV START,STERILE,L/F,CHLOR","IE774","L:20","","74464"
"13492","COMB,HAIR,PLASTIC,5IN","IE774","L:12","","MDS137007Z"
"13769","COLLAR,CERVICAL,PHILI,MED,4.25","IE774","L:0","","PHP-T4M"
"13790","COLLAR-CERVICAL-PHILI-MED-3.25","IE774","L:0","","00-1741-006-00"
"15911","RING,BARRIER,SKIN","IE774","L:6","","7805"
"16101","BARRIER,1.75IN WITH,FLANGE,2.2","IE774","L:5","","14603"
"16466","STRAP,CATH,LEG,FABRIC,VELCRO C","IE774","L:6","","316"
"16927","LANCET,SAFETY,1.8MM,21GA","IE774","L:2","","8290366577"
"17204","BAG,DRAINAGE,4000ML","IE774","L:2","","153509"
"17597","ELECTRODE,EKG,RESTING,CONDUCTI","IE774","L:4","","31433538"
"18141","DRESSING,GEN USE,ISLAND,4 X 4I","IE774","L:1","","7550"
"18274","REMOVER,ADHESIVE,WIPE","IE774","L:30","","30039"
"18827","HOLDER,TUBE,TRACH,3/4IN,ADJ","IE774","L:3","","240"
"18932","DRESSING,TRANSPARENT,2 3/8INX2","IE774","L:35","","1624W"
"19551","BANDAGE,ELASTIC,SAFEWRAP,LF,4I","IE774","L:6","","MDS087004LF"
"19552","BANDAGE,ELASTIC,COMPRESSION,6I","IE774","L:4","","MDS087006LFG"
"19676","CATHETER,IV,SAFETY,18GA X1.25I","IE774","L:0","","3065"
"19677","CATHETER,IV,SAFETY,20GAX1.25IN","IE774","L:15","","3066"
"19678","CATHETER,IV,SAFETY,22GAX1IN","IE774","L:10","","306001"
"19845","DRESSING,FOAM,4 X 4IN,SQ,WATER","IE774","L:2","","55544"
"19968","SET,BLOOD ADMIN,200 MICRON FIL","IE774","L:0","","2477-0007"
"20057","CANNULA,NEEDLELESS,ACCESS VALV","IE774","L:10","","MC100"
"20189","DRESSING,TRAC,FOAM,KCI,LG,BLAC","IE774","L:2","","M8275053/10"
"20242","DRAPE,TRAC,VAC","IE774","L:3","","M6275009/10"
"20629","CUP,URINE,NONSTERILE,BLUE TOP","IE774","L:10","","364975"
"20943","GOWN,ISOLATION,DISPOSABLE,FULL","IE774","L:120","","A69961-C"
"22138","NEEDLE,SAFET,18GAX1.5IN,1M","IE774","L:5","","8881850815"
"22140","NEEDLE,SAFETY,25GAX5/8IN","IE774","L:5","","8881850558"
"22141","NEEDLE,SAFETY,23GAX1IN","IE774","L:20","","8881850310"
"22142","NEEDLE,SAFETY,21GAX1IN,1M","IE774","L:5","","305915"
"22143","NEEDLE,FILTER,18GA X 1 1/2IN","IE774","L:40","","305211"
"22288","TAPE,MEDICAL,SOFT CLOTH,2IN","IE774","L:6","","2862"
"22289","TAPE,MEDICAL,SOFT CLOTH,4IN","IE774","L:4","","2864"
"22290","TAPE,MEDICAL,SOFT CLOTH,6IN","IE774","L:2","","2866"
"22309","POUCH,DRAINAGE,2PC","IE774","L:0","","18134"
"22351","SYRINGE,TB,1CC,28GAX1/2IN,SAFE","IE774","L:15","","8881882812"
"22352","SYRINGE,INSULIN,1CC,29GAX1/2IN","IE774","L:75","","8881892910"
"22755","DIAPER,ADULT,XLARGE","IE774","L:30","","66035"
"22917","TABLET,DENTURE,CLEANSER","IE774","L:30","","MDS136405"
"23111","OXYMASK,OXYGEN,MASK","IE774","L:5","","OM11258ML"
"23157","STRIP,GLUCOSE TESTING,ACCU-CHE","IE774","L:4","","5942861001"
"23695","SCISSORS-SHARP/BLUNT-5.5-STERI","IE774","L:10","","65945"
"23927","DEVICE,BLOOD COLLECTION,BLOOD","IE774","L:15","","36488000"
"23968","LABEL,GENERAL USE,2 X 1.25IN,1","IE774","L:0","","THERMD50"
"23980","BATTERY,9V,NON-RECHRG,ALKALINE","IE774","L:4","","PC1604"
"24113","NEEDLE HOLDER,STACKABLE","IE774","L:18","","364815"
"24574","DEVICE,IV,CV PLUS,STATLOCK","IE774","L:4","","BRDCV0220H"
"24811","COVER,THERMOMETER PROBE,SURETE","IE774","L:10","","05031-750"
"27022","DRESSING,HYDROCOLLOID,4 X 5IN,","IE774","L:18","","422299"
"27104","PAPER,EKG,FOR ZOLL M SERIES,FA","IE774","L:2","","8000-000877-01"
"27870","MEPILEX,BORDER LITE,2X5","IE774","L:20","","581100"
"27871","MEPILEX,BORDER LITE,3X3","IE774","L:10","","595200"
"27898","GEL,AQUASONIC,20MG","IE774","L:12","","1-Jan"
"28018","DEVICE,CATH SECUREMENT,FOLE,ST","IE774","L:6","","FOL0102"
"29094","MARKER,SKIN,MINI MARKER,PRE SU","IE774","L:1","","2715BN"
"29255","RULER,MEASURING,WOUND,PAPER,DI","IE774","L:3","","MSCEDURULER"
"29371","BANDAGE,GAUZE,3IN X 75IN,STER,","IE774","L:4","","Nov-93"
"29610","CHLORAPREP,10.5ML,HI LITE,ORAN","IE774","L:6","","930715"
"29660","SLEEVE,FULL ARM,SHOWER PROT,RE","IE774","L:6","","12106"
"29662","SLEEVE,FOOT TO THIGH,SHOWER,PR","IE774","L:9","","03202-THIGH HI"
"29845","KIT,ORAL CARE","IE774","L:6","","6429"
"29885","CHLORAPREP,ONE STEP,3ML","IE774","L:10","","930400"
"30016","DRESSING,BORDER LITE,MEPILEX,4","IE774","L:20","","595300"
"30039","DRESSING,XEROFORM,PETROLATUM,F","IE774","L:20","","8884433605"
"30062","WASH,SHAMPOO,BODY,4OZ","IE774","L:10","","MSC092SBW04"
"30085","DRESSING STERILE 4INX4IN","IE774","L:12","","187971"
"30172","TOOTHPASTE,TUBE,.85 OZ","IE774","L:20","","9782"
"30199","ADHESIVE,CREAM,FIXODENT","IE774","L:2","","80717506"
"30262","SOLUTION,POVIDONE IODINE,10%,1","IE774","L:18","","DYNDA2232A"
"30263","SOLUTION,HYDROGENPEROXIDE,3%,1","IE774","L:5","","APLP1012BK"
"31669","BARRIER,CREAM,PROTEC,4OZ","IE774","L:4","","325614"
"31670","FOAM,CLEANSING,ALOE VESTA,8OZ","IE774","L:6","","MSC092104"
"31896","DEVICE,STATLOCK,325PSI","IE774","L:5","","IV0563P"
"31922","KIT,DRAINAGE,PLERUX,BOTTLE","IE774","L:2","","50-7510"
"31973","NEEDLE,EAR,SEMI-PERMANENT,ASP","IE774","L:1","","LHAASPGOLD200"
"32038","LINER,SUCTION,FLEX ADVANTAGE,1","IE774","L:6","","65651-920C"
"32171","SWAB,SUCTION,ALCOHOL FREE,ORAL","IE774","L:2","","6513"
"32186","DRESSING,FOAM,SILICONE,4X8INCH","IE774","L:6","","496405"
"32277","STAYFIX,SMALL,5FR-14FR","IE774","L:10","","680ME"
"32450","UNDERWEAR,MESH,DISPOSABLE,XL","IE774","L:15","","MSC86400"
"32463","ADHESIVE,LIQUID,MASTISOL","IE774","L:3","","0523-48"
"32527","GLOVE,EXAM,NITRILE,SM,LTX-FREE","IE774","L:4","","72-50901"
"32528","GLOVE,EXAM,NITRILE,MED,LTX-FRE","IE774","L:4","","72-50902"
"32529","GLOVE,EXAM,NITRILE,LG,LTX-FREE","IE774","L:4","","72-50903"
"32530","GLOVE,EXAM,NITRILE,XL,LTX-FREE","IE774","L:4","","72-50904"
"32679","CREAM,SKIN REPAIR,REMEDY,4OZ","IE774","L:4","","MSC0924004"
"33830","POUCH,DRAINABLE,1.75X2.25","IE774","L:5","","18183"
"33930","DIAPER,ADULT,PULL ON BRIEF,LG","IE774","L:16","","2116"
"34473","DRESSING,5 X 12.5IN,MEPILEX BO","IE774","L:10","","496605"
"34708","DIAPER,BRIEF,ADULT,XXL","IE774","L:12","","2118"
"34972","ADHESIVE,RELEASER,STING FREE","IE774","L:2","","420798"
"35035","WIPES,DISPOSABLE,GERMICIDAL,SA","IE774","L:4","","Q55172"
"35041","CLOTH,CHLORHEXIDINE,GLUCONATE","IE774","L:6","","9717"
"35069","CAP,IV,DISINFECT,CUROS,JET","IE774","L:50","","CFJ5-250"
"35140","DIAPER,ADULT,X-LARGE,PULL-UP,E","IE774","L:14","","2117"
"35359","CLIPPER,SURG,RECHARGEABLE,PIVO","IE774","L:0","","9667L"
"35362","BAG,PLASTIC,BEDSIDE,6.5X3.5X11","IE774","L:100","","NON24309P"
"35486","FLUSH,SALINE,10ML,IN 10ML SYR,","IE774","L:120","","306546"
"35511","JELLY,SURGILUBE,STERILE,5GM","IE774","L:20","","281020545"
"35655","SPLITTER,TABLET,CUT IN HALF,PL","IE774","L:6","","67015BC1"
"35658","PILL CRUSHER","IE774","L:6","","71091"
"35845","FOOTWEAR,PATIENT,NON-SKID,MED,","IE774","L:6","","68125-TM"
"35846","FOOTWEAR,PATIENT,YELLOW,XL","IE774","L:8","","68125-YXLA"
"35847","FOOTWEAR,PATIENT,3XL","IE774","L:10","","68125-PUR"
"35848","FOOTWEAR,PATIENT,BROWN,BARIATR","IE774","L:10","","68125-BRN"
"35976","CUSHIO,CHAIR,AIR,BARIATRIC,22X","IE774","L:0","","2770-200-000"
"36472","NEEDLE,GRIPPER PLUS,HUBER,.75I","IE774","L:0","","21-3465-24"
"36580","COVER,URINARY,DRAIN,BAG,FABRIC","IE774","L:10","","DYND15200"
"37163","BASIN,WASH,PLASTIC,DISPOSABLE,","IE774","L:12","","DYND80347"
"37180","CATHETER,IV,W/Y ADAPT,24GAX.75","IE774","L:10","","383313"
"37293","BAG,EMESIS,BLUE","IE774","L:6","","EME-BAG"
"37957","APPLICATOR,ULTRAMIST","IE774","L:12","","CP-80040"
"38085","SCISSORS,IRIS,ST,STERILE KIT,S","IE774","L:10","","66155"
"38459","CAP,MALE,TIPS,DISINFECTION,3M","IE774","L:50","","CM5-200"
"38875","TRAY,CATHETER,ITNTERMITTENT,14","IE774","L:6","","DYND10402"
"39014","CATHETER,MALE EXTERNAL,LIBERTY","IE774","L:1","","2102610"
"39152","KIT,HEMOCULT,MAILER,OCPU-VA1","IE774","L:0","","OCPU"
"39199","CUFF,BP,1 PIECE,ADULT,TUBELESS","IE774","L:15","","SOFT-11"
"39201","CUFF,BP,1 PIECE,ADULT,LARGE,TU","IE774","L:10","","30503-14A"
"39202","CUFF,BP,1 PIECE,ADULT,SMALL,TU","IE774","L:10","","30503-12A"
"39203","CUFF,BP,1 PIECE,ADULT,LONG,TUB","IE774","L:10","","SOFT-11L"
"39581","MEPILEX,BORDER,SACRUM,16X20CM","IE774","L:20","","282055"
"39961","BARRIER FILM,CAVILION,1.0ML WI","IE774","L:40","","3344"
"40483","SYRINGE,FEEDING,ENFIT,60CC","IE774","L:3","","ENF60"
"40668","NEEDLE,BUTTERFLY,ULTRATOUCH,25","IE774","L:6","","367363"
"40909","DEODORANT,ROLL ON,1.5 OZ","IE774","L:8","","MSC095010"
"41341","CONTAINER,URINE COLLECTION,COM","IE774","L:5","","2500SA"
"41595","CANNULA,NASAL,O2,NON-FLARE TIP","IE774","L:12","","1365"
"42036","LINER,PITCHER,PLSTC,CARAFE,1QT","IE774","L:100","","DYND80528"
"42037","PITCHER,HANDLE,W/LID,GRAPHITE","IE774","L:26","","DYND80535N"
"42720","CATHETER,FEMALE,PUREWICK","IE774","L:15","","PWF030F"
"42735","MASK,FACE,PROCEDURE,FULL PLTD,","IE774","L:150","","PPE-M-AS-SUR-S"
"43118","SLIPPER,FALL PREVENTION,YELLOW","IE774","L:8","","MDTPS4B05FPY"
"45122","KIT,CATH,FOLE,16FR,SIL,LTX-FRE","IE774","L:2","","URO170816"
"48367","BARRIER,SKIN,MOISTURE,ADH SHT,","IE774","L:1","","LPC50015CSE"
"48478","WRAP,INCONTINENCE,QUICKCHANGE","IE774","L:50","","UIM1025"
"49749","POSITIONER,PATIENT,SEATED POSI","IE774","L:4","","7530"
"49967","CATHETER,MALE,PUREWICK","IE774","L:8","","PWM030"
"50056","SET,FEEDING,THICK FORMULA W/FL","IE774","L:2","","E10FFR"
"50190","SOLUTION,CONTACT LENS,RIGID GA","IE774","L:0","",""
"50209","BAG,ENTERAL,KANGAROO,OMNI,W/FL","IE774","L:5","","BSPFF"
"50210","BAG,ENTERAL,DUAL,KANGAROO,OMNI","IE774","L:5","","B10FF"
"50294","CREAM,SKIN,PHYTOPLEX,12.5% DMT","IE774","L:6","","MSC092562"
"50348","WEDGE,POSITIONING,16X11X5IN,CO","IE774","L:2","",""
"50416","OINTMENT, ANTIFUNGAL, PHYTOPLE","IE774","L:3","",""
"50419","CLEANSER DERMAL OR PERINEAL NE","IE774","L:20","","MSC095311"
"50420","WIPES,PERSONAL,SKIN CLEANSING/","IE774","L:25","","MSC092503"
"50421","WIPE,PERSONAL,CLEANSING,PRE-MO","IE774","L:30","","MSC095102"
"50422","CAP,SHAMPOO/CONDITIONER,ALL IN","IE774","L:15","",""
"50423","LIPBALM,REMEDY,PHYTOPLEX,0.15","IE774","L:20","",""
"50617","SET,IV ADMIN,INF,SMARTSITE,NEE","IE774","L:20","","2420-0007"
"50636","DRESSING,FOAM,9 X 9.125IN,SIL,","IE774","L:5","",""
"50641","IV ADMIN SET,SECONDARY,40 W/ H","IE774","L:20","","DYNDTA1540"
"50803","KIT,DRESSING,CENTRAL LINE,PICC","IE774","L:5","",""
"51103","KIT PATIENT TRANSFER HOVERMATT","IE774","L:7","",""
"59215","HYPICHLOROUS,WOUND,WASH","IE774","L:6","","6517"
"59596","BAG,EMESIS,WHITE,HDPE","IE774","L:6","","NON80331"
"59848","SWAB COLLECTION ANALYZER PART","IE774","L:10","",""
"60061","KIT,SHAVING,1.5OZ,CREAM DISPOS","IE774","L:6","","DYKD2001S"
"61269","SLING,COMFORT HIGH,POLYPROPYLE","IE774","L:5","",""
"61270","SLING,COMFORT,LARGE,POLY,DISPO","IE774","L:10","",""
"61271","SLING,COMFORT,X-LARGE,POLY,DIS","IE774","L:4","",""
"98006","BATTERY,AAA,NONRECHARGEABLE,AL","IE774","L:8","","PC2400"
"99015","BAG,PATIENT,BELONGING","IE774","L:50","","BIOBAGGY1820"
"129613","CANNULA,BLUNT,PLASTIC","IE774","L:100","","8881540111"
"129808","CANNULA,INNER,TRACH,SZ 8,DIC S","IE774","L:2","","8IC85"
"214","TAPE,TRANSPORE,1IN,HYPO","IE775","L:3","","1527-1"
"215","TAPE,TRANSPORE,3IN","IE775","L:2","","1527-3"
"1607","SPONGE,GAUZE,4 X 4IN,NON-STER","IE775","L:2","","2556G"
"1747","TUBE, TRACH, HI LO, SIZE 6","IE775","L:6","","86109"
"1748","TUBE,TRACH,HI LO,SZ 7.5","IE775","L:5","","MLK86451"
"1749","TUBE,ET,MURPHY,SZ 8.0MM,L LONG","IE775","L:4","","18780S"
"1750","TUBE,TRACH,HI LO,SIZE 8.5","IE775","L:4","","86453"
"1753","STYLET,ET TUBE,14FR,STL","IE775","L:10","","85865"
"1762","AIRWA,ASAL,#8.0,34FR","IE775","L:6","","340080"
"1763","AIRWAY,NASOPHARYNGEAL,36FR,PVC","IE775","L:3","","340090"
"1821","TUBE,EXTENSION,K51","IE775","L:3","","2C6226"
"1964","AIRWAY,NASAL,#7.0,29FR","IE775","L:3","","340070"
"1972","TUBE,SUCTION,YANKAUER","IE775","L:3","","K86"
"1992","CATHETER,JELCO,IV,22GA X 1INCH","IE775","L:10","","4050"
"1994","SYRINGE,10CC,L/L","IE775","L:65","","302995"
"2185","TUBE,TRACH,7.0MM,HI/LO","IE775","L:6","","86450"
"2238","MASK,ADULT,TRACH,DISP","IE775","L:5","","1075"
"2242","MASK,OXYGEN,ADULT SZ 6","IE775","L:10","","HUD1930"
"3769","BANDAGE,COBAN,2IN,NONSTERILE","IE775","L:5","","2082"
"5010","SOLUTION,INTRAVENOUS,D5W,250ML","IE775","L:0","","2B0062Q"
"5042","SOLUTION,INTRAVENOUS,LR,1000ML","IE775","L:8","","2B2324X"
"5043","SOLUTION,INTRAVENOUS,D5W,LR,10","IE775","L:3","","2B2074X"
"5647","REPLACEMENT CAPS SYR HYP R-200","IE775","L:100","","R2000B"
"6147","BIDER,ABDOMINAL,UNIV LONG,HT 9","IE775","L:0","","ORT21110LXL"
"6590","SHIELD,EYE,PROTECTIVE,FOAM,BLU","IE775","L:10","","D28310"
"8690","CATHETER,JELCO,IV,14GA X 1.25","IE775","L:10","","4251717-020"
"8737","CATHETER-JELCO-IV-18GA X 1.25","IE775","L:25","","4055"
"9295","PAD,ALCOHOL,70% ISOPROPYL","IE775","L:800","","6818"
"9299","KIT,SUCTION,14FR CATH,WHISTLE","IE775","L:6","","37424"
"9300","DEPRESSOR,TONGUE,WOOD,STL","IE775","L:20","","C1560-006"
"9426","CATHETER,JELCO,IV,20GA,1.25IN","IE775","L:10","","405611"
"9427","SYRINGE,3CC,L/L","IE775","L:50","","1180300777"
"9434","SYRINGE,30CC,L/L","IE775","L:24","","8881535762"
"9435","SYRINGE,60CC,L/L","IE775","L:30","","8881560125"
"9719","TUBING,OXYGEN CONNECTING,7FT,N","IE775","L:3","","1350"
"10934","SNGE,5ML,LUER LOCK","IE775","L:20","","309646"
"10936","SYRINGE,W/O NEEDLE,20ML,LL TIP","IE775","L:24","","1182000777"
"11674","MASK, ADULT, MEDIUM, DISP","IE775","L:5","","1055"
"11675","MASK,ADULT,LARGE,DISP","IE775","L:4","","1065"
"13310","KIT,IV START,STERILE,L/F,CHLOR","IE775","L:5","","74464"
"13433","TAPE,PLASTIC,PINK,1/2IN","IE775","L:24","","5LF"
"14528","TUBE,NG,SALEM SUMP,PVC,18FR","IE775","L:3","","8888266148"
"14774","STOPCOCK,4WAY,LUER LOCK","IE775","L:5","","1168336"
"17770","STETHOSCOPE, ESOPHAGEAL, 18FR","IE775","L:3","","81-040418"
"18028","SODIUM CHLORIDE,0.9%,100ML,BG","IE775","L:5","","2B1307"
"18871","STOPCOCK, 4 WAY, W/INJ SITE, 3","IE775","L:5","","B9269"
"19677","CATHETER,IV,SAFETY,20GAX1.25IN","IE775","L:5","","3066"
"20047","SET,EXTENSION,NEEDLELESS,VALVE","IE775","L:5","","MC33150"
"20492","AIRWAY,SUPRAGLOTTIC,SIZE 4,15M","IE775","L:4","","8204000"
"20493","AIRWAY,SUPRAGLOTTIC,SIZE 5,15M","IE775","L:4","","8205000"
"22138","NEEDLE,SAFET,18GAX1.5IN,1M","IE775","L:60","","8881850815"
"22143","NEEDLE,FILTER,18GA X 1 1/2IN","IE775","L:10","","305211"
"22352","SYRINGE,INSULIN,1CC,29GAX1/2IN","IE775","L:10","","8881892910"
"27115","CANNULA,ADULT,DIVIDED 7,OXYGEN","IE775","L:5","","1844"
"27496","DILATOR,BALLOON,CRE,FIXED WIRE","IE775","L:0","","M00558380"
"28534","CONNECTOR,ISOTHERMAL,ADULT,OMN","IE775","L:5","","3222"
"29309","STOPCOCK,4WAY,W/60I EXTENSION","IE775","L:25","","B4090"
"30082","TUBING,IV,ANESTHESIA","IE775","L:25","","B9768"
"30515","DRESSING,FILM,IV,W/BORDER,TEGA","IE775","L:5","","1683"
"30548","STAT,GVL#4","IE775","L:3","","0270-0628"
"30549","BLADE,LARYNGOSCOPE,GLIDESCOPE,","IE775","L:3","","0270-0626"
"30590","SENSOR,QUATRO,BIS","IE775","L:3","","186-0106"
"31896","DEVICE,STATLOCK,325PSI","IE775","L:5","","IV0563P"
"32586","TUBE,TRACH,HILO,6.5HD,MURPH TI","IE775","L:6","","86449"
"32777","LABEL,MEDICATION,SETUP","IE775","L:1","","9VA2478-NS-20"
"33759","PROTECTOR,EYE,ADHESIVE","IE775","L:1","","BY2020"
"33763","SPONGE,LAPAROTOMY,STERILE,3X17","IE775","L:0","","4048"
"34691","PROBE,THERMOMETER,TYMPANIC,SKI","IE775","L:5","","171579"
"35035","WIPES,DISPOSABLE,GERMICIDAL,SA","IE775","L:0","","Q55172"
"35069","CAP,IV,DISINFECT,CUROS,JET","IE775","L:5","","CFJ5-250"
"35241","BLADE,LARYNGOSCOPE,MAC 3","IE775","L:5","","1023"
"35242","BLADE,LARYNGOSCOPE,MAC 4","IE775","L:5","","1024.C"
"35243","BLADE,LARYNGOSCOPE,MILLER 3","IE775","L:6","","INT1033"
"36936","ABSORBER,CO2,DRAEGERSORB","IE775","L:3","","MX00004"
"37033","HANDLE,LARYNGOSCOPE,SHORT,DISP","IE775","L:6","","2017.C"
"37035","HANDLE,LARYNGOSCOPE,STANDARD,D","IE775","L:6","","2015.C"
"37037","BLADE,LARYNGOSCOPE,MAC 3+,DISP","IE775","L:6","","1029C"
"37039","BLADE,LARYNGOSCOPE,MILLER 2,DI","IE775","L:4","","1032"
"37636","NEEDLE,HYPO,20GAX1.5IN,SAFETY,","IE775","L:10","","8881850015"
"37662","MASK,FACE,WITH HEADSTRAP","IE775","L:5","","8151"
"37970","ATOMIZER,NASAL,MAD,INTRANASAL,","IE775","L:5","","MAD300"
"38055","ORALAIRWAYS,PVC,SZ4,SNGL USE,Y","IE775","L:5","","1-1521-04"
"38056","ORALAIRWAYS,PVC,SZ5,SNGL USE,R","IE775","L:12","","DYNJGUED100"
"38135","SET,SATELLITE,LARGE,ADULT,SUPE","IE775","L:4","","SSEL-20"
"38136","SET,SATELLITE,MED,SUPERNO2VA,W","IE775","L:4","","SSEM-20"
"38763","LINE,SAMPLING,GAS,10FT,M/M","IE775","L:5","","733199"
"38765","IV TUBING,6O DROP PRIMARY SET,","IE775","L:5","","B90108"
"38921","ADAPTER,AIRWAY","IE775","L:0","","YG-111T"
"38927","MASK,ADULT,CO2/O2,WITH SWIVEL","IE775","L:10","","826062"
"39078","AIRWAY,GASTRO,LMA","IE775","L:10","","1E5040"
"39082","AIRWAY,GASTRO,LMA,SIZE 5","IE775","L:6","","1E5050"
"41271","TUBING,OXYGEN CONNECTING,L 7FT","IE775","L:3","","1925"
"41481","STYLET,GLIDERITE,DISPOSABLE","IE775","L:4","","0270-1005"
"41594","MASK,OXYGEN,PROCEDURAL","IE775","L:25","","1003-MM"
"41731","FILTER,EXCHANGE,HEAT,MOISTURE","IE775","L:5","","157"
"45192","CIRCUITS,ANESTHESIA,ADULT","IE775","L:6","","DYNJAAF6852"
"49957","BAG,PRESSURE INFUSION,CUFF,100","IE775","L:4","","4010H"
"50042","KIT,OXYGEN,OPTIFLOW","IE775","L:10","","AA403"
"50351","NEEDLE,BLUNT,FILL,WITHOUT FILT","IE775","L:100","",""
"50617","SET,IV ADMIN,INF,SMARTSITE,NEE","IE775","L:5","","2420-0007"
"50641","IV ADMIN SET,SECONDARY,40 W/ H","IE775","L:12","","DYNDTA1540"
"59795","SET,SURELEAD,PHILIPS 5 COMPAT","IE775","L:15","","DLS-PHP5L-4F"
"61191","SET,PHILIPS,3 SURELEAD","IE775","L:25","","DLS-PHP3L-4F"
"61216","LINE,FILTER,ADULT NASAL,MICROS","IE775","L:5","","MVANOL"
"61234","CABLE,FOLEY,TEMP SENSING,PHILI","IE775","L:30","","TSC-10"
"98010","BAG,AMBU,W/PEEP VALVE,DISP","IE775","L:1","","520-611-001"
"129613","CANNULA,BLUNT,PLASTIC","IE775","L:160","","8881540111"
"89","COVER,SHOE,SIZE 8 TO 12","IE778","L:1","","4852"
"180","STRAW,DRINKING,FLEXIBLE","IE778","L:10","","NON02315"
"1571","CAP/HOOD,SURGEON,CAP/HOOD,UNIV","IE778","L:1","","4359"
"1583","GEL,ULTRASONIC,TRANSMISSION","IE778","L:2","","8-Mar"
"1622","UNDERPAD,BED,30X36IN,TRANQUILI","IE778","L:10","","2710"
"1772","BOARD,ARM,DISPOSABLE","IE778","L:2","","NON24290"
"2764","COVER-BEARD","IE778","L:1","","NONSH400"
"3769","BANDAGE,COBAN,2IN,NONSTERILE","IE778","L:6","","2082"
"6086","MASK,SURGICAL,W/SHIELD,TIE","IE778","L:25","","15330"
"6357","TISSUE,FACIAL,2-PLY,8 X 8IN,10","IE778","L:9","","48550"
"6555","BAG,TRANSPORT,SPECIMEN,BIOHAZA","IE778","L:200","","AR69P"
"9057","BATTERY,AA,NONRECHARGEABLE,ALK","IE778","L:6","","PC1500"
"9313","CUP,STYROFOAM,6OZ,DISP","IE778","L:1","","6J6"
"9415","URINAL,MALE,PLSTC,1000ML,W/LID","IE778","L:2","","DYND80235S"
"9627","KIT,REMOVAL,SUTURE,STERILE,DIS","IE778","L:4","","Jun-00"
"10938","CUP,MEDICINE,10Z,PLASTIC","IE778","L:1","","DYND80000N"
"13310","KIT,IV START,STERILE,L/F,CHLOR","IE778","L:8","","74464"
"18275","REMOVER,ADHESIVE,4OZ","IE778","L:2","","32404"
"19676","CATHETER,IV,SAFETY,18GA X1.25I","IE778","L:10","","3065"
"19677","CATHETER,IV,SAFETY,20GAX1.25IN","IE778","L:10","","3066"
"19678","CATHETER,IV,SAFETY,22GAX1IN","IE778","L:10","","306001"
"20465","DRAPE,RADIAL,38X44IN,SMS FABRI","IE778","L:10","","DYNJP4123"
"20621","WIPES, PDI EASY SCREEN","IE778","L:0","","P03672"
"21012","KIT,VAMP,PX DPT","IE778","L:10","","PXVMP260"
"21029","6FR,GLIDESHEATH,.035","IE778","L:10","","35-1060"
"22523","GUIDEWIRE,VASCULAR,STIFF SHAFT","IE778","L:5","","RF*PA35183A"
"22525","GUIDEWIRE,VASCULAR,STIFF SHAFT","IE778","L:3","","RF*PA35263A"
"23980","BATTERY,9V,NON-RECHRG,ALKALINE","IE778","L:3","","PC1604"
"24314","PACK,CATH,LEFT HEART DYNJ03753","IE778","L:4","","DYNJ0375399AB"
"24352","DRESSING,PRESSURE","IE778","L:4","","2019"
"29883","ANGIOSEAL,STS PLUS,8FR","IE778","L:5","","610131"
"30063","WIRE,GLIDE,ANGLE,SHAFT,150CM,.","IE778","L:3","","RF*GA35153A"
"30264","ALCOHOL,ISOPROPYL,70%,4OZ BOTT","IE778","L:4","","I0020"
"32463","ADHESIVE,LIQUID,MASTISOL","IE778","L:5","","0523-48"
"32527","GLOVE,EXAM,NITRILE,SM,LTX-FREE","IE778","L:2","","72-50901"
"32528","GLOVE,EXAM,NITRILE,MED,LTX-FRE","IE778","L:2","","72-50902"
"32529","GLOVE,EXAM,NITRILE,LG,LTX-FREE","IE778","L:2","","72-50903"
"32530","GLOVE,EXAM,NITRILE,XL,LTX-FREE","IE778","L:2","","72-50904"
"35035","WIPES,DISPOSABLE,GERMICIDAL,SA","IE778","L:0","","Q55172"
"38781","KIT,MANIFOLD,3 PORT,LOW PRESSU","IE778","L:12","","VASCSLPOFF1"
"38933","WIRE,FILTER EZ,3.5-5.5MM,190CM","IE778","L:2","","H749201001900"
"41815","CAP,BOUFFANT,24IN,BLUE,FLUID P","IE778","L:1","","B24HD"
"42735","MASK,FACE,PROCEDURE,FULL PLTD,","IE778","L:50","","PPE-M-AS-SUR-S"
"59290","MAT,HOVERMATT,34 INCH,SINGLE P","IE778","L:8","","HM34SPU-TVA-B"
"61671","GUIDEWIRE UROLOGICAL AMPLATZ E","IE778","L:5","",""
"98010","BAG,AMBU,W/PEEP VALVE,DISP","IE778","L:3","","520-611-001"
"99015","BAG,PATIENT,BELONGING","IE778","L:20","","BIOBAGGY1820"
"214","TAPE,TRANSPORE,1IN,HYPO","IE783","L:4","","1527-1"
"434","GAUZE,OR,4X4,STERILE","IE783","L:10","","8045"
"571","GAUZE,BANDAGE,KERLIX,4.5IN","IE783","L:2","","NON25865"
"1520","BANDAGE,GAUZE,2 X 75IN,STER,1-","IE783","L:5","","2231"
"1601","SURGIFIX,SZ#3","IE783","L:1","","MT03"
"1776","PACK,HOT/COLD","IE783","L:12","","33500"
"1905","PAD,EYE,LG,2 1/8 X 2 5/8IN,IND","IE783","L:2","","NON21601"
"1955","SCALPEL,#11,W/HANDLE,DISPOSABL","IE783","L:2","","MDS15311"
"1956","SCALPEL,SURG,SZ #15,BARD PARKE","IE783","L:5","","372615"
"1966","GARTER,EYE","IE783","L:3","","L50AC"
"1975","WOUND,CLOSURE STRIP,1/4IN X 4I","IE783","L:2","","R1546"
"1984","DRESSING,TELFA,NONADHER,3X8,ST","IE783","L:10","","1238"
"2016","STETHOSCOPE,MANUAL,DUAL HEAD,L","IE783","L:2","","6515-00-NIB-0115"
"2032","WOUND,CLOSURE STRIP,1/2IN X 4I","IE783","L:2","","R1547"
"2343","SPECULA,OTOSCOPE,SMALL,4.25MM","IE783","L:10","","52434-U"
"3769","BANDAGE,COBAN,2IN,NONSTERILE","IE783","L:5","","2082"
"5960","SPONGE,GAUZE,2 X 2IN,STER,8-PL","IE783","L:50","","1806G"
"6353","APPLICATOR,TIPPED,COTTO,L 6IN,","IE783","L:100","","MDS202000"
"6357","TISSUE,FACIAL,2-PLY,8 X 8IN,10","IE783","L:6","","48550"
"6555","BAG,TRANSPORT,SPECIMEN,BIOHAZA","IE783","L:200","","AR69P"
"9295","PAD,ALCOHOL,70% ISOPROPYL","IE783","L:800","","6818"
"9296","BANDAID,ADHESIVE,PLASTIC,STRIP","IE783","L:100","","44101"
"9300","DEPRESSOR,TONGUE,WOOD,STL","IE783","L:100","","C1560-006"
"9301","SPONGE,GAUZE,4 X 4IN,100% COTT","IE783","L:25","","3033G"
"9311","BASIN,EMESIS,DISP,PLASTIC","IE783","L:10","","DYND80327N"
"9312","COTTON BALL,UNCOVERED,DIA 2IN,","IE783","L:2","","MDS21463"
"9313","CUP,STYROFOAM,6OZ,DISP","IE783","L:3","","6J6"
"9427","SYRINGE,3CC,L/L","IE783","L:100","","1180300777"
"9627","KIT,REMOVAL,SUTURE,STERILE,DIS","IE783","L:2","","Jun-00"
"9744","PAPER,EXAM,TABLE,18IN X 150FT,","IE783","L:4","","3-06-0002"
"9922","MASK,SURG,MOLDED","IE783","L:100","","NON27381"
"10931","TAPE,ADHESIVE,PAPER,1I,HYPO","IE783","L:2","","1530-1"
"10932","TAPE,ADHESIVE,PAPER,2IN","IE783","L:3","","1530-2"
"12730","BANDAGE,COBAN,1IN,NONSTERILE","IE783","L:4","","CAH15LF"
"14465","MASK,SURGICAL,FILTRON,DUCK BIL","IE783","L:50","","AT51035"
"18141","DRESSING,GEN USE,ISLAND,4 X 4I","IE783","L:12","","7550"
"18174","BANDAGE,COBAN,4IN,STERILE","IE783","L:4","","2084S"
"19550","BANDAGE,ELASTIC,SAFEWRAP,3X5YD","IE783","L:4","","MDS087003LFG"
"19551","BANDAGE,ELASTIC,SAFEWRAP,LF,4I","IE783","L:5","","MDS087004LF"
"19552","BANDAGE,ELASTIC,COMPRESSION,6I","IE783","L:6","","MDS087006LFG"
"19676","CATHETER,IV,SAFETY,18GA X1.25I","IE783","L:0","","3065"
"20557","WIPES,CLEANING,GERMICIDAL,HARD","IE783","L:0","","P13872"
"20621","WIPES, PDI EASY SCREEN","IE783","L:0","","P03672"
"20629","CUP,URINE,NONSTERILE,BLUE TOP","IE783","L:5","","364975"
"20943","GOWN,ISOLATION,DISPOSABLE,FULL","IE783","L:30","","A69961-C"
"22140","NEEDLE,SAFETY,25GAX5/8IN","IE783","L:20","","8881850558"
"22141","NEEDLE,SAFETY,23GAX1IN","IE783","L:20","","8881850310"
"22351","SYRINGE,TB,1CC,28GAX1/2IN,SAFE","IE783","L:5","","8881882812"
"23695","SCISSORS-SHARP/BLUNT-5.5-STERI","IE783","L:5","","65945"
"24811","COVER,THERMOMETER PROBE,SURETE","IE783","L:4","","05031-750"
"26930","MASK,FACE,PROCEDURE,FULL PLTD,","IE783","L:0","","15111"
"29494","SOLUTION,IRRIGATION,0.9% NACL,","IE783","L:4","","R5201-01"
"29885","CHLORAPREP,ONE STEP,3ML","IE783","L:5","","930400"
"30262","SOLUTION,POVIDONE IODINE,10%,1","IE783","L:10","","DYNDA2232A"
"30263","SOLUTION,HYDROGENPEROXIDE,3%,1","IE783","L:10","","APLP1012BK"
"32527","GLOVE,EXAM,NITRILE,SM,LTX-FREE","IE783","L:4","","72-50901"
"32528","GLOVE,EXAM,NITRILE,MED,LTX-FRE","IE783","L:4","","72-50902"
"32529","GLOVE,EXAM,NITRILE,LG,LTX-FREE","IE783","L:4","","72-50903"
"32530","GLOVE,EXAM,NITRILE,XL,LTX-FREE","IE783","L:4","","72-50904"
"35035","WIPES,DISPOSABLE,GERMICIDAL,SA","IE783","L:0","","Q55172"
"37163","BASIN,WASH,PLASTIC,DISPOSABLE,","IE783","L:6","","DYND80347"
"37166","PACKS,HOT/COLD,MEDITEMP,UNIVER","IE783","L:4","","93105VA"
"37985","WIPES,CLEANING,GERMICIDAL,HARD","IE783","L:0","","P54072"
"41270","WARMER,HAND,CHEMICAL","IE783","L:10","","ML7891"
"42145","THERMOMETER,ORAL,30 SECOND,DIG","IE783","L:3","","MDS9950"
"42735","MASK,FACE,PROCEDURE,FULL PLTD,","IE783","L:100","","PPE-M-AS-SUR-S"
"44714","TEST,COVID19,ANTIGEN,OTC,SELF-","IE783","L:4","","195264"
"48862","PACK,HOT,INSTANT,5X7","IE783","L:5","","MDS149010"
"49831","SWAB UTM ULT MINITIP FLK FLXB","IE783","L:10","","3C057N"
"59848","SWAB COLLECTION ANALYZER PART","IE783","L:10","",""
"98006","BATTERY,AAA,NONRECHARGEABLE,AL","IE783","L:12","","PC2400"
"89","COVER,SHOE,SIZE 8 TO 12","IE784","L:1","","4852"
"434","GAUZE,OR,4X4,STERILE","IE784","L:10","","8045"
"439","SOLUTION,POVIDONE-IODINE 10%,T","IE784","L:2","","MDS093944"
"571","GAUZE,BANDAGE,KERLIX,4.5IN","IE784","L:10","","NON25865"
"1583","GEL,ULTRASONIC,TRANSMISSION","IE784","L:12","","8-Mar"
"1996","BANDAGE,ELASTOPLAST,3IN,UNSTER","IE784","L:2","","2595002"
"3769","BANDAGE,COBAN,2IN,NONSTERILE","IE784","L:5","","2082"
"6357","TISSUE,FACIAL,2-PLY,8 X 8IN,10","IE784","L:2","","48550"
"9295","PAD,ALCOHOL,70% ISOPROPYL","IE784","L:400","","6818"
"9305","DRESSING,GEN USE,ABD PAD,8 X 1","IE784","L:4","","9194A"
"9313","CUP,STYROFOAM,6OZ,DISP","IE784","L:2","","6J6"
"9415","URINAL,MALE,PLSTC,1000ML,W/LID","IE784","L:6","","DYND80235S"
"9925","MASK,FACE,SURG,W/O SHIELD,PLTD","IE784","L:50","","15320"
"18932","DRESSING,TRANSPARENT,2 3/8INX2","IE784","L:100","","1624W"
"20557","WIPES,CLEANING,GERMICIDAL,HARD","IE784","L:2","","P13872"
"20621","WIPES, PDI EASY SCREEN","IE784","L:2","","P03672"
"20943","GOWN,ISOLATION,DISPOSABLE,FULL","IE784","L:10","","A69961-C"
"22288","TAPE,MEDICAL,SOFT CLOTH,2IN","IE784","L:2","","2862"
"23725","TOURNIQUET,.75X18INCH,LATEX FR","IE784","L:2","","367203"
"24811","COVER,THERMOMETER PROBE,SURETE","IE784","L:10","","05031-750"
"27065","TAPE,MEDICAL,ELASTIC FOAM,3IN","IE784","L:2","","1528-3"
"27898","GEL,AQUASONIC,20MG","IE784","L:20","","1-Jan"
"31841","MAINTENANCE KIT,BLOOD GAS ANAL","IE784","L:2","","90-00054"
"32527","GLOVE,EXAM,NITRILE,SM,LTX-FREE","IE784","L:5","","72-50901"
"32528","GLOVE,EXAM,NITRILE,MED,LTX-FRE","IE784","L:5","","72-50902"
"32529","GLOVE,EXAM,NITRILE,LG,LTX-FREE","IE784","L:5","","72-50903"
"32530","GLOVE,EXAM,NITRILE,XL,LTX-FREE","IE784","L:5","","72-50904"
"35035","WIPES,DISPOSABLE,GERMICIDAL,SA","IE784","L:2","","Q55172"
"35846","FOOTWEAR,PATIENT,YELLOW,XL","IE784","L:6","","68125-YXLA"
"37985","WIPES,CLEANING,GERMICIDAL,HARD","IE784","L:2","","P54072"
"41595","CANNULA,NASAL,O2,NON-FLARE TIP","IE784","L:6","","1365"
"41815","CAP,BOUFFANT,24IN,BLUE,FLUID P","IE784","L:1","","B24HD"
"41932","KIT,ELECTRODE,MEMBRANING,TC SE","IE784","L:2","","904-308"
"59596","BAG,EMESIS,WHITE,HDPE","IE784","L:24","","NON80331"
"45","KIT,HUMIDIFIER,DISP","IE789","L:4","test1","HUD006-40"
"81","KIT,SUCTION,18FR CATH,WHISTLE","IE789","L:3","","DYND40974"
"166","CELLULOSE,OXIDIZED,4 X 8IN,ABS","IE789","L:10","","1952S"
"177","TUBING,SUCTION,1/4IN X 12FT","IE789","L:0","","8888301622"
"180","STRAW,DRINKING,FLEXIBLE","IE789","L:50","","NON02315"
"214","TAPE,TRANSPORE,1IN,HYPO","IE789","L:10","","1527-1"
"215","TAPE,TRANSPORE,3IN","IE789","L:4","","1527-3"
"222","SPIROMETER,INCENTIVE,EXCERCISE","IE789","L:6","","8884719010"
"236","NEBULIZER,MICRO MIST,ADAPTER,H","IE789","L:6","","1884"
"437","MASK,AEROSOL,DISP","IE789","L:6","","1206"
"439","SOLUTION,POVIDONE-IODINE 10%,T","IE789","L:8","","MDS093944"
"445","MOUTHWASH,4OZ,MINT,NON-ALCOHOL","IE789","L:10","","CTR000413"
"446","BAG,DRAINAGE,METER","IE789","L:3","","DYND17403"
"468","DIAPER,ADULT,BRIEF,LARGE,TAPE","IE789","L:24","","MSC33505"
"469","DIAPER,ADULT,BRIEF,MED,WHITE,D","IE789","L:24","","60033"
"570","TRAY,PARACENTESIS,THORA-PARA,8","IE789","L:0","","TPT1000"
"571","GAUZE,BANDAGE,KERLIX,4.5IN","IE789","L:12","","NON25865"
"588","CATH,URETHRAL,ROBINSON-NELATON","IE789","L:6","","8888492041"
"594","KIT,TRACH,CARE","IE789","L:2","","47890"
"865","PETROATUM,WHITE,5GM,FOILPAC","IE789","L:10","","8884433200"
"1481","ELECTRODE,EKG,DIAPH,FOAM,WET G","IE789","L:4","","2560"
"1558","VALVE,LOPEZ,ENTERNAL","IE789","L:2","","M9000-T"
"1583","GEL,ULTRASONIC,TRANSMISSION","IE789","L:2","","8-Mar"
"1601","SURGIFIX,SZ#3","IE789","L:2","","MT03"
"1603","BANDAGE,TUBULAR,NYLON,SZ 6,25Y","IE789","L:2","","MT06"
"1604","SURGIFIX,SZ#8","IE789","L:2","","MT08"
"1608","STRAINER,CALCULI","IE789","L:2","","2110SA"
"1610","SUPPORT,ATHLETIC,ADULT,LG","IE789","L:0","","0910-03"
"1611","SUPPORT,ATHLETIC,ADULT,XL","IE789","L:0","","91004"
"1622","UNDERPAD,BED,30X36IN,TRANQUILI","IE789","L:60","","2710"
"1624","ADAPTER,OXYGEN,W/NUT,STANDARD","IE789","L:8","","2555"
"1625","MASK,ADULT,PERCENTO","IE789","L:3","","1940"
"1626","CONNECTOR,TUBING,OXYGEN","IE789","L:6","","1811"
"1627","MASK,OXYGEN,NON-REBREATHER,ADU","IE789","L:4","","1060"
"1771","BANDAGE,COBAN,4IN,NONSTERILE","IE789","L:4","","2084"
"1776","PACK,HOT/COLD","IE789","L:12","","33500"
"1787","BLADE,CLIPPER,SURGICAL,STERILE","IE789","L:6","","9660"
"1825","KIT,REMOVAL,STAPLE,STERILE,DIS","IE789","L:4","","PSX"
"1906","DRESSING,3X16IN,NONADHERENT,ST","IE789","L:5","","CUR250317"
"1913","GLOVE,BIOGEL,6.5,STERILE","IE789","L:8","","41165"
"1914","GLOVE,NON LATEX BIOGEL,7.5,STE","IE789","L:10","","41175"
"1915","GLOVE,BIOGEL,8,STERILE","IE789","L:4","","41180"
"1917","TUBE,DRAINAGE,LEG BAG","IE789","L:2","","538"
"1919","PLUG,CATHETER","IE789","L:4","","1600"
"1972","TUBE,SUCTION,YANKAUER","IE789","L:4","","K86"
"1975","WOUND,CLOSURE STRIP,1/4IN X 4I","IE789","L:4","","R1546"
"1984","DRESSING,TELFA,NONADHER,3X8,ST","IE789","L:8","","1238"
"1986","PACKING,WOUND,PLN,1/2IN X 5YD,","IE789","L:3","","7632"
"1994","SYRINGE,10CC,L/L","IE789","L:40","","302995"
"1996","BANDAGE,ELASTOPLAST,3IN,UNSTER","IE789","L:4","","2595002"
"1998","CUP,DENTURE,8OZ,W/LID,PLASTIC","IE789","L:10","","DYND70293"
"2014","CONNECTOR,TUBING,5IN1,PLASTIC,","IE789","L:2","","501"
"2016","STETHOSCOPE,MANUAL,DUAL HEAD,L","IE789","L:3","","6515-00-NIB-0115"
"2032","WOUND,CLOSURE STRIP,1/2IN X 4I","IE789","L:8","","R1547"
"2041","DRESSING,TRANSPARENT,4X4 3/4IN","IE789","L:16","","1616"
"2042","DRESSING,TRANSPARENT,10INX5 1/","IE789","L:4","","1628"
"2043","DRESSING,IMPREGNATED,3 X 3IN,O","IE789","L:4","","6112"
"2053","BAG,LEG,URINE,32OZ","IE789","L:6","","DYND12578"
"2084","BEDPAN,PONTOON,PLSTC,CONTOURED","IE789","L:2","","DYND88205"
"2189","WIPES,PERSONAL,TOWELETTE,PRE-M","IE789","L:30","","MDS094181"
"2234","RESTRAINT,WRIST","IE789","L:4","","MDT829020C"
"2238","MASK,ADULT,TRACH,DISP","IE789","L:4","","1075"
"2242","MASK,OXYGEN,ADULT SZ 6","IE789","L:3","","HUD1930"
"2314","BEDPAN,FRACTURE,PLSTC,REUSABLE","IE789","L:4","","DYNC8522"
"2518","GAUZE,PETROLEUM,3X18I,NONADH","IE789","L:8","","MAY884414600Z"
"2622","CATHETER,3WAY,24FR,30CC","IE789","L:2","","0167L24"
"2629","CATHETER,COUDE,CARSON,14FR,5CC","IE789","L:3","","0168L14"
"2645","CATHETER,ROBINSON,16FR","IE789","L:3","","277716"
"3427","BAG,PLASTIC,12X16IN","IE789","L:60","","EKN5396"
"3769","BANDAGE,COBAN,2IN,NONSTERILE","IE789","L:10","","2082"
"5029","SOLUTION,INTRAVENOUS,D5W,1000M","IE789","L:3","","2B0064X"
"5030","SOLUTION,INTRAVENOUS,D5W,IN 0.","IE789","L:6","","2B1064X"
"5033","SOLUTION,INTRAVENOUS,D5W,0.45%","IE789","L:4","","2B1074X"
"5038","SOLUTION,INTRAVENOUS,IN 0.9% N","IE789","L:10","","2B1323Q"
"5039","SOLUTION,INTRAVENOUS,IN 0.9% N","IE789","L:20","","2B1324X"
"5041","SOLUTION,INTRAVENOUS,0.45% NAC","IE789","L:6","","2B1314X"
"5042","SOLUTION,INTRAVENOUS,LR,1000ML","IE789","L:20","","2B2324X"
"5043","SOLUTION,INTRAVENOUS,D5W,LR,10","IE789","L:4","","2B2074X"
"5045","SOLUTION,IRRIGATION,0.9% NACL,","IE789","L:8","","2F7123"
"5047","SOLUTION,IRRIGATION,STER WATER","IE789","L:8","","2F7113"
"5070","SOLUTION,INTRAVENOUS,IN 0.9% N","IE789","L:8","","2B1322Q"
"5076","SOLUTION,IRRIGATION,STER WATER","IE789","L:7","","2B7117"
"5077","SOLUTION,IRRIGATION,0.9% NACL,","IE789","L:8","","R8206"
"5595","GLOVE,BIOGEL,7,STERILE","IE789","L:4","","41170"
"5960","SPONGE,GAUZE,2 X 2IN,STER,8-PL","IE789","L:80","","1806G"
"6147","BIDER,ABDOMINAL,UNIV LONG,HT 9","IE789","L:1","","ORT21110LXL"
"6291","TAPE,ADHESIVE,CLOTH,1IN","IE789","L:10","","1538-1"
"6292","TAPE,ADHESIVE,CLOTH,2IN","IE789","L:4","","1538-2"
"6353","APPLICATOR,TIPPED,COTTO,L 6IN,","IE789","L:16","","MDS202000"
"6357","TISSUE,FACIAL,2-PLY,8 X 8IN,10","IE789","L:12","","48550"
"6555","BAG,TRANSPORT,SPECIMEN,BIOHAZA","IE789","L:120","","AR69P"
"6691","PIN,SAFETY,LARGE,NON STERILE","IE789","L:20","","MDT223025Z"
"7102","FLOSS WAXED","IE789","L:8","","1115A"
"7689","HOLDER,DRESSING,NASAL","IE789","L:0","","600"
"7751","CUSHION,CHAIR,AIR,2X18X17INCHE","IE789","L:1","","2770100000"
"8429","CANNULA,INNER,DISP,#6","IE789","L:4","","6IC75"
"8983","CUFF,B/P,ADULT,25,35CM,H/P,MED","IE789","L:0","","REUSE-11"
"9057","BATTERY,AA,NONRECHARGEABLE,ALK","IE789","L:48","","PC1500"
"9059","CATHETER,EXT,SIL,MED","IE789","L:6","","33102"
"9061","CATHETER,EXT,SIL,LG","IE789","L:4","","36104"
"9295","PAD,ALCOHOL,70% ISOPROPYL","IE789","L:800","","6818"
"9296","BANDAID,ADHESIVE,PLASTIC,STRIP","IE789","L:50","","44101"
"9299","KIT,SUCTION,14FR CATH,WHISTLE","IE789","L:6","","37424"
"9300","DEPRESSOR,TONGUE,WOOD,STL","IE789","L:8","","C1560-006"
"9301","SPONGE,GAUZE,4 X 4IN,100% COTT","IE789","L:50","","3033G"
"9305","DRESSING,GEN USE,ABD PAD,8 X 1","IE789","L:18","","9194A"
"9306","SPONGE,GAUZE,DRAIN,4 X 4IN,6-P","IE789","L:16","","7086"
"9309","BAG,PAPER,GROCERY,# 25","IE789","L:0","","NONBPB25H"
"9311","BASIN,EMESIS,DISP,PLASTIC","IE789","L:12","","DYND80327N"
"9312","COTTON BALL,UNCOVERED,DIA 2IN,","IE789","L:3","","MDS21463"
"9313","CUP,STYROFOAM,6OZ,DISP","IE789","L:6","","6J6"
"9414","TUBING,SUCTION,L 6FT,FEMALE CO","IE789","L:6","","8888301515"
"9415","URINAL,MALE,PLSTC,1000ML,W/LID","IE789","L:14","","DYND80235S"
"9419","TRAY,CATHETERIZATION,FOLEY","IE789","L:5","","5029"
"9420","TRAY,IRRIGATION","IE789","L:4","","68800"
"9421","SET,IV ADMIN EXT,L 20IN","IE789","L:2","","V5406"
"9427","SYRINGE,3CC,L/L","IE789","L:80","","1180300777"
"9435","SYRINGE,60CC,L/L","IE789","L:3","","8881560125"
"9436","SYRINGE,60CC,CATH TIP","IE789","L:4","","309620"
"9452","SLEEVE,ELBOW/HEEL,PULL OVER,ME","IE789","L:3","","6224M"
"9625","TOWEL,SURGICAL,BARRIER,PACK","IE789","L:4","","3520"
"9627","KIT,REMOVAL,SUTURE,STERILE,DIS","IE789","L:4","","Jun-00"
"9719","TUBING,OXYGEN CONNECTING,7FT,N","IE789","L:8","","1350"
"9845","CUFF,B/P,ADULT,33,47CM,H/P,LAR","IE789","L:0","","REUSE-12"
"9871","BAG,ENEMA,1500ML,PRE-LUBRICATE","IE789","L:3","","DYND70102"
"9919","BOTTLE,SPECIMEN,URINE,24HR","IE789","L:2","","DYND80024"
"10250","SYRINGE,1CC,LUER LOCK","IE789","L:0","","309628"
"10377","BATTERY,ALKALINE,SZ D,DURACELL","IE789","L:3","","MN1300CT"
"10931","TAPE,ADHESIVE,PAPER,1I,HYPO","IE789","L:8","","1530-1"
"10932","TAPE,ADHESIVE,PAPER,2IN","IE789","L:4","","1530-2"
"10938","CUP,MEDICINE,10Z,PLASTIC","IE789","L:4","","DYND80000N"
"12075","ADAPTER,MULTIPLE,SAMPLE","IE789","L:10","","367290"
"12112","PLUG,PROTECTION,EAR","IE789","L:12","","MAX-1"
"12205","PAD,SANITARY,MATERNITY,3 X 11I","IE789","L:8","","1380A"
"12562","TOOTHBRUSH,STRAIGHT,ADULT SIZE","IE789","L:20","","55501"
"13308","DRESSING,ALGINATE,4X4IN,CALCIC","IE789","L:4","","529937"
"13310","KIT,IV START,STERILE,L/F,CHLOR","IE789","L:20","","74464"
"13394","SLING,ARM,ENVELOPE,LG,SYNTHETI","IE789","L:0","","TX9902-05"
"13492","COMB,HAIR,PLASTIC,5IN","IE789","L:12","","MDS137007Z"
"14527","TUBE,NG,SALEM SUMP,PVC,16FR","IE789","L:5","","8888266130"
"14528","TUBE,NG,SALEM SUMP,PVC,18FR","IE789","L:2","","8888266148"
"14992","STOCKING,THIGH HI,XL/REG","IE789","L:4","","MDS160888"
"15063","TAMPON,CARDBOARD SLEEVE,TAMPAX","IE789","L:3","","822000"
"15911","RING,BARRIER,SKIN","IE789","L:10","","7805"
"16101","BARRIER,1.75IN WITH,FLANGE,2.2","IE789","L:5","","14603"
"16466","STRAP,CATH,LEG,FABRIC,VELCRO C","IE789","L:6","","316"
"16927","LANCET,SAFETY,1.8MM,21GA","IE789","L:2","","8290366577"
"17204","BAG,DRAINAGE,4000ML","IE789","L:1","","153509"
"17597","ELECTRODE,EKG,RESTING,CONDUCTI","IE789","L:4","","31433538"
"18141","DRESSING,GEN USE,ISLAND,4 X 4I","IE789","L:8","","7550"
"18314","CUFF,B/P,ADULT,17,27CM,H/P,SMA","IE789","L:0","","REUSE-09-1HP"
"18325","SET,IV ADMIN,NITROGLYCERIN,MED","IE789","L:4","","2260-0500"
"18816","PAPER,EKG,THERMAL,RED GRID","IE789","L:2","","1272335"
"18827","HOLDER,TUBE,TRACH,3/4IN,ADJ","IE789","L:3","","240"
"18840","DEVICE,FLUTTER,MUCUS","IE789","L:4","","21-1015"
"18932","DRESSING,TRANSPARENT,2 3/8INX2","IE789","L:12","","1624W"
"19113","SCRUB,PREP,4% CHG,TOPICAL,4OZ","IE789","L:5","","MDS098710"
"19551","BANDAGE,ELASTIC,SAFEWRAP,LF,4I","IE789","L:4","","MDS087004LF"
"19552","BANDAGE,ELASTIC,COMPRESSION,6I","IE789","L:3","","MDS087006LFG"
"19676","CATHETER,IV,SAFETY,18GA X1.25I","IE789","L:6","","3065"
"19677","CATHETER,IV,SAFETY,20GAX1.25IN","IE789","L:15","","3066"
"19678","CATHETER,IV,SAFETY,22GAX1IN","IE789","L:8","","306001"
"19824","PADDING,CAST,6IN X 4YD","IE789","L:0","","9046"
"19845","DRESSING,FOAM,4 X 4IN,SQ,WATER","IE789","L:2","","55544"
"19846","DRESSING,FOAM,4 X 8IN,POLYURET","IE789","L:2","","55548"
"19968","SET,BLOOD ADMIN,200 MICRON FIL","IE789","L:8","","2477-0007"
"20048","SET,IV ADMIN EXT,LTX-FREE,L 6I","IE789","L:20","","20019E"
"20057","CANNULA,NEEDLELESS,ACCESS VALV","IE789","L:20","","MC100"
"20187","CANISTER,NEG PRESS DRESS SYS,W","IE789","L:2","","M8275071/10"
"20188","DRESSING,VAC,MEDIUM,BLACK,KCI","IE789","L:2","","M8275040/10"
"20189","DRESSING,TRAC,FOAM,KCI,LG,BLAC","IE789","L:2","","M8275053/10"
"20242","DRAPE,TRAC,VAC","IE789","L:2","","M6275009/10"
"20557","WIPES,CLEANING,GERMICIDAL,HARD","IE789","L:0","","P13872"
"20621","WIPES, PDI EASY SCREEN","IE789","L:0","","P03672"
"20629","CUP,URINE,NONSTERILE,BLUE TOP","IE789","L:9","","364975"
"20636","SLEEVE,SKIN,MEDIUM","IE789","L:2","","6000"
"20637","SLEEVE,SKIN,LARGE","IE789","L:2","","6000L"
"20943","GOWN,ISOLATION,DISPOSABLE,FULL","IE789","L:140","","A69961-C"
"22138","NEEDLE,SAFET,18GAX1.5IN,1M","IE789","L:5","","8881850815"
"22140","NEEDLE,SAFETY,25GAX5/8IN","IE789","L:5","","8881850558"
"22141","NEEDLE,SAFETY,23GAX1IN","IE789","L:10","","8881850310"
"22142","NEEDLE,SAFETY,21GAX1IN,1M","IE789","L:5","","305915"
"22143","NEEDLE,FILTER,18GA X 1 1/2IN","IE789","L:24","","305211"
"22274","BOOT ROOKE (E0191)","IE789","L:0","","HFS101"
"22288","TAPE,MEDICAL,SOFT CLOTH,2IN","IE789","L:6","","2862"
"22290","TAPE,MEDICAL,SOFT CLOTH,6IN","IE789","L:2","","2866"
"22309","POUCH,DRAINAGE,2PC","IE789","L:6","","18134"
"22310","WAFER,OSTOMY,CENTERPOINT LOCK,","IE789","L:4","","14604"
"22351","SYRINGE,TB,1CC,28GAX1/2IN,SAFE","IE789","L:40","","8881882812"
"22352","SYRINGE,INSULIN,1CC,29GAX1/2IN","IE789","L:50","","8881892910"
"22695","DEVICE,URINARY CATH SECURING,S","IE789","L:3","","680ME"
"22755","DIAPER,ADULT,XLARGE","IE789","L:30","","66035"
"22917","TABLET,DENTURE,CLEANSER","IE789","L:8","","MDS136405"
"22929","BRIDLE,PRO,AMT,8F-10F","IE789","L:4","","4-420810"
"22930","BRIDLE,PRO,AMT,16F-18F","IE789","L:4","","4-421618"
"23112","MASK,OXY,PLUS","IE789","L:5","","OP-1125-8"
"23157","STRIP,GLUCOSE TESTING,ACCU-CHE","IE789","L:6","","5942861001"
"23158","EAR PROTECTORS E-Z WRAP","IE789","L:3","","1016050"
"23695","SCISSORS-SHARP/BLUNT-5.5-STERI","IE789","L:10","","65945"
"23725","TOURNIQUET,.75X18INCH,LATEX FR","IE789","L:2","","367203"
"23927","DEVICE,BLOOD COLLECTION,BLOOD","IE789","L:15","","36488000"
"23968","LABEL,GENERAL USE,2 X 1.25IN,1","IE789","L:2","","THERMD50"
"23980","BATTERY,9V,NON-RECHRG,ALKALINE","IE789","L:4","","PC1604"
"24113","NEEDLE HOLDER,STACKABLE","IE789","L:8","","364815"
"24168","POWDER,STOMA,ADAPT","IE789","L:1","","7906"
"24352","DRESSING,PRESSURE","IE789","L:2","","2019"
"24574","DEVICE,IV,CV PLUS,STATLOCK","IE789","L:4","","BRDCV0220H"
"24811","COVER,THERMOMETER PROBE,SURETE","IE789","L:10","","05031-750"
"25294","SENSOR PROBE,PULSE OXIMETER,FI","IE789","L:2","","1863"
"26661","CATHETER,SILICONE,18FR,5CC,FOL","IE789","L:2","","165818"
"27022","DRESSING,HYDROCOLLOID,4 X 5IN,","IE789","L:12","","422299"
"27869","DRESSING,BORDER LITE,MEPILEX,1","IE789","L:0","","581011"
"27870","MEPILEX,BORDER LITE,2X5","IE789","L:0","","581100"
"27871","MEPILEX,BORDER LITE,3X3","IE789","L:5","","595200"
"27976","SET,INFUSION,PCA,90IN,LATEX FR","IE789","L:6","","30873"
"28018","DEVICE,CATH SECUREMENT,FOLE,ST","IE789","L:6","","FOL0102"
"28622","SET,ENTERAL FEEDING BAG,DEHP-F","IE789","L:4","","773662"
"29168","SUTURE,VICRYL PLUS,UND,SZ 3-0,","IE789","L:0","","VCP683G"
"29255","RULER,MEASURING,WOUND,PAPER,DI","IE789","L:3","","MSCEDURULER"
"29362","DRESSING,ADHESIVE,4X4,W/ANTIMC","IE789","L:3","","MSC9604"
"29363","DRESSING,NON-ADHE,4X4,ANTIMCRO","IE789","L:3","","MSC9614EP"
"29371","BANDAGE,GAUZE,3IN X 75IN,STER,","IE789","L:4","","Nov-93"
"29610","CHLORAPREP,10.5ML,HI LITE,ORAN","IE789","L:2","","930715"
"29660","SLEEVE,FULL ARM,SHOWER PROT,RE","IE789","L:8","","12106"
"29662","SLEEVE,FOOT TO THIGH,SHOWER,PR","IE789","L:6","","03202-THIGH HI"
"29885","CHLORAPREP,ONE STEP,3ML","IE789","L:5","","930400"
"30016","DRESSING,BORDER LITE,MEPILEX,4","IE789","L:10","","595300"
"30039","DRESSING,XEROFORM,PETROLATUM,F","IE789","L:10","","8884433605"
"30062","WASH,SHAMPOO,BODY,4OZ","IE789","L:10","","MSC092SBW04"
"30085","DRESSING STERILE 4INX4IN","IE789","L:12","","187971"
"30091","CUFF,CALF,SCD,DISPOSABLE,VENAF","IE789","L:6","","3040"
"30172","TOOTHPASTE,TUBE,.85 OZ","IE789","L:20","","9782"
"30199","ADHESIVE,CREAM,FIXODENT","IE789","L:8","","80717506"
"30205","SLING,PATIENT LIFT,DISPOSABLE","IE789","L:2","","AHD001"
"30262","SOLUTION,POVIDONE IODINE,10%,1","IE789","L:6","","DYNDA2232A"
"31401","TRAY,LACERATION,SNAGFREE","IE789","L:0","","May-00"
"31669","BARRIER,CREAM,PROTEC,4OZ","IE789","L:4","","325614"
"31670","FOAM,CLEANSING,ALOE VESTA,8OZ","IE789","L:6","","MSC092104"
"32038","LINER,SUCTION,FLEX ADVANTAGE,1","IE789","L:6","","65651-920C"
"32171","SWAB,SUCTION,ALCOHOL FREE,ORAL","IE789","L:10","","6513"
"32186","DRESSING,FOAM,SILICONE,4X8INCH","IE789","L:0","","496405"
"32450","UNDERWEAR,MESH,DISPOSABLE,XL","IE789","L:6","","MSC86400"
"32463","ADHESIVE,LIQUID,MASTISOL","IE789","L:6","","0523-48"
"32527","GLOVE,EXAM,NITRILE,SM,LTX-FREE","IE789","L:4","","72-50901"
"32528","GLOVE,EXAM,NITRILE,MED,LTX-FRE","IE789","L:4","","72-50902"
"32529","GLOVE,EXAM,NITRILE,LG,LTX-FREE","IE789","L:4","","72-50903"
"32530","GLOVE,EXAM,NITRILE,XL,LTX-FREE","IE789","L:4","","72-50904"
"32679","CREAM,SKIN REPAIR,REMEDY,4OZ","IE789","L:4","","MSC0924004"
"33366","STOCKING,COMPRESSION,THIGH-HIG","IE789","L:2","","3728LF"
"33823","DIAPER,ADULT,PULL ON BRIEF,MED","IE789","L:0","","2975-100"
"33830","POUCH,DRAINABLE,1.75X2.25","IE789","L:10","","18183"
"33904","BAD,PATIENT,IDENTIFICATION,SEC","IE789","L:1","","SC-1-LA"
"33930","DIAPER,ADULT,PULL ON BRIEF,LG","IE789","L:16","","2116"
"33996","ELECTRODE,AED,ONESTEP","IE789","L:2","","8900-0214-01"
"34473","DRESSING,5 X 12.5IN,MEPILEX BO","IE789","L:6","","496605"
"34708","DIAPER,BRIEF,ADULT,XXL","IE789","L:12","","2118"
"34972","ADHESIVE,RELEASER,STING FREE","IE789","L:2","","420798"
"35035","WIPES,DISPOSABLE,GERMICIDAL,SA","IE789","L:0","","Q55172"
"35041","CLOTH,CHLORHEXIDINE,GLUCONATE","IE789","L:6","","9717"
"35069","CAP,IV,DISINFECT,CUROS,JET","IE789","L:50","","CFJ5-250"
"35108","STRIP,BARRIER,BRAVA,ELASTIC,5","IE789","L:1","","120700"
"35140","DIAPER,ADULT,X-LARGE,PULL-UP,E","IE789","L:0","","2117"
"35362","BAG,PLASTIC,BEDSIDE,6.5X3.5X11","IE789","L:100","","NON24309P"
"35486","FLUSH,SALINE,10ML,IN 10ML SYR,","IE789","L:150","","306546"
"35511","JELLY,SURGILUBE,STERILE,5GM","IE789","L:16","","281020545"
"35655","SPLITTER,TABLET,CUT IN HALF,PL","IE789","L:4","","67015BC1"
"35658","PILL CRUSHER","IE789","L:4","","71091"
"35845","FOOTWEAR,PATIENT,NON-SKID,MED,","IE789","L:6","","68125-TM"
"35846","FOOTWEAR,PATIENT,YELLOW,XL","IE789","L:8","","68125-YXLA"
"35847","FOOTWEAR,PATIENT,3XL","IE789","L:20","","68125-PUR"
"35848","FOOTWEAR,PATIENT,BROWN,BARIATR","IE789","L:20","","68125-BRN"
"36472","NEEDLE,GRIPPER PLUS,HUBER,.75I","IE789","L:3","","21-3465-24"
"36752","INTERVENTIONAL,QUIKCLOT,W/OUT","IE789","L:0","","467-Z"
"37163","BASIN,WASH,PLASTIC,DISPOSABLE,","IE789","L:24","","DYND80347"
"37164","PACK,HOT/COLD,UNIVERSAL PLUS,M","IE789","L:2","","22100VA"
"37293","BAG,EMESIS,BLUE","IE789","L:12","","EME-BAG"
"37957","APPLICATOR,ULTRAMIST","IE789","L:4","","CP-80040"
"37985","WIPES,CLEANING,GERMICIDAL,HARD","IE789","L:0","","P54072"
"38084","HOLDER,NEEDLE,WEBSTER,STERILE,","IE789","L:3","","67120"
"38085","SCISSORS,IRIS,ST,STERILE KIT,S","IE789","L:10","","66155"
"38101","GLASSES,SAFETY,PLSTC LES,CLR,U","IE789","L:0","","SV50A"
"38220","MITT,PEAK A BOO","IE789","L:2","","2811"
"38318","SENSOR,ADHESIVE,ADULT,ADTX,LNC","IE789","L:20","","1859"
"38362","FORCEP,ADSON BROWN,DRESSING,ST","IE789","L:5","","66195"
"38459","CAP,MALE,TIPS,DISINFECTION,3M","IE789","L:40","","CM5-200"
"38682","CONNECTOR,TRANSITION,ENFIT","IE789","L:4","","VED-001"
"38840","BLADE,CLIPPER,SURGICAL,PROFESS","IE789","L:20","","9680"
"38875","TRAY,CATHETER,ITNTERMITTENT,14","IE789","L:3","","DYND10402"
"39014","CATHETER,MALE EXTERNAL,LIBERTY","IE789","L:5","","2102610"
"39199","CUFF,BP,1 PIECE,ADULT,TUBELESS","IE789","L:15","","SOFT-11"
"39201","CUFF,BP,1 PIECE,ADULT,LARGE,TU","IE789","L:6","","30503-14A"
"39202","CUFF,BP,1 PIECE,ADULT,SMALL,TU","IE789","L:6","","30503-12A"
"39203","CUFF,BP,1 PIECE,ADULT,LONG,TUB","IE789","L:10","","SOFT-11L"
"39477","STOCKING,COMPRESSION,THIGH HIG","IE789","L:2","","3416LF"
"39581","MEPILEX,BORDER,SACRUM,16X20CM","IE789","L:6","","282055"
"39961","BARRIER FILM,CAVILION,1.0ML WI","IE789","L:40","","3344"
"40480","CONECTOR,ACE,W/ ENTERNAL ACCES","IE789","L:4","","485"
"40483","SYRINGE,FEEDING,ENFIT,60CC","IE789","L:3","","ENF60"
"40668","NEEDLE,BUTTERFLY,ULTRATOUCH,25","IE789","L:6","","367363"
"40909","DEODORANT,ROLL ON,1.5 OZ","IE789","L:8","","MSC095010"
"40947","POUCH,TELEMETRY,WHITE POLYESTE","IE789","L:12","","9.89803E+11"
"41341","CONTAINER,URINE COLLECTION,COM","IE789","L:5","","2500SA"
"41402","TUBE,FEEDING,NASOGASTRIC,NASOI","IE789","L:3","","40-9551"
"41592","DRESSING,GEL,TEGADERM CHG","IE789","L:3","","1877-2100"
"41595","CANNULA,NASAL,O2,NON-FLARE TIP","IE789","L:12","","1365"
"41960","PULSE,OXIMETER","IE789","L:10","","81560630"
"42036","LINER,PITCHER,PLSTC,CARAFE,1QT","IE789","L:100","","DYND80528"
"42037","PITCHER,HANDLE,W/LID,GRAPHITE","IE789","L:25","","DYND80535N"
"42180","LINERS,COMMODE","IE789","L:2","","MDSBSPROBE"
"42667","EAR BUD,WHT,MAXELL,EB95","IE789","L:10","","AE-215"
"42684","MASK,EYE,SLEEPING,BLACK","IE789","L:20","","SPMASKB"
"42720","CATHETER,FEMALE,PUREWICK","IE789","L:3","","PWF030F"
"42735","MASK,FACE,PROCEDURE,FULL PLTD,","IE789","L:150","","PPE-M-AS-SUR-S"
"43115","SLIPPER,FALL PREVENTION,YELLOW","IE789","L:5","","M3044-U"
"43117","SLIPPER,FALL PREVENTION,YELLOW","IE789","L:5","","M3044-B"
"43118","SLIPPER,FALL PREVENTION,YELLOW","IE789","L:4","","MDTPS4B05FPY"
"43145","SLIPPER,FALL PREVENTION,YELLOW","IE789","L:3","","80184"
"45122","KIT,CATH,FOLE,16FR,SIL,LTX-FRE","IE789","L:2","","URO170816"
"48228","NOSA,MENTHOL,NASAL,PLUG,PK/100","IE789","L:30","","NO110901"
"48478","WRAP,INCONTINENCE,QUICKCHANGE","IE789","L:50","","UIM1025"
"48763","SHIELD,SHOWER,7 X 7,DISP","IE789","L:5","","SS77"
"48862","PACK,HOT,INSTANT,5X7","IE789","L:5","","MDS149010"
"49660","LINE GAS SMPL O2 MCSTRM ADV LT","IE789","L:10","","MVAOH"
"49967","CATHETER,MALE,PUREWICK","IE789","L:10","","PWM030"
"50056","SET,FEEDING,THICK FORMULA W/FL","IE789","L:0","","E10FFR"
"50166","DRESSING,SACRUM,OPTIVIEW","IE789","L:10","","MSCOV77EP"
"50203","SOLUTION,IRRIGATION,0.9% NACL,","IE789","L:0","","2B7477"
"50209","BAG,ENTERAL,KANGAROO,OMNI,W/FL","IE789","L:4","","BSPFF"
"50210","BAG,ENTERAL,DUAL,KANGAROO,OMNI","IE789","L:5","","B10FF"
"50294","CREAM,SKIN,PHYTOPLEX,12.5% DMT","IE789","L:8","","MSC092562"
"50295","PROTECTOR,HEEL,FOOTCHECK,W WE","IE789","L:0","",""
"50348","WEDGE,POSITIONING,16X11X5IN,CO","IE789","L:0","",""
"50416","OINTMENT, ANTIFUNGAL, PHYTOPLE","IE789","L:4","",""
"50419","CLEANSER DERMAL OR PERINEAL NE","IE789","L:10","","MSC095311"
"50420","WIPES,PERSONAL,SKIN CLEANSING/","IE789","L:40","","MSC092503"
"50421","WIPE,PERSONAL,CLEANSING,PRE-MO","IE789","L:0","","MSC095102"
"50422","CAP,SHAMPOO/CONDITIONER,ALL IN","IE789","L:6","",""
"50423","LIPBALM,REMEDY,PHYTOPLEX,0.15","IE789","L:20","",""
"50545","CULTURE,VENIPUNCTURE,23GA,BLOO","IE789","L:3","","CA58825"
"50613","UNDERPAD INCONTINENCE COMFORTG","IE789","L:5","",""
"50614","UNDERPAD INCONTINENCE XL 80X40","IE789","L:0","",""
"50617","SET,IV ADMIN,INF,SMARTSITE,NEE","IE789","L:20","","2420-0007"
"50636","DRESSING,FOAM,9 X 9.125IN,SIL,","IE789","L:5","",""
"50641","IV ADMIN SET,SECONDARY,40 W/ H","IE789","L:30","","DYNDTA1540"
"50683","ADH PORT ACCESS KIT","IE789","L:2","","DYNPAK06"
"50803","KIT,DRESSING,CENTRAL LINE,PICC","IE789","L:3","",""
"51102","SLING TWIN TURNER REG DISP","IE789","L:0","","287501"
"59215","HYPICHLOROUS,WOUND,WASH","IE789","L:4","","6517"
"59596","BAG,EMESIS,WHITE,HDPE","IE789","L:12","","NON80331"
"59795","SET,SURELEAD,PHILIPS 5 COMPAT","IE789","L:10","","DLS-PHP5L-4F"
"59848","SWAB COLLECTION ANALYZER PART","IE789","L:4","",""
"60061","KIT,SHAVING,1.5OZ,CREAM DISPOS","IE789","L:6","","DYKD2001S"
"61269","SLING,COMFORT HIGH,POLYPROPYLE","IE789","L:2","",""
"61270","SLING,COMFORT,LARGE,POLY,DISPO","IE789","L:2","",""
"61271","SLING,COMFORT,X-LARGE,POLY,DIS","IE789","L:2","",""
"61404","BOTTLE,DRAINAGE,1000ML,SPIKE-A","IE789","L:0","","JGGSV1000SSP"
"96017","FORCEP,KELLY,CVD,5.5IN,DISP","IE789","L:4","","SS09-0627 F"
"98006","BATTERY,AAA,NONRECHARGEABLE,AL","IE789","L:8","","PC2400"
"99015","BAG,PATIENT,BELONGING","IE789","L:25","","BIOBAGGY1820"
"99077","VALVE,LOPEZ,ENFIT","IE789","L:4","","M9000-EF"
"99227","SENSOR,EAR,LNCS,TC-I,SPO2","IE789","L:2","","1895"
"129613","CANNULA,BLUNT,PLASTIC","IE789","L:80","","8881540111"
"129805","LABEL,BARCODE,1INX3IN","IE789","L:2","","DTL893"
"236","NEBULIZER,MICRO MIST,ADAPTER,H","IE829","L:80","","1884"
"1583","GEL,ULTRASONIC,TRANSMISSION","IE829","L:2","","8-Mar"
"1606","SPONGE,GAUZE,GEN USE,2 X 2IN,8","IE829","L:4","","NON25208"
"2198","BANDAGE,ADH,PLSTC,ABSORB PAD,F","IE829","L:48","","44120"
"3769","BANDAGE,COBAN,2IN,NONSTERILE","IE829","L:6","","2082"
"6353","APPLICATOR,TIPPED,COTTO,L 6IN,","IE829","L:200","","MDS202000"
"6357","TISSUE,FACIAL,2-PLY,8 X 8IN,10","IE829","L:3","","48550"
"6555","BAG,TRANSPORT,SPECIMEN,BIOHAZA","IE829","L:200","","AR69P"
"9295","PAD,ALCOHOL,70% ISOPROPYL","IE829","L:800","","6818"
"9296","BANDAID,ADHESIVE,PLASTIC,STRIP","IE829","L:200","","44101"
"20640","KIT,PREVENT FILTER II","IE829","L:60","","536719001"
"23158","EAR PROTECTORS E-Z WRAP","IE829","L:10","","1016050"
"27104","PAPER,EKG,FOR ZOLL M SERIES,FA","IE829","L:5","","8000-000877-01"
"28416","MOUTHPIECE,SPIROMTER,FREE FLOW","IE829","L:5","","773470"
"32704","CIRCUIT,PATIENT","IE829","L:100","","758200-001"
"32705","SENSOR,FLOW","IE829","L:75","","758100-004"
"41993","ASPIRATOR,SAFE PICO","IE829","L:100","","956-622"
"48403","MASK,O2,LARGE,PREVENT","IE829","L:24","","670009003"
"48404","MASK,O2,MEDIUM,PREVENT","IE829","L:48","","670009002"
"48405","MASK,O2,SMALL,PREVENT","IE829","L:24","","670009001"
"48407","CPLR,SIL,CCM,XPR,INDR,CALORIME","IE829","L:16","","670010-003"
"49948","PAPER THRM 2.25IN PRNTR RPDPT","IE829","L:2","","10315772"
"49949","FLTR 405 ANLY","IE829","L:3","","10322638"
"49950","CPLL LL 1200 SER RAPIDLAB NS D","IE829","L:3","","10309073"
"50261","KIT,ABG,3ML SYR,DRY LI HEP,23G","IE829","L:20","","4599P-1"
"61404","BOTTLE,DRAINAGE,1000ML,SPIKE-A","IE829","L:0","","JGGSV1000SSP"
"1571","CAP/HOOD,SURGEON,CAP/HOOD,UNIV","IE830","L:1","","4359"
"1606","SPONGE,GAUZE,GEN USE,2 X 2IN,8","IE830","L:2","","NON25208"
"1627","MASK,OXYGEN,NON-REBREATHER,ADU","IE830","L:3","","1060"
"1849","NEEDLE,SPINIAL,22GA X 3.5IN","IE830","L:25","","405181"
"1850","NEEDLE, SPINAL, 25 GA X 3.5 IN","IE830","L:75","","405180"
"1913","GLOVE,BIOGEL,6.5,STERILE","IE830","L:12","","41165"
"1914","GLOVE,NON LATEX BIOGEL,7.5,STE","IE830","L:20","","41175"
"1915","GLOVE,BIOGEL,8,STERILE","IE830","L:20","","41180"
"1972","TUBE,SUCTION,YANKAUER","IE830","L:5","","K86"
"1994","SYRINGE,10CC,L/L","IE830","L:20","","302995"
"2010","DRAPE,TOWEL,18X24,STERILE","IE830","L:12","","D1010"
"2198","BANDAGE,ADH,PLSTC,ABSORB PAD,F","IE830","L:25","","44120"
"2242","MASK,OXYGEN,ADULT SZ 6","IE830","L:6","","HUD1930"
"2800","GLOVE,BIOGEL,8.5,STERILE","IE830","L:12","","41185"
"3769","BANDAGE,COBAN,2IN,NONSTERILE","IE830","L:2","","2082"
"5038","SOLUTION,INTRAVENOUS,IN 0.9% N","IE830","L:5","","2B1323Q"
"5595","GLOVE,BIOGEL,7,STERILE","IE830","L:12","","41170"
"5960","SPONGE,GAUZE,2 X 2IN,STER,8-PL","IE830","L:50","","1806G"
"6357","TISSUE,FACIAL,2-PLY,8 X 8IN,10","IE830","L:2","","48550"
"9295","PAD,ALCOHOL,70% ISOPROPYL","IE830","L:200","","6818"
"9301","SPONGE,GAUZE,4 X 4IN,100% COTT","IE830","L:25","","3033G"
"9414","TUBING,SUCTION,L 6FT,FEMALE CO","IE830","L:5","","8888301515"
"9427","SYRINGE,3CC,L/L","IE830","L:20","","1180300777"
"10934","SNGE,5ML,LUER LOCK","IE830","L:20","","309646"
"12478","CUFF,FUSOR,C,500MM","IE830","L:0","","MX4705"
"12981","NEEDLE,SPINAL,QUINCKE,22GA,L 5","IE830","L:50","","405148"
"13310","KIT,IV START,STERILE,L/F,CHLOR","IE830","L:5","","74464"
"13392","SLING,ARM,ENVELOPE,MED,SYNTHET","IE830","L:2","","TX9902-04"
"13394","SLING,ARM,ENVELOPE,LG,SYNTHETI","IE830","L:2","","TX9902-05"
"19677","CATHETER,IV,SAFETY,20GAX1.25IN","IE830","L:5","","3066"
"19678","CATHETER,IV,SAFETY,22GAX1IN","IE830","L:5","","306001"
"20047","SET,EXTENSION,NEEDLELESS,VALVE","IE830","L:12","","MC33150"
"22138","NEEDLE,SAFET,18GAX1.5IN,1M","IE830","L:10","","8881850815"
"22139","NEEDLE,SAFETY,22GAX1.5,1M","IE830","L:10","","8881850215"
"22142","NEEDLE,SAFETY,21GAX1IN,1M","IE830","L:10","","305915"
"22350","SOAP, SURGICAL HAND PREP, AVAG","IE830","L:2","","9200"
"23725","TOURNIQUET,.75X18INCH,LATEX FR","IE830","L:1","","367203"
"23980","BATTERY,9V,NON-RECHRG,ALKALINE","IE830","L:0","","PC1604"
"26930","MASK,FACE,PROCEDURE,FULL PLTD,","IE830","L:50","","15111"
"27702","LABELS,STERILE,MEDICATIONS","IE830","L:20","","9VAPH37-DTR"
"28481","TOWEL,RAYPAQUE,SAFETY,STERILE,","IE830","L:12","","AVID262"
"29610","CHLORAPREP,10.5ML,HI LITE,ORAN","IE830","L:20","","930715"
"29988","NEEDLE,SAFETY,27GA,5/8INCH","IE830","L:10","","305921"
"30058","SWAB,POVIDONE IODINE,10% W/V","IE830","L:10","","S41350"
"30515","DRESSING,FILM,IV,W/BORDER,TEGA","IE830","L:5","","1683"
"31896","DEVICE,STATLOCK,325PSI","IE830","L:5","","IV0563P"
"32038","LINER,SUCTION,FLEX ADVANTAGE,1","IE830","L:2","","65651-920C"
"32527","GLOVE,EXAM,NITRILE,SM,LTX-FREE","IE830","L:2","","72-50901"
"32528","GLOVE,EXAM,NITRILE,MED,LTX-FRE","IE830","L:2","","72-50902"
"32529","GLOVE,EXAM,NITRILE,LG,LTX-FREE","IE830","L:2","","72-50903"
"32530","GLOVE,EXAM,NITRILE,XL,LTX-FREE","IE830","L:2","","72-50904"
"33761","ELECTRODE,MONITOR,ADULT,FOAM","IE830","L:4","","2670-3"
"35069","CAP,IV,DISINFECT,CUROS,JET","IE830","L:2","","CFJ5-250"
"35486","FLUSH,SALINE,10ML,IN 10ML SYR,","IE830","L:10","","306546"
"35847","FOOTWEAR,PATIENT,3XL","IE830","L:5","","68125-PUR"
"37293","BAG,EMESIS,BLUE","IE830","L:5","","EME-BAG"
"38101","GLASSES,SAFETY,PLSTC LES,CLR,U","IE830","L:1","","SV50A"
"38318","SENSOR,ADHESIVE,ADULT,ADTX,LNC","IE830","L:3","","1859"
"38459","CAP,MALE,TIPS,DISINFECTION,3M","IE830","L:2","","CM5-200"
"39199","CUFF,BP,1 PIECE,ADULT,TUBELESS","IE830","L:5","","SOFT-11"
"41271","TUBING,OXYGEN CONNECTING,L 7FT","IE830","L:2","","1925"
"41595","CANNULA,NASAL,O2,NON-FLARE TIP","IE830","L:3","","1365"
"41815","CAP,BOUFFANT,24IN,BLUE,FLUID P","IE830","L:1","","B24HD"
"42735","MASK,FACE,PROCEDURE,FULL PLTD,","IE830","L:100","","PPE-M-AS-SUR-S"
"45483","CANNULA,RF,100MM,20GA,8-10MM","IE830","L:30","","0406-660-125"
"45484","CANNULA,RF,150MM,20GA,8-10MM","IE830","L:30","","0406-660-225"
"49070","TRAY,BIOPSY,PROCEDURE","IE830","L:0","","DYNJTS0018A"
"49071","TRAY,EPIDURAL,SINGLE SHOT,20GX","IE830","L:3","","PAIN9009S"
"49957","BAG,PRESSURE INFUSION,CUFF,100","IE830","L:2","","4010H"
"50938","PAD,GROUNDING,ELECTROSURGICAL,","IE830","L:5","","0406-650-210"
"59596","BAG,EMESIS,WHITE,HDPE","IE830","L:5","","NON80331"
"59820","TRAY NERVE BLOCK","IE830","L:15","","30910"
"96017","FORCEP,KELLY,CVD,5.5IN,DISP","IE830","L:3","","SS09-0627 F"
"98010","BAG,AMBU,W/PEEP VALVE,DISP","IE830","L:2","","520-611-001"
"129613","CANNULA,BLUNT,PLASTIC","IE830","L:10","","8881540111"
"129817","PACK,SURG,CUSTOM,INTERVENTION","IE830","L:15","","DYNJ0225569F"
"180","STRAW,DRINKING,FLEXIBLE","IE862","L:0","","NON02315"
"468","DIAPER,ADULT,BRIEF,LARGE,TAPE","IE862","L:5","","MSC33505"
"1606","SPONGE,GAUZE,GEN USE,2 X 2IN,8","IE862","L:4","","NON25208"
"1618","ADAPTER,AEROSOL TUBING,PRES LI","IE862","L:10","","1642"
"1622","UNDERPAD,BED,30X36IN,TRANQUILI","IE862","L:10","","2710"
"3769","BANDAGE,COBAN,2IN,NONSTERILE","IE862","L:8","","2082"
"5047","SOLUTION,IRRIGATION,STER WATER","IE862","L:7","","2F7113"
"6291","TAPE,ADHESIVE,CLOTH,1IN","IE862","L:10","","1538-1"
"6353","APPLICATOR,TIPPED,COTTO,L 6IN,","IE862","L:60","","MDS202000"
"6357","TISSUE,FACIAL,2-PLY,8 X 8IN,10","IE862","L:4","","48550"
"8770","BAG-SET-UP-DRAW-STRING-BLUE,GR","IE862","L:50","","64"
"9057","BATTERY,AA,NONRECHARGEABLE,ALK","IE862","L:96","","PC1500"
"9295","PAD,ALCOHOL,70% ISOPROPYL","IE862","L:400","","6818"
"9296","BANDAID,ADHESIVE,PLASTIC,STRIP","IE862","L:100","","44101"
"9300","DEPRESSOR,TONGUE,WOOD,STL","IE862","L:20","","C1560-006"
"9301","SPONGE,GAUZE,4 X 4IN,100% COTT","IE862","L:25","","3033G"
"9415","URINAL,MALE,PLSTC,1000ML,W/LID","IE862","L:8","","DYND80235S"
"9720","RAZOR,SURGICAL,DBLE EDGED","IE862","L:30","","BRN1312"
"10362","STRAP,CHIN,REGULAR,A7036-4","IE862","L:20","","1012911"
"10931","TAPE,ADHESIVE,PAPER,1I,HYPO","IE862","L:12","","1530-1"
"10938","CUP,MEDICINE,10Z,PLASTIC","IE862","L:2","","DYND80000N"
"12562","TOOTHBRUSH,STRAIGHT,ADULT SIZE","IE862","L:10","","55501"
"13433","TAPE,PLASTIC,PINK,1/2IN","IE862","L:5","","5LF"
"17294","SKIN PREP,ELECTROMEDICAL,ELECT","IE862","L:10","","30806726"
"18274","REMOVER,ADHESIVE,WIPE","IE862","L:200","","30039"
"21031","MASK,CPAP,FFM,AIRTOUCH F20,SM,","IE862","L:5","","63000"
"21032","MASK,CPAP,AIRTOUCH F20,MED,630","IE862","L:5","","63001"
"21033","MASK,CPAP,AIRTOUCH F20,LRG,630","IE862","L:5","","63002"
"22288","TAPE,MEDICAL,SOFT CLOTH,2IN","IE862","L:8","","2862"
"23158","EAR PROTECTORS E-Z WRAP","IE862","L:10","","1016050"
"23175","ELECTRODE,DYMEDIX","IE862","L:50","","13-10100-8010"
"23231","MASK,CPAP,FFM,FITPACK,F&P SIMP","IE862","L:10","","400483FITPACK"
"23269","BRACELET,WATCHPAT","IE862","L:2","","AC2000300"
"27104","PAPER,EKG,FOR ZOLL M SERIES,FA","IE862","L:4","","8000-000877-01"
"29094","MARKER,SKIN,MINI MARKER,PRE SU","IE862","L:2","","2715BN"
"30062","WASH,SHAMPOO,BODY,4OZ","IE862","L:12","","MSC092SBW04"
"30172","TOOTHPASTE,TUBE,.85 OZ","IE862","L:10","","9782"
"32401","ELECTRODE,DIAPHORETIC,530 SERI","IE862","L:25","","2660-5"
"32527","GLOVE,EXAM,NITRILE,SM,LTX-FREE","IE862","L:4","","72-50901"
"32528","GLOVE,EXAM,NITRILE,MED,LTX-FRE","IE862","L:3","","72-50902"
"32529","GLOVE,EXAM,NITRILE,LG,LTX-FREE","IE862","L:4","","72-50903"
"32530","GLOVE,EXAM,NITRILE,XL,LTX-FREE","IE862","L:4","","72-50904"
"35565","MASK,CPAP/BIPAP,NASAL PILLOW S","IE862","L:5","","62900"
"36151","BELT,RIP,NOX,LRG,DISP","IE862","L:40","","11520"
"36363","NASAL,NOX","IE862","L:30","","69594"
"36556","PROBE,UPAT,PNEUMO-OPT","IE862","L:36","","AC2101300"
"37620","TUBING,CPAP/BIPAP,SLIMLINE,L 6","IE862","L:14","","37500"
"37681","MASK,CPAP/BIPAP,NASAL,STD,MIRA","IE862","L:5","","62103"
"37866","MASK,NASAL,FX,MIRAGE,SMALL,FOR","IE862","L:5","","62109"
"37869","MASK,CPAP,NASAL,COMFORTGEL BLU","IE862","L:10","","1071269"
"39724","MASK,STD,CRADLE,NASAL,N30I,AIR","IE862","L:5","","63800"
"40523","MASK,CPAP/BIPAP,NASAL,MED,COMF","IE862","L:0","","1071270"
"40524","MASK,CPAP,NASAL,COMFORTGEL BLU","IE862","L:5","","1071271"
"40947","POUCH,TELEMETRY,WHITE POLYESTE","IE862","L:10","","9.89803E+11"
"40996","GRIP,TENDER","IE862","L:4","","1006-0-100"
"41000","SENSOR,NONIN,7000A,PURELIGHT","IE862","L:15","","105720XL"
"41558","BELT,RIP,NOX,MED,DISP","IE862","L:50","","11518"
"41586","STAP,CHIN,ADJUST,RUBY,XL,TMS-0","IE862","L:10","","TMS-09ADJ-XL"
"41910","BAND,ADJUSTABLE,WRIST,NONIN","IE862","L:30","","3150WB"
"42816","CANNULA,THERMOCAN","IE862","L:30","","15807"
"43145","SLIPPER,FALL PREVENTION,YELLOW","IE862","L:5","","80184"
"43496","SENSOR,W/WRAP,DISPOSABLE","IE862","L:15","","6.17114E+11"
"48765","MASK,SYSTEM,AIRFIT,F30I,SMALL,","IE862","L:5","","63300"
"48766","MASK,SYSTEM,AIRFIT,F20,SMALL,S","IE862","L:9","","63450"
"48767","MASK,FULLFACE,EVORA,XS-LG,HEAD","IE862","L:5","","EVF1XMLA"
"48768","MASK,CPAP,VITERA,SM,MED,LG,FIT","IE862","L:5","","VIT1SMLA"
"48769","MASK,AIRFIT,N20,STARTER PACK","IE862","L:10","","63535"
"48770","MASK,CPAP/BIPAP,WISP,W/HEADGEA","IE862","L:4","","1094050"
"48771","MASK,NASAL,ESON 2,SM-LG,FIT PA","IE862","L:10","","ESN2SML"
"48772","MASK,NASAL,AIRTOUCH,N20,SMALL","IE862","L:5","","63903"
"48773","MASK,NASAL,AIRTOUCH,N20,MEDIUM","IE862","L:10","","63901"
"48774","MASK,NASAL,AIRTOUCH,N20,LARGE","IE862","L:10","","63902"
"50422","CAP,SHAMPOO/CONDITIONER,ALL IN","IE862","L:3","",""
"59014","MASK,CPAP/BIPAP,NASAL PILLOW S","IE862","L:5","","61500"
"59016","MASK,CPAP/BIPAP,NASAL,WIDE,MIR","IE862","L:5","","62118"
"59022","STRAP,CHIN,ADJUST,RUBY,TMS-09A","IE862","L:10","","CS007-ADJXL"
"59024","STRAP,CHIN,DELUXE,302425-MP","IE862","L:10","","302425"
"98006","BATTERY,AAA,NONRECHARGEABLE,AL","IE862","L:96","","PC2400"
"129579","ADHESIVE,CONDUCTIVE,TEN 20","IE862","L:6","","10-20-4J"
"79","SET,IRRIGATION,UROLOGIC,Y-TYPE","IE886","L:2","test2","2C4041"
"166","CELLULOSE,OXIDIZED,4 X 8IN,ABS","IE886","L:10","","1952S"
"177","TUBING,SUCTION,1/4IN X 12FT","IE886","L:15","","8888301622"
"178","DRAIN,PLUER,EVAC,CHEST","IE886","L:2","","S-1100-08LF"
"180","STRAW,DRINKING,FLEXIBLE","IE886","L:50","","NON02315"
"214","TAPE,TRANSPORE,1IN,HYPO","IE886","L:6","","1527-1"
"222","SPIROMETER,INCENTIVE,EXCERCISE","IE886","L:8","","8884719010"
"434","GAUZE,OR,4X4,STERILE","IE886","L:20","","8045"
"445","MOUTHWASH,4OZ,MINT,NON-ALCOHOL","IE886","L:10","","CTR000413"
"446","BAG,DRAINAGE,METER","IE886","L:4","","DYND17403"
"463","TUBE,VACUUMBLOOD,13 X 100MM,5M","IE886","L:1","","367986"
"571","GAUZE,BANDAGE,KERLIX,4.5IN","IE886","L:12","","NON25865"
"589","KIT,LUMBAR PU CTURE,DIAMOND PT","IE886","L:2","","26-LP1SFDA"
"1510","CATHETER,ARTERY,RADIAL,20GA,1.","IE886","L:10","","RA-04020"
"1519","BAG,BILE","IE886","L:2","","15850"
"1558","VALVE,LOPEZ,ENTERNAL","IE886","L:4","","M9000-T"
"1560","STOCKING,COMPRESSION,BK,SM REG","IE886","L:4","","MDS160624"
"1583","GEL,ULTRASONIC,TRANSMISSION","IE886","L:5","","8-Mar"
"1603","BANDAGE,TUBULAR,NYLON,SZ 6,25Y","IE886","L:2","","MT06"
"1604","SURGIFIX,SZ#8","IE886","L:2","","MT08"
"1608","STRAINER,CALCULI","IE886","L:5","","2110SA"
"1771","BANDAGE,COBAN,4IN,NONSTERILE","IE886","L:4","","2084"
"1772","BOARD,ARM,DISPOSABLE","IE886","L:2","","NON24290"
"1774","BANDAGE,ELASTIC,6IN X 5YD,LTX,","IE886","L:4","","SCS02597002H"
"1789","STAPLER,SKIN,SS,35 WIDE,W/SS S","IE886","L:2","","PXW35"
"1816","KIT,INTRODUCER SHEATH,PER-Q,9F","IE886","L:3","","AK-09903-CDC"
"1825","KIT,REMOVAL,STAPLE,STERILE,DIS","IE886","L:2","","PSX"
"1828","NEEDLE,30GAX1/2IN,DISPOSABLE","IE886","L:10","","305106"
"1833","NEEDLE,SPINAL,18GAX3 1/2IN","IE886","L:5","","405184"
"1906","DRESSING,3X16IN,NONADHERENT,ST","IE886","L:12","","CUR250317"
"1912","GLOVE,SURG,NAT RUBBER,SZ 6,POW","IE886","L:3","","41160"
"1913","GLOVE,BIOGEL,6.5,STERILE","IE886","L:6","","41165"
"1914","GLOVE,NON LATEX BIOGEL,7.5,STE","IE886","L:6","","41175"
"1915","GLOVE,BIOGEL,8,STERILE","IE886","L:6","","41180"
"1919","PLUG,CATHETER","IE886","L:5","","1600"
"1954","SCALPEL,#10,W/HANDLE,DISPOSABL","IE886","L:5","","372610"
"1955","SCALPEL,#11,W/HANDLE,DISPOSABL","IE886","L:5","","MDS15311"
"1956","SCALPEL,SURG,SZ #15,BARD PARKE","IE886","L:5","","372615"
"1958","KIT,CENTRAL VENOUS CATH,MULTI","IE886","L:3","","ECVC7485"
"1959","SET,ARTERIAL,VENOUS,18GA 4.25I","IE886","L:5","","FA-04018"
"1984","DRESSING,TELFA,NONADHER,3X8,ST","IE886","L:12","","1238"
"1986","PACKING,WOUND,PLN,1/2IN X 5YD,","IE886","L:3","","7632"
"1988","GAUZE,IODOFORM,1/2IN","IE886","L:3","","7832"
"1994","SYRINGE,10CC,L/L","IE886","L:100","","302995"
"1996","BANDAGE,ELASTOPLAST,3IN,UNSTER","IE886","L:1","","2595002"
"1998","CUP,DENTURE,8OZ,W/LID,PLASTIC","IE886","L:10","","DYND70293"
"2014","CONNECTOR,TUBING,5IN1,PLASTIC,","IE886","L:5","","501"
"2016","STETHOSCOPE,MANUAL,DUAL HEAD,L","IE886","L:12","","6515-00-NIB-0115"
"2032","WOUND,CLOSURE STRIP,1/2IN X 4I","IE886","L:5","","R1547"
"2041","DRESSING,TRANSPARENT,4X4 3/4IN","IE886","L:6","","1616"
"2042","DRESSING,TRANSPARENT,10INX5 1/","IE886","L:5","","1628"
"2043","DRESSING,IMPREGNATED,3 X 3IN,O","IE886","L:5","","6112"
"2053","BAG,LEG,URINE,32OZ","IE886","L:4","","DYND12578"
"2087","STOCKING,COMPRESSION,BK,LG REG","IE886","L:4","","7203"
"2093","DRAPE,APERUTURE,SMALL","IE886","L:10","","DYNJSD1020"
"2234","RESTRAINT,WRIST","IE886","L:6","","MDT829020C"
"2271","SUTURE,SILK,BLK BRD,SZ 3-0,L 1","IE886","L:2","","1684G"
"2273","SUTURE,SILK,BLK BRD,SZ 2-0,L 1","IE886","L:2","","1588H"
"2314","BEDPAN,FRACTURE,PLSTC,REUSABLE","IE886","L:10","","DYNC8522"
"2518","GAUZE,PETROLEUM,3X18I,NONADH","IE886","L:8","","MAY884414600Z"
"2629","CATHETER,COUDE,CARSON,14FR,5CC","IE886","L:2","","0168L14"
"2631","CATHETER,COUDE,CARSON,18FR,5CC","IE886","L:2","","0168L18"
"2800","GLOVE,BIOGEL,8.5,STERILE","IE886","L:5","","41185"
"3769","BANDAGE,COBAN,2IN,NONSTERILE","IE886","L:8","","2082"
"4223","TUBE,VACUUM BLOOD,13 X 75MM,4M","IE886","L:1","","367922"
"5595","GLOVE,BIOGEL,7,STERILE","IE886","L:10","","41170"
"5960","SPONGE,GAUZE,2 X 2IN,STER,8-PL","IE886","L:100","","1806G"
"5991","BAG,BODY,POLYOLEFIN,40 X 96IN,","IE886","L:2","","55701-00-MBC"
"6147","BIDER,ABDOMINAL,UNIV LONG,HT 9","IE886","L:2","","ORT21110LXL"
"6291","TAPE,ADHESIVE,CLOTH,1IN","IE886","L:6","","1538-1"
"6353","APPLICATOR,TIPPED,COTTO,L 6IN,","IE886","L:50","","MDS202000"
"6357","TISSUE,FACIAL,2-PLY,8 X 8IN,10","IE886","L:12","","48550"
"6555","BAG,TRANSPORT,SPECIMEN,BIOHAZA","IE886","L:200","","AR69P"
"6691","PIN,SAFETY,LARGE,NON STERILE","IE886","L:10","","MDT223025Z"
"7102","FLOSS WAXED","IE886","L:10","","1115A"
"7751","CUSHION,CHAIR,AIR,2X18X17INCHE","IE886","L:0","","2770100000"
"7992","CLAMP,POUCH,DRAIN","IE886","L:10","","175635"
"8299","POUCH,DRNBL,1.75 BARRIER,2.25","IE886","L:10","","18193"
"8934","TRANSDUCER,VAMP,TRIPLE","IE886","L:4","","PXVMP3X31"
"9057","BATTERY,AA,NONRECHARGEABLE,ALK","IE886","L:72","","PC1500"
"9059","CATHETER,EXT,SIL,MED","IE886","L:20","","33102"
"9061","CATHETER,EXT,SIL,LG","IE886","L:4","","36104"
"9295","PAD,ALCOHOL,70% ISOPROPYL","IE886","L:1000","","6818"
"9296","BANDAID,ADHESIVE,PLASTIC,STRIP","IE886","L:100","","44101"
"9300","DEPRESSOR,TONGUE,WOOD,STL","IE886","L:50","","C1560-006"
"9301","SPONGE,GAUZE,4 X 4IN,100% COTT","IE886","L:50","","3033G"
"9305","DRESSING,GEN USE,ABD PAD,8 X 1","IE886","L:14","","9194A"
"9306","SPONGE,GAUZE,DRAIN,4 X 4IN,6-P","IE886","L:25","","7086"
"9311","BASIN,EMESIS,DISP,PLASTIC","IE886","L:10","","DYND80327N"
"9312","COTTON BALL,UNCOVERED,DIA 2IN,","IE886","L:5","","MDS21463"
"9313","CUP,STYROFOAM,6OZ,DISP","IE886","L:6","","6J6"
"9334","PACK,DRAPE,SHEET,STERILE,L/F,#","IE886","L:5","","29350"
"9402","GOWN,SURG,IMPERVIOUS,STER,DISP","IE886","L:6","","C9545"
"9414","TUBING,SUCTION,L 6FT,FEMALE CO","IE886","L:20","","8888301515"
"9415","URINAL,MALE,PLSTC,1000ML,W/LID","IE886","L:12","","DYND80235S"
"9420","TRAY,IRRIGATION","IE886","L:5","","68800"
"9427","SYRINGE,3CC,L/L","IE886","L:60","","1180300777"
"9434","SYRINGE,30CC,L/L","IE886","L:10","","8881535762"
"9435","SYRINGE,60CC,L/L","IE886","L:7","","8881560125"
"9436","SYRINGE,60CC,CATH TIP","IE886","L:4","","309620"
"9452","SLEEVE,ELBOW/HEEL,PULL OVER,ME","IE886","L:3","","6224M"
"9625","TOWEL,SURGICAL,BARRIER,PACK","IE886","L:10","","3520"
"9627","KIT,REMOVAL,SUTURE,STERILE,DIS","IE886","L:4","","Jun-00"
"9871","BAG,ENEMA,1500ML,PRE-LUBRICATE","IE886","L:0","","DYND70102"
"9919","BOTTLE,SPECIME,URINE,24HR","IE886","L:0","","DYND80024"
"10310","BATTERY,C,NONRECHARGE","IE886","L:12","","PC1400"
"10377","BATTERY,ALKALINE,SZ D,DURACELL","IE886","L:12","","MN1300CT"
"10931","TAPE,ADHESIVE,PAPER,1I,HYPO","IE886","L:6","","1530-1"
"10932","TAPE,ADHESIVE,PAPER,2IN","IE886","L:4","","1530-2"
"10934","SNGE,5ML,LUER LOCK","IE886","L:30","","309646"
"10936","SYRINGE,W/O NEEDLE,20ML,LL TIP","IE886","L:10","","1182000777"
"10938","CUP,MEDICINE,10Z,PLASTIC","IE886","L:4","","DYND80000N"
"11873","SUPPORT,WRIST,ARTERIAL,HAND AI","IE886","L:3","","29980"
"12075","ADAPTER,MULTIPLE,SAMPLE","IE886","L:5","","367290"
"12562","TOOTHBRUSH,STRAIGHT,ADULT SIZE","IE886","L:20","","55501"
"12730","BANDAGE,COBAN,1IN,NONSTERILE","IE886","L:5","","CAH15LF"
"13308","DRESSING,ALGINATE,4X4IN,CALCIC","IE886","L:5","","529937"
"13310","KIT,IV START,STERILE,L/F,CHLOR","IE886","L:30","","74464"
"13492","COMB,HAIR,PLASTIC,5IN","IE886","L:10","","MDS137007Z"
"14527","TUBE,NG,SALEM SUMP,PVC,16FR","IE886","L:6","","8888266130"
"14528","TUBE,NG,SALEM SUMP,PVC,18FR","IE886","L:6","","8888266148"
"14774","STOPCOCK,4WAY,LUER LOCK","IE886","L:10","","1168336"
"14992","STOCKING,COMPRESSION,THIGH-HIG","IE886","L:4","","MDS160888"
"15218","SUTURE,PROLENE,4 0,8682G,PS2","IE886","L:5","","8682G"
"15911","RING,BARRIER,SKIN","IE886","L:10","","7805"
"16101","BARRIER,1.75IN WITH,FLANGE,2.2","IE886","L:5","","14603"
"16466","STRAP,CATH,LEG,FABRIC,VELCRO C","IE886","L:2","","316"
"16927","LANCET,SAFETY,1.8MM,21GA","IE886","L:2","","8290366577"
"16938","ELECTRODE,BIPOLAR,5FRX110CM","IE886","L:2","","520007P"
"17204","BAG,DRAINAGE,4000ML","IE886","L:2","","153509"
"17597","ELECTRODE,EKG,RESTING,CONDUCTI","IE886","L:20","","31433538"
"17723","TUBE,VACUUM BLOOD,13 X 100MM,4","IE886","L:1","","367962"
"17770","STETHOSCOPE, ESOPHAGEAL, 18FR","IE886","L:5","","81-040418"
"18141","DRESSING,GEN USE,ISLAND,4 X 4I","IE886","L:6","","7550"
"18274","REMOVER,ADHESIVE,WIPE","IE886","L:10","","30039"
"18325","SET,IV ADMIN,NITROGLYCERIN,MED","IE886","L:10","","2260-0500"
"18626","CATH,URETHRAL,FOLEY,16FR,100%","IE886","L:3","","DYND110516"
"18816","PAPER,EKG,THERMAL,RED GRID","IE886","L:2","","1272335"
"18932","DRESSING,TRANSPARENT,2 3/8INX2","IE886","L:15","","1624W"
"19144","CATH,URETHRAL,FOLE,3-WAY,22FR,","IE886","L:2","","0119L22"
"19551","BANDAGE,ELASTIC,SAFEWRAP,LF,4I","IE886","L:6","","MDS087004LF"
"19552","BANDAGE,ELASTIC,COMPRESSION,6I","IE886","L:3","","MDS087006LFG"
"19676","CATHETER,IV,SAFETY,18GA X1.25I","IE886","L:20","","3065"
"19677","CATHETER,IV,SAFETY,20GAX1.25IN","IE886","L:20","","3066"
"19678","CATHETER,IV,SAFETY,22GAX1IN","IE886","L:20","","306001"
"19846","DRESSING,FOAM,4 X 8IN,POLYURET","IE886","L:10","","55548"
"19968","SET,BLOOD ADMIN,200 MICRON FIL","IE886","L:10","","2477-0007"
"20047","SET,EXTENSION,NEEDLELESS,VALVE","IE886","L:10","","MC33150"
"20048","SET,IV ADMIN EXT,LTX-FREE,L 6I","IE886","L:15","","20019E"
"20057","CANNULA,NEEDLELESS,ACCESS VALV","IE886","L:50","","MC100"
"20074","CAP,ALARIS","IE886","L:10","","70804"
"20128","DRESSING,FOAM,LARGE,SOFT,WHITE","IE886","L:2","","KTC627503410H"
"20187","CANISTER,NEG PRESS DRESS SYS,W","IE886","L:4","","M8275071/10"
"20188","DRESSING,VAC,MEDIUM,BLACK,KCI","IE886","L:3","","M8275040/10"
"20189","DRESSING,TRAC,FOAM,KCI,LG,BLAC","IE886","L:4","","M8275053/10"
"20557","WIPES,CLEANING,GERMICIDAL,HARD","IE886","L:0","","P13872"
"20629","CUP,URINE,NONSTERILE,BLUE TOP","IE886","L:30","","364975"
"20637","SLEEVE,SKIN,LARGE","IE886","L:5","","6000L"
"21012","KIT,VAMP,PX DPT","IE886","L:6","","PXVMP260"
"22138","NEEDLE,SAFET,18GAX1.5IN,1M","IE886","L:20","","8881850815"
"22140","NEEDLE,SAFETY,25GAX5/8IN","IE886","L:10","","8881850558"
"22141","NEEDLE,SAFETY,23GAX1IN","IE886","L:20","","8881850310"
"22143","NEEDLE,FILTER,18GA X 1 1/2IN","IE886","L:20","","305211"
"22274","BOOT ROOKE (E0191)","IE886","L:0","","HFS101"
"22288","TAPE,MEDICAL,SOFT CLOTH,2IN","IE886","L:4","","2862"
"22289","TAPE,MEDICAL,SOFT CLOTH,4IN","IE886","L:3","","2864"
"22290","TAPE,MEDICAL,SOFT CLOTH,6IN","IE886","L:2","","2866"
"22351","SYRINGE,TB,1CC,28GAX1/2IN,SAFE","IE886","L:25","","8881882812"
"22352","SYRIGE,INSULIN,1CC,29GAX1/2IN","IE886","L:40","","8881892910"
"22699","TUBE,VACUUM BLOOD,13 X 75MM,2.","IE886","L:1","","363083"
"22917","TABLET,DENTURE,CLEANSER","IE886","L:15","","MDS136405"
"22929","BRIDLE,PRO,AMT,8F-10F","IE886","L:3","","4-420810"
"22930","BRIDLE,PRO,AMT,16F-18F","IE886","L:4","","4-421618"
"23157","STRIP,GLUCOSE TESTING,ACCU-CHE","IE886","L:3","","5942861001"
"23672","SET,CATHETER,MELKER,CRICOTHYRO","IE886","L:2","","G04652"
"23695","SCISSORS-SHARP/BLUNT-5.5-STERI","IE886","L:5","","65945"
"23725","TOURNIQUET,.75X18INCH,LATEX FR","IE886","L:4","","367203"
"23769","SET, FLOW WARMER, STANDARD, DI","IE886","L:4","","24200"
"23880","TUBE,VACUUM BLOOD,13 X 75MM,3M","IE886","L:1","","367856"
"23927","DEVICE,BLOOD COLLECTION,BLOOD","IE886","L:30","","36488000"
"23967","SENSOR,CHAIR, 6 MO","IE886","L:4","","8309"
"23980","BATTERY,9V,NON-RECHRG,ALKALINE","IE886","L:24","","PC1604"
"24113","NEEDLE HOLDER,STACKABLE","IE886","L:40","","364815"
"24322","SHEATH,6FR,12CM,W/SLEEVE","IE886","L:3","","406103"
"24352","DRESSING,PRESSURE","IE886","L:5","","2019"
"24457","CANNULA,VAMP,NEEDLELESS","IE886","L:50","","VMP400"
"24497","DEVICE,ARTERIAL PLUS,STATLOCK","IE886","L:10","","ART0420"
"24568","COVER,PROBE,3D","IE886","L:10","","20-P3D548"
"24574","DEVICE,IV,CV PLUS,STATLOCK","IE886","L:10","","BRDCV0220H"
"27018","KIT,FMS,FLEXI-SEAL","IE886","L:2","","418000"
"27019","BAG,FECAL,COLLECTION,FMS,FLEXI","IE886","L:5","","411102"
"27022","DRESSING,HYDROCOLLOID,4 X 5IN,","IE886","L:5","","422299"
"27065","TAPE,MEDICAL,ELASTIC FOAM,3IN","IE886","L:4","","1528-3"
"27104","PAPER,EKG,FOR ZOLL M SERIES,FA","IE886","L:2","","8000-000877-01"
"27105","SYRINGE,INSULIN,.5CC,29GAX1/2I","IE886","L:40","","305932"
"27234","KIT,DRAIN CATH,THORACENTESIS/P","IE886","L:3","","PIG1260T"
"27274","DRESSING,HYDROCOLLOID,4.34SQ I","IE886","L:5","","MA028"
"27871","MEPILEX,BORDER LITE,3X3","IE886","L:5","","595200"
"27976","SET,INFUSION,PCA,90IN,LATEX FR","IE886","L:5","","30873"
"28018","DEVICE,CATH SECUREMENT,FOLE,ST","IE886","L:6","","FOL0102"
"28084","KIT,THORACENTESIS,PLEURAL CATH","IE886","L:3","","50-7000B"
"28481","TOWEL,RAYPAQUE,SAFETY,STERILE,","IE886","L:3","","AVID262"
"28622","SET,ENTERAL FEEDING BAG,DEHP-F","IE886","L:0","","773662"
"28831","BLANKET,FULL BODY, WARMING","IE886","L:3","","30000"
"29094","MARKER,SKIN,MINI MARKER,PRE SU","IE886","L:1","","2715BN"
"29255","RULER,MEASURING,WOUND,PAPER,DI","IE886","L:2","","MSCEDURULER"
"29362","DRESSING,ADHESIVE,4X4,W/ANTIMC","IE886","L:3","","MSC9604"
"29363","DRESSING,NON-ADHE,4X4,ANTIMCRO","IE886","L:3","","MSC9614EP"
"29364","SENSOR,FLOTRAC,60IN,W/VAMP","IE886","L:2","","MHD6AZ5"
"29371","BANDAGE,GAUZE,3IN X 75IN,STER,","IE886","L:2","","Nov-93"
"29397","DEVICE,ABVISER,AUTO VALVE IAP,","IE886","L:2","","CMPSN003A"
"29559","CANNULA,INNER,TRACH,SZ 6,EXTD","IE886","L:0","","60XLTIN"
"29611","CHLORAPREP,26ML,HI LITE,ORANGE","IE886","L:10","","930815"
"29885","CHLORAPREP,ONE STEP,3ML","IE886","L:20","","930400"
"30016","DRESSING,BORDER LITE,MEPILEX,4","IE886","L:8","","595300"
"30039","DRESSING,XEROFORM,PETROLATUM,F","IE886","L:10","","8884433605"
"30062","WASH,SHAMPOO,BODY,4OZ","IE886","L:10","","MSC092SBW04"
"30085","DRESSING STERILE 4INX4IN","IE886","L:6","","187971"
"30091","CUFF,CALF,SCD,DISPOSABLE,VENAF","IE886","L:6","","3040"
"30172","TOOTHPASTE,TUBE,.85 OZ","IE886","L:15","","9782"
"30199","ADHESIVE,CREAM,FIXODENT","IE886","L:2","","80717506"
"30205","SLING,PATIENT LIFT,DISPOSABLE","IE886","L:6","","AHD001"
"30220","DRESSING,FOAM,BORDER,MEPILEX A","IE886","L:7","","395390"
"30262","SOLUTION,POVIDONE IODINE,10%,1","IE886","L:10","","DYNDA2232A"
"30263","SOLUTION,HYDROGENPEROXIDE,3%,1","IE886","L:5","","APLP1012BK"
"30264","ALCOHOL,ISOPROPYL,70%,4OZ BOTT","IE886","L:1","","I0020"
"30515","DRESSING,FILM,IV,W/BORDER,TEGA","IE886","L:20","","1683"
"30557","DRESSING,IMPREGNATED,CHG,BIOPA","IE886","L:5","","4152"
"30590","SENSOR,QUATRO,BIS","IE886","L:4","","186-0106"
"31667","DRESSING,WOUND,FIBER,STRENGTHE","IE886","L:5","","422300"
"31669","BARRIER,CREAM,PROTEC,4OZ","IE886","L:8","","325614"
"31670","FOAM,CLEANSING,ALOE VESTA,8OZ","IE886","L:10","","MSC092104"
"31844","KIT,ORAL CARE,24HR","IE886","L:5","","6962"
"31896","DEVICE,STATLOCK,325PSI","IE886","L:20","","IV0563P"
"31922","KIT,DRAINAGE,PLERUX,BOTTLE","IE886","L:3","","50-7510"
"32038","LINER,SUCTION,FLEX ADVANTAGE,1","IE886","L:12","","65651-920C"
"32186","DRESSING,FOAM,SILICONE,4X8INCH","IE886","L:10","","496405"
"32190","NEEDLE,IO SET,LD 15GX1.8INCH","IE886","L:6","","9079-VC-005"
"32277","STAYFIX,SMALL,5FR-14FR","IE886","L:7","","680ME"
"32450","UNDERWEAR,MESH,DISPOSABLE,XL","IE886","L:6","","MSC86400"
"32463","ADHESIVE,LIQUID,MASTISOL","IE886","L:10","","0523-48"
"32527","GLOVE,EXAM,NITRILE,SM,LTX-FREE","IE886","L:10","","72-50901"
"32528","GLOVE,EXAM,NITRILE,MED,LTX-FRE","IE886","L:8","","72-50902"
"32529","GLOVE,EXAM,NITRILE,LG,LTX-FREE","IE886","L:8","","72-50903"
"32530","GLOVE,EXAM,NITRILE,XL,LTX-FREE","IE886","L:10","","72-50904"
"32679","CREAM,SKIN REPAIR,REMEDY,4OZ","IE886","L:15","","MSC0924004"
"33111","STABALIZER,NEEDLE,EZ-IO","IE886","L:5","","9066-VC-005"
"33694","BARRIER,SKIN,ANTIMICROBIAL,WIP","IE886","L:2","","7910"
"33786","CUP,DISP,PLASTIC,CLEAR,3.5OZ","IE886","L:3","","NON030035"
"33823","DIAPER,ADULT,PULL ON BRIEF,MED","IE886","L:0","","2975-100"
"33832","DRESSING,WOUND,HYDROPHILIC,6OZ","IE886","L:1","","1967"
"33904","BAD,PATIENT,IDENTIFICATION,SEC","IE886","L:3","","SC-1-LA"
"33996","ELECTRODE,AED,ONESTEP","IE886","L:3","","8900-0214-01"
"34473","DRESSING,5 X 12.5IN,MEPILEX BO","IE886","L:5","","496605"
"34599","TRAY,WAYNE,PNEUMOTHORAX,14FR,2","IE886","L:4","","G56537"
"34972","ADHESIVE,RELEASER,STING FREE","IE886","L:2","","420798"
"35069","CAP,IV,DISINFECT,CUROS,JET","IE886","L:50","","CFJ5-250"
"35362","BAG,PLASTIC,BEDSIDE,6.5X3.5X11","IE886","L:200","","NON24309P"
"35486","FLUSH,SALINE,10ML,IN 10ML SYR,","IE886","L:150","","306546"
"35511","JELLY,SURGILUBE,STERILE,5GM","IE886","L:50","","281020545"
"35623","SET,IFUSION,2-PIECE,MALE,LUER","IE886","L:0","","10942011"
"35655","SPLITTER,TABLET,CUT IN HALF,PL","IE886","L:5","","67015BC1"
"35658","PILL CRUSHER","IE886","L:5","","71091"
"35926","POUCH,UROSTOMY,ONE PIECE,POUCH","IE886","L:5","","3797"
"36361","NEEDLE,SET,AD,25MMX15GA","IE886","L:5","","9001P-VC-005"
"36428","SHEATH,INTRODUCER,5FR,2.5CM","IE886","L:5","","RSS502"
"36429","SHEATH,INTRODUCER,6FR,2.5CM","IE886","L:5","","RSS602"
"36473","NEEDLE,HUBER,INSERTER/INF SITE","IE886","L:5","","132010"
"36549","HOLDER,URINAL","IE886","L:0","","PGA201-25"
"36667","CATHETER,IV,INTERGRATED,18GA X","IE886","L:5","","383519"
"36746","BANDAGE,QUIKCLOT INTERVENTIONA","IE886","L:2","","188"
"36748","DRESSING,HEMO,4X4,QUIKCLOT","IE886","L:3","","459"
"36751","DRESSING,Z-FOLD,3IN X 4YDS,HEM","IE886","L:3","","487"
"36752","INTERVENTIONAL,QUIKCLOT,W/OUT","IE886","L:5","","467-Z"
"37162","CATHETER,SAFETY,TEFLON,20GAX1.","IE886","L:10","","4252527-020"
"37163","BASIN,WASH,PLASTIC,DISPOSABLE,","IE886","L:12","","DYND80347"
"37636","NEEDLE,HYPO,20GAX1.5IN,SAFETY,","IE886","L:20","","8881850015"
"37957","APPLICATOR,ULTRAMIST","IE886","L:6","","CP-80040"
"38083","SCISSORS,IRIS,CVD,STERILE,SING","IE886","L:5","","66150"
"38084","HOLDER,NEEDLE,WEBSTER,STERILE,","IE886","L:5","","67120"
"38085","SCISSORS,IRIS,ST,STERILE KIT,S","IE886","L:5","","66155"
"38096","FORCEPS,OCCLUDING,YELLOW TUBE,","IE886","L:10","","MPC-200-Y-1"
"38220","MITT,PEAK A BOO","IE886","L:4","","2811"
"38362","FORCEP,ADSON BROWN,DRESSING,ST","IE886","L:5","","66195"
"38380","BOWL,STERILE,BLUE,32OZ","IE886","L:2","","SSK9002A"
"38459","CAP,MALE,TIPS,DISINFECTION,3M","IE886","L:40","","CM5-200"
"38682","CONNECTOR,TRANSITION,ENFIT","IE886","L:12","","VED-001"
"38840","BLADE,CLIPPER,SURGICAL,PROFESS","IE886","L:10","","9680"
"38845","CATHETER,CCO,CEDV,CSVO2,VIP,ED","IE886","L:3","","777F8"
"38875","TRAY,CATHETER,ITNTERMITTENT,14","IE886","L:8","","DYND10402"
"38912","TRAY,CHEST TUBE,THAL QUICK,SZ","IE886","L:2","","G05462"
"38913","TRAY,CHEST TUBE,THAL QUICK,SZ","IE886","L:2","","G05463"
"39014","CATHETER,MALE EXTERNAL,LIBERTY","IE886","L:4","","2102610"
"39121","SENSOR,SPO2,ADULT,DISPOSABLE","IE886","L:10","","TL-271T3-A24"
"39218","HOLDER,LIMB,FOAM","IE886","L:0","","2532"
"39229","DRESSING,CENTRAL,CHG","IE886","L:10","","1659"
"39581","MEPILEX,BORDER,SACRUM,16X20CM","IE886","L:12","","282055"
"39629","STRAP,VITAL GO","IE886","L:2","","VGTLBST660"
"39706","SHORT TERM DIALYSIS CATHETER 1","IE886","L:1","","5626150"
"39961","BARRIER FILM,CAVILION,1.0ML WI","IE886","L:15","","3344"
"40480","CONECTOR,ACE,W/ ENTERNAL ACCES","IE886","L:10","","485"
"40483","SYRINGE,FEEDING,ENFIT,60CC","IE886","L:6","","ENF60"
"40487","DRESSING,FOAM,9.2 X 9.2IN,SOFT","IE886","L:15","","282455"
"40646","TRAY,TRACH,BLUE,RHINO,SZ8","IE886","L:2","","G57717"
"40657","DUOGLIDE 13 FR DOUBLE LUMEN, C","IE886","L:1","","5626200"
"40668","NEEDLE,BUTTERFLY,ULTRATOUCH,25","IE886","L:15","","367363"
"40808","SEALS,PULL,TIGHT,BLUE,12IN","IE886","L:10","","SE1006"
"40909","DEODORANT,ROLL ON,1.5 OZ","IE886","L:10","","MSC095010"
"40947","POUCH,TELEMETRY,WHITE POLYESTE","IE886","L:10","","9.89803E+11"
"41341","CONTAINER,URINE COLLECTION,COM","IE886","L:6","","2500SA"
"41402","TUBE,FEEDING,NASOGASTRIC,NASOI","IE886","L:4","","40-9551"
"41411","TUBE,FEEDING,CORFLO,8FR,2.7MM,","IE886","L:4","","40-7438"
"41592","DRESSING,GEL,TEGADERM CHG","IE886","L:5","","1877-2100"
"41815","CAP,BOUFFANT,24IN,BLUE,FLUID P","IE886","L:2","","B24HD"
"42036","LINER,PITCHER,PLSTC,CARAFE,1QT","IE886","L:50","","DYND80528"
"42037","PITCHER,HANDLE,W/LID,GRAPHITE","IE886","L:30","","DYND80535N"
"42180","LINERS,COMMODE","IE886","L:2","","MDSBSPROBE"
"42562","SET,IV EXTENSION,Q2 MICROBORE","IE886","L:5","","95702"
"42720","CATHETER,FEMALE,PUREWICK","IE886","L:4","","PWF030F"
"45111","FLUSH,SALINE,10ML,STERILE,IN 1","IE886","L:10","","306553"
"45122","KIT,CATH,FOLE,16FR,SIL,LTX-FRE","IE886","L:4","","URO170816"
"45124","KIT,CATH,FOLEY,18FR,SIL,LTX-FR","IE886","L:4","","URO170818"
"45521","SET,IV ADMIN,PRIMARY,RAPID INF","IE886","L:4","","903-00006"
"45971","CLIP,SURG,HEMODIALYSIS,STD,HOM","IE886","L:2","","04-9100-1"
"47789","CAPS,CLEARGUARD HD,ANTIMICROBI","IE886","L:10","","CGHD-100"
"48228","NOSA,MENTHOL,NASAL,PLUG,PK/100","IE886","L:100","","NO110901"
"48478","WRAP,INCONTINENCE,QUICKCHANGE","IE886","L:25","","UIM1025"
"49772","CANNULA,ORAL/NASAL,PCA,NON-INT","IE886","L:10","","B203325R"
"49820","DEVICE,URINARY CATH SECURING,U","IE886","L:10","","BOM51301BX"
"49821","DEVICE,URINARY CATH SECURING,U","IE886","L:10","","BOM51300BX"
"49831","SWAB UTM ULT MINITIP FLK FLXB","IE886","L:20","","3C057N"
"49967","CATHETER,MALE,PUREWICK","IE886","L:8","","PWM030"
"50056","SET,FEEDING,THICK FORMULA W/FL","IE886","L:0","","E10FFR"
"50166","DRESSING,SACRUM,OPTIVIEW","IE886","L:10","","MSCOV77EP"
"50209","BAG,ENTERAL,KANGAROO,OMNI,W/FL","IE886","L:6","","BSPFF"
"50210","BAG,ENTERAL,DUAL,KANGAROO,OMNI","IE886","L:6","","B10FF"
"50230","DRESSING,OPTIVIEW,SACRUM,9X9","IE886","L:5","","MSCOV99EP"
"50251","KIT,CATHETER,POWERGLIDE PRO,18","IE886","L:4","",""
"50252","KIT,CATHETER,POWERGLIDE PRO,20","IE886","L:5","",""
"50253","KIT,CATHETER,POWERGLIDE PRO,18","IE886","L:20","",""
"50254","KIT,CATHETER,POWERGLIDE PRO,20","IE886","L:5","",""
"50294","CREAM,SKIN,PHYTOPLEX,12.5% DMT","IE886","L:8","","MSC092562"
"50295","PROTECTOR,HEEL,FOOTCHECK,W WE","IE886","L:2","",""
"50348","WEDGE,POSITIONING,16X11X5IN,CO","IE886","L:2","",""
"50416","OINTMENT, ANTIFUNGAL, PHYTOPLE","IE886","L:4","",""
"50417","BARRIER,SKIN,36X10IN,DRIGO-HP,","IE886","L:8","",""
"50545","CULTURE,VENIPUNCTURE,23GA,BLOO","IE886","L:8","","CA58825"
"50632","SET,INFUSION,MRIDIUM,118IN,18M","IE886","L:10","","1056-50"
"50636","DRESSING,FOAM,9 X 9.125IN,SIL,","IE886","L:5","",""
"50683","ADH PORT ACCESS KIT","IE886","L:10","","DYNPAK06"
"50699","BAG,PRESSURE INFUSION,1000ML,W","IE886","L:10","",""
"50705","KIT,RADIAL,ARTERIAL,INTERGRATE","IE886","L:2","",""
"50770","DRESSING TRACH POLYU HYDRO 3.5","IE886","L:6","",""
"50803","KIT,DRESSING,CENTRAL LINE,PICC","IE886","L:6","",""
"50930","CLEANSER,WOUND,SPRAY,BOTTLE,8O","IE886","L:2","",""
"50991","OPTIVIEW 6X6 WND DRSING MULTI","IE886","L:10","","MSCOVM6EP"
"50992","ACUMEN IQ CUFF ADULT","IE886","L:5","","AIQCA"
"51012","FASTENER NASAL/GASTRIC TUBE LA","IE886","L:5","",""
"51102","SLING TWIN TURNER REG DISP","IE886","L:4","","287501"
"51103","KIT PATIENT TRANSFER HOVERMATT","IE886","L:2","",""
"59042","LUER-LOK ACCESS,DEVICE BD,LATE","IE886","L:30","","36490200"
"59134","COVER,SHOE,XL,ANTISKID","IE886","L:1","","ICP-SCNS0003"
"59215","HYPICHLOROUS,WOUND,WASH","IE886","L:3","","6517"
"59597","CUP,SPECIMEN,WHT","IE886","L:5","",""
"59598","CONTAINER INTAKE OUTPUT 32OZ T","IE886","L:30","",""
"59848","SWAB COLLECTION ANALYZER PART","IE886","L:20","",""
"60061","KIT,SHAVING,1.5OZ,CREAM DISPOS","IE886","L:6","","DYKD2001S"
"61234","CABLE,FOLEY,TEMP SENSING,PHILI","IE886","L:20","","TSC-10"
"61404","BOTTLE,DRAINAGE,1000ML,SPIKE-A","IE886","L:6","","JGGSV1000SSP"
"98006","BATTERY,AAA,NONRECHARGEABLE,AL","IE886","L:24","","PC2400"
"99015","BAG,PATIENT,BELONGING","IE886","L:50","","BIOBAGGY1820"
"99077","VALVE,LOPEZ,ENFIT","IE886","L:8","","M9000-EF"
"99227","SENSOR,EAR,LNCS,TC-I,SPO2","IE886","L:2","","1895"
"129613","CANNULA,BLUNT,PLASTIC","IE886","L:200","","8881540111"
"129805","LABEL,BARCODE,1INX3IN","IE886","L:0","","DTL893"
"434","GAUZE,OR,4X4,STERILE","IE890","L:5","","8045"
"1821","TUBE,EXTENSION,K51","IE890","L:5","","2C6226"
"1826","NEEDLE,HYPO,25GA X 1 1/2IN,REG","IE890","L:20","","305127"
"1913","GLOVE,BIOGEL,6.5,STERILE","IE890","L:10","","41165"
"1914","GLOVE,NON LATEX BIOGEL,7.5,STE","IE890","L:5","","41175"
"1915","GLOVE,BIOGEL,8,STERILE","IE890","L:5","","41180"
"1955","SCALPEL,#11,W/HANDLE,DISPOSABL","IE890","L:10","","MDS15311"
"1956","SCALPEL,SURG,SZ #15,BARD PARKE","IE890","L:10","","372615"
"1994","SYRINGE,10CC,L/L","IE890","L:20","","302995"
"2032","WOUND,CLOSURE STRIP,1/2IN X 4I","IE890","L:10","","R1547"
"2041","DRESSING,TRANSPARENT,4X4 3/4IN","IE890","L:10","","1616"
"5595","GLOVE,BIOGEL,7,STERILE","IE890","L:15","","41170"
"9306","SPONGE,GAUZE,DRAIN,4 X 4IN,6-P","IE890","L:10","","7086"
"9333","GOWN,SURG,REINFORCED,LG","IE890","L:3","","9011EL"
"9402","GOWN,SURG,IMPERVIOUS,STER,DISP","IE890","L:3","","C9545"
"9427","SYRINGE,3CC,L/L","IE890","L:20","","1180300777"
"9435","SYRINGE,60CC,L/L","IE890","L:3","","8881560125"
"10934","SNGE,5ML,LUER LOCK","IE890","L:20","","309646"
"10936","SYRINGE,W/O NEEDLE,20ML,LL TIP","IE890","L:10","","1182000777"
"18932","DRESSING,TRANSPARENT,2 3/8INX2","IE890","L:10","","1624W"
"20408","DILATOR,RADIOPAQUE,20FR","IE890","L:10","","G01471"
"22138","NEEDLE,SAFET,18GAX1.5IN,1M","IE890","L:30","","8881850815"
"22444","INTRODUCER,SHEATH,8FR,10/11CM,","IE890","L:5","","RSB802"
"22456","INTRODUCER,SHEATH,6FR,L 10CM,P","IE890","L:10","","RSB602"
"22470","INTRODUCER,SHEATH,7FR,L 10CM,W","IE890","L:5","","RSB702"
"22508","INTRODUCER,SHEATH,VASCULAR,7FR","IE890","L:5","","RSB703"
"22510","ADAPTER,SIDE ARM,LG BORE TUOHY","IE890","L:5","","G06299"
"22511","ACCESSORY,ANGIOGRAPHY,FLOSWITC","IE890","L:20","","M001442011"
"22519","GUIDEWIRE,VASCULAR,SPECIALTY,D","IE890","L:10","","RF*GA35183A"
"22520","GUIDEWIRE,VASCULAR,L 180CM,FLE","IE890","L:5","","RF*GS35183A"
"22521","GUIDEWIRE,VASCULAR,DIA 0.035IN","IE890","L:10","","RF*GA35263A"
"22523","GUIDEWIRE,VASCULAR,STIFF SHAFT","IE890","L:10","","RF*PA35183A"
"22524","GUIDEWIRE,VASCULAR,STIFF SHAFT","IE890","L:5","","RF*PS35183A"
"22525","GUIDEWIRE,VASCULAR,STIFF SHAFT","IE890","L:10","","RF*PA35263A"
"22537","GUIDEWIRE,VASCULAR,AMPLATZ SUP","IE890","L:10","","M001465251"
"22545","GUIDEWIRE,VASCULAR,ROSEN,DIA 0","IE890","L:5","","M001491571"
"22546","ADHESIVE,SKIN CLOSURE,TOPICAL","IE890","L:12","","LX6"
"22547","DEVICE,PTA INFLATION,DILATATIO","IE890","L:4","","IN4130"
"22590","TUBING,ARTERIAL PRESSURE,48IN,","IE890","L:5","","92051483"
"22608","INTRODUCER,SHEATH,ANSEL MOD 2,","IE890","L:5","","G29983"
"22609","INTRODUCER,SHEATH,ANSEL,7FR,L","IE890","L:2","","G29986"
"22616","CATHETER,SIM2,5F","IE890","L:3","","G08420"
"22620","GLIDECATH,5FR,65CM LONG,COBRA1","IE890","L:5","","RF*XB4510GA"
"22622","CATH,DIAG,BEACON TIP TORCON NB","IE890","L:5","","G12170"
"22623","CATH,ANGIOGRAPHY,5FR,L 100CM,A","IE890","L:10","","G11457"
"22689","MANIFOLD,PRESSURE MONITORING,P","IE890","L:5","","70038107"
"23604","WIRE,AMPLATZ,SUPER STIFF,SHORT","IE890","L:5","","M001465091"
"24045","CATHETER,RIM,5FR","IE890","L:5","","56535RIM"
"24112","CATH,DIAG,SEL,SOFT-VU,SOS OMNI","IE890","L:5","","10720405"
"24204","DRAPE,FEMORAL,ANGIOGRAPHY","IE890","L:3","","29560"
"24568","COVER,PROBE,3D","IE890","L:5","","20-P3D548"
"26592","STOPCOCK,3-WAY,HI PRES","IE890","L:20","","H3RRC"
"27016","CATHETER,INTERNAL MAMMORY,5FR","IE890","L:3","","7531-13"
"27045","CATHETER,PIGTAIL,ANGLED,5FR","IE890","L:5","","7776-33"
"27050","DECANTER,BAG,L/F","IE890","L:5","","10-102"
"27256","SET,PUNCTURE,MICRO,5FR,10CM,IN","IE890","L:10","","G48008"
"27702","LABELS,STERILE,MEDICATIONS","IE890","L:10","","9VAPH37-DTR"
"27831","DRESSING,ANTIMICROBIAL,BIOPATC","IE890","L:5","","4150"
"27936","SUTURE,BRAIDED VICRYL,4-0,18IN","IE890","L:12","","J496H"
"27967","SUTURE,3/0 VICRYL PLUS,SH,VCP4","IE890","L:12","","VCP416H"
"28036","CATH,DIAG,ANGIO,ACCU-VU,VESSEL","IE890","L:5","","H787137098015"
"28481","TOWEL,RAYPAQUE,SAFETY,STERILE,","IE890","L:3","","AVID262"
"29193","CATHETER,GLIDE,C2","IE890","L:10","","CG502"
"29319","BALLOON,ANGIOPLASTY,PTA DILATA","IE890","L:3","","AB35W06040080"
"29322","BALLOON,ANGIOPLASTY,PTA DILATA","IE890","L:3","","AB35W07040080"
"29323","BALLOON,ANGIOPLASTY,PTA DILATA","IE890","L:3","","AB35W07080080"
"29324","BALLOON,ANGIOPLAST,PTA DILATAT","IE890","L:3","","AB35W08040080"
"29325","BALLOON,ANGIOPLASTY,PTA DILATA","IE890","L:3","","AB35W09020080"
"29326","BALLOON,ANGIOPLASTY,PTA DILATA","IE890","L:3","","AB35W09040080"
"29328","BALLOO,ANGIOPLASTY,PTA DILATAT","IE890","L:3","","AB35W10040080"
"29373","BALLOON,ANGIOPLASTY,PTA DILATA","IE890","L:3","","AB35W04020080"
"29610","CHLORAPREP,10.5ML,HI LITE,ORAN","IE890","L:10","","930715"
"29611","CHLORAPREP,26ML,HI LITE,ORANGE","IE890","L:10","","930815"
"29910","BALLOON,ANGIOPLASTY,PTA DILATA","IE890","L:3","","AB35W06020080"
"29911","BALLOON,ANGIOPLASTY,PTA DILATA","IE890","L:3","","AB35W05020080"
"29912","BALLOON,ANGIOPLASTY,PTA DILATA","IE890","L:3","","AB35W05040080"
"29965","BALLOON,ANGIOPLAST,PTA,DILATIO","IE890","L:3","","AB35W12040080"
"32277","STAYFIX,SMALL,5FR-14FR","IE890","L:20","","680ME"
"32973","WIRE,GLIDE,ADVANTAGE,260","IE890","L:5","","GA3502"
"33083","COVER,SNAP,CAP","IE890","L:5","","SNAPCAPST"
"34225","BANDAGE TIPSTOP","IE890","L:10","","114555"
"35451","INTRODUCER,MICRO,STIFFEN,5FR","IE890","L:10","","7272V"
"35486","FLUSH,SALINE,10ML,IN 10ML SYR,","IE890","L:15","","306546"
"35962","SYRINGE,POWER INJECTABLE","IE890","L:20","","ART 700 SYR"
"36752","INTERVENTIONAL,QUIKCLOT,W/OUT","IE890","L:5","","467-Z"
"38082","FORCEP,ADSON,STERILE,SINGLE US","IE890","L:10","","SS11-1021 F"
"38083","SCISSORS,IRIS,CVD,STERILE,SING","IE890","L:5","","66150"
"38084","HOLDER,NEEDLE,WEBSTER,STERILE,","IE890","L:5","","67120"
"38085","SCISSORS,IRIS,ST,STERILE KIT,S","IE890","L:5","","66155"
"50482","CATH SPRT 150CM 4FR .58MM TRLB","IE890","L:5","","ASC-018-150"
"50698","SHEATH,8FR,45CM","IE890","L:2","","54-84501"
"96017","FORCEP,KELLY,CVD,5.5IN,DISP","IE890","L:5","","SS09-0627 F"
"434","GAUZE,OR,4X4,STERILE","IE891","L:5","","8045"
"1821","TUBE,EXTENSION,K51","IE891","L:5","","2C6226"
"1826","NEEDLE,HYPO,25GA X 1 1/2IN,REG","IE891","L:20","","305127"
"1913","GLOVE,BIOGEL,6.5,STERILE","IE891","L:5","","41165"
"1914","GLOVE,NON LATEX BIOGEL,7.5,STE","IE891","L:5","","41175"
"1915","GLOVE,BIOGEL,8,STERILE","IE891","L:5","","41180"
"1955","SCALPEL,#11,W/HANDLE,DISPOSABL","IE891","L:10","","MDS15311"
"1956","SCALPEL,SURG,SZ #15,BARD PARKE","IE891","L:10","","372615"
"1994","SYRINGE,10CC,L/L","IE891","L:20","","302995"
"2032","WOUND,CLOSURE STRIP,1/2IN X 4I","IE891","L:10","","R1547"
"2041","DRESSING,TRANSPARENT,4X4 3/4IN","IE891","L:10","","1616"
"5595","GLOVE,BIOGEL,7,STERILE","IE891","L:5","","41170"
"9306","SPONGE,GAUZE,DRAIN,4 X 4IN,6-P","IE891","L:10","","7086"
"9333","GOWN,SURG,REINFORCED,LG","IE891","L:5","","9011EL"
"9402","GOWN,SURG,IMPERVIOUS,STER,DISP","IE891","L:5","","C9545"
"9427","SYRINGE,3CC,L/L","IE891","L:20","","1180300777"
"9435","SYRINGE,60CC,L/L","IE891","L:3","","8881560125"
"10934","SNGE,5ML,LUER LOCK","IE891","L:20","","309646"
"10936","SYRINGE,W/O NEEDLE,20ML,LL TIP","IE891","L:10","","1182000777"
"18932","DRESSING,TRANSPARENT,2 3/8INX2","IE891","L:10","","1624W"
"20057","CANNULA,NEEDLELESS,ACCESS VALV","IE891","L:25","","MC100"
"20408","DILATOR,RADIOPAQUE,20FR","IE891","L:10","","G01471"
"22138","NEEDLE,SAFET,18GAX1.5IN,1M","IE891","L:30","","8881850815"
"22444","INTRODUCER,SHEATH,8FR,10/11CM,","IE891","L:5","","RSB802"
"22456","INTRODUCER,SHEATH,6FR,L 10CM,P","IE891","L:10","","RSB602"
"22470","INTRODUCER,SHEATH,7FR,L 10CM,W","IE891","L:5","","RSB702"
"22507","INTRODUCER,SHEATH,6FR,L 25CM,G","IE891","L:5","","M00115965B1"
"22508","INTRODUCER,SHEATH,VASCULAR,7FR","IE891","L:5","","RSB703"
"22510","ADAPTER,SIDE ARM,LG BORE TUOHY","IE891","L:5","","G06299"
"22511","ACCESSORY,ANGIOGRAPHY,FLOSWITC","IE891","L:20","","M001442011"
"22519","GUIDEWIRE,VASCULAR,SPECIALTY,D","IE891","L:10","","RF*GA35183A"
"22520","GUIDEWIRE,VASCULAR,L 180CM,FLE","IE891","L:5","","RF*GS35183A"
"22521","GUIDEWIRE,VASCULAR,DIA 0.035IN","IE891","L:10","","RF*GA35263A"
"22523","GUIDEWIRE,VASCULAR,STIFF SHAFT","IE891","L:10","","RF*PA35183A"
"22524","GUIDEWIRE,VASCULAR,STIFF SHAFT","IE891","L:5","","RF*PS35183A"
"22525","GUIDEWIRE,VASCULAR,STIFF SHAFT","IE891","L:10","","RF*PA35263A"
"22537","GUIDEWIRE,VASCULAR,AMPLATZ SUP","IE891","L:10","","M001465251"
"22545","GUIDEWIRE,VASCULAR,ROSEN,DIA 0","IE891","L:5","","M001491571"
"22546","ADHESIVE,SKIN CLOSURE,TOPICAL","IE891","L:12","","LX6"
"22547","DEVICE,PTA INFLATION,DILATATIO","IE891","L:4","","IN4130"
"22590","TUBING,ARTERIAL PRESSURE,48IN,","IE891","L:5","","92051483"
"22608","INTRODUCER,SHEATH,ANSEL MOD 2,","IE891","L:5","","G29983"
"22609","INTRODUCER,SHEATH,ANSEL,7FR,L","IE891","L:2","","G29986"
"22616","CATHETER,SIM2,5F","IE891","L:5","","G08420"
"22620","GLIDECATH,5FR,65CM LONG,COBRA1","IE891","L:5","","RF*XB4510GA"
"22622","CATH,DIAG,BEACON TIP TORCON NB","IE891","L:5","","G12170"
"22623","CATH,ANGIOGRAPHY,5FR,L 100CM,A","IE891","L:10","","G11457"
"22689","MANIFOLD,PRESSURE MONITORING,P","IE891","L:5","","70038107"
"22695","DEVICE,URINARY CATH SECURING,S","IE891","L:5","","680ME"
"23604","WIRE,AMPLATZ,SUPER STIFF,SHORT","IE891","L:5","","M001465091"
"24045","CATHETER,RIM,5FR","IE891","L:5","","56535RIM"
"24112","CATH,DIAG,SEL,SOFT-VU,SOS OMNI","IE891","L:2","","10720405"
"24204","DRAPE,FEMORAL,ANGIOGRAPHY","IE891","L:3","","29560"
"24568","COVER,PROBE,3D","IE891","L:5","","20-P3D548"
"26592","STOPCOCK,3-WAY,HI PRES","IE891","L:20","","H3RRC"
"27016","CATHETER,INTERNAL MAMMORY,5FR","IE891","L:3","","7531-13"
"27045","CATHETER,PIGTAIL,ANGLED,5FR","IE891","L:5","","7776-33"
"27050","DECANTER,BAG,L/F","IE891","L:2","","10-102"
"27256","SET,PUNCTURE,MICRO,5FR,10CM,IN","IE891","L:10","","G48008"
"27702","LABELS,STERILE,MEDICATIONS","IE891","L:10","","9VAPH37-DTR"
"27831","DRESSING,ANTIMICROBIAL,BIOPATC","IE891","L:5","","4150"
"27936","SUTURE,BRAIDED VICRYL,4-0,18IN","IE891","L:12","","J496H"
"27967","SUTURE,3/0 VICRYL PLUS,SH,VCP4","IE891","L:12","","VCP416H"
"28036","CATH,DIAG,ANGIO,ACCU-VU,VESSEL","IE891","L:5","","H787137098015"
"28481","TOWEL,RAYPAQUE,SAFETY,STERILE,","IE891","L:5","","AVID262"
"28494","CATH,DIAG,ANGIO,GLIDECATH,ANG","IE891","L:10","","CG508"
"29193","CATHETER,GLIDE,C2","IE891","L:10","","CG502"
"29319","BALLOON,ANGIOPLASTY,PTA DILATA","IE891","L:3","","AB35W06040080"
"29321","BALLOON,ANGIOPLASTY,PTA DILATA","IE891","L:3","","AB35W07020080"
"29322","BALLOON,ANGIOPLASTY,PTA DILATA","IE891","L:3","","AB35W07040080"
"29323","BALLOON,ANGIOPLASTY,PTA DILATA","IE891","L:3","","AB35W07080080"
"29324","BALLOON,ANGIOPLAST,PTA DILATAT","IE891","L:3","","AB35W08040080"
"29325","BALLOON,ANGIOPLASTY,PTA DILATA","IE891","L:3","","AB35W09020080"
"29326","BALLOON,ANGIOPLASTY,PTA DILATA","IE891","L:3","","AB35W09040080"
"29327","BALLOON,ANGIOPLASTY,PTA DILATA","IE891","L:3","","AB35W10020080"
"29328","BALLOO,ANGIOPLASTY,PTA DILATAT","IE891","L:3","","AB35W10040080"
"29329","BALLOON,ANGIOPLASTY,PTA DILATA","IE891","L:3","","AB35W08020080"
"29373","BALLOON,ANGIOPLASTY,PTA DILATA","IE891","L:3","","AB35W04020080"
"29610","CHLORAPREP,10.5ML,HI LITE,ORAN","IE891","L:10","","930715"
"29611","CHLORAPREP,26ML,HI LITE,ORANGE","IE891","L:10","","930815"
"29910","BALLOON,ANGIOPLASTY,PTA DILATA","IE891","L:3","","AB35W06020080"
"29911","BALLOON,ANGIOPLASTY,PTA DILATA","IE891","L:3","","AB35W05020080"
"29912","BALLOON,ANGIOPLASTY,PTA DILATA","IE891","L:3","","AB35W05040080"
"29965","BALLOON,ANGIOPLAST,PTA,DILATIO","IE891","L:3","","AB35W12040080"
"32973","WIRE,GLIDE,ADVANTAGE,260","IE891","L:5","","GA3502"
"33083","COVER,SNAP,CAP","IE891","L:10","","SNAPCAPST"
"34225","BANDAGE TIPSTOP","IE891","L:10","","114555"
"35451","INTRODUCER,MICRO,STIFFEN,5FR","IE891","L:10","","7272V"
"35486","FLUSH,SALINE,10ML,IN 10ML SYR,","IE891","L:15","","306546"
"36752","INTERVENTIONAL,QUIKCLOT,W/OUT","IE891","L:5","","467-Z"
"38082","FORCEP,ADSON,STERILE,SINGLE US","IE891","L:6","","SS11-1021 F"
"38083","SCISSORS,IRIS,CVD,STERILE,SING","IE891","L:5","","66150"
"38084","HOLDER,NEEDLE,WEBSTER,STERILE,","IE891","L:5","","67120"
"38085","SCISSORS,IRIS,ST,STERILE KIT,S","IE891","L:5","","66155"
"39071","GUIDING SHEATH STRAIGHT 6.5FR","IE891","L:2","","DST0655507D2"
"48282","GLIDEWIRE,GT,180, DOUBLE ANGLE","IE891","L:3","","RG*GW1820SP"
"50482","CATH SPRT 150CM 4FR .58MM TRLB","IE891","L:5","","ASC-018-150"
"50698","SHEATH,8FR,45CM","IE891","L:2","","54-84501"
"96017","FORCEP,KELLY,CVD,5.5IN,DISP","IE891","L:5","","SS09-0627 F"
"180","STRAW,DRINKING,FLEXIBLE","IE897","L:25","","NON02315"
"445","MOUTHWASH,4OZ,MINT,NON-ALCOHOL","IE897","L:5","","CTR000413"
"468","DIAPER,ADULT,BRIEF,LARGE,TAPE","IE897","L:12","","MSC33505"
"469","DIAPER,ADULT,BRIEF,MED,WHITE,D","IE897","L:12","","60033"
"1776","PACK,HOT/COLD","IE897","L:3","","33500"
"1906","DRESSING,3X16IN,NONADHERENT,ST","IE897","L:5","","CUR250317"
"1972","TUBE,SUCTION,YANKAUER","IE897","L:2","","K86"
"1986","PACKING,WOUND,PLN,1/2IN X 5YD,","IE897","L:2","","7632"
"1998","CUP,DENTURE,8OZ,W/LID,PLASTIC","IE897","L:5","","DYND70293"
"2041","DRESSING,TRANSPARENT,4X4 3/4IN","IE897","L:5","","1616"
"2042","DRESSING,TRANSPARENT,10INX5 1/","IE897","L:4","","1628"
"2043","DRESSING,IMPREGNATED,3 X 3IN,O","IE897","L:4","","6112"
"2189","WIPES,PERSONAL,TOWELETTE,PRE-M","IE897","L:15","","MDS094181"
"2314","BEDPAN,FRACTURE,PLSTC,REUSABLE","IE897","L:2","","DYNC8522"
"3427","BAG,PLASTIC,12X16IN","IE897","L:25","","EKN5396"
"5960","SPONGE,GAUZE,2 X 2IN,STER,8-PL","IE897","L:25","","1806G"
"6288","SWAB,MOUTH,TOOTHETTE,FOAM TIPP","IE897","L:2","","6120"
"6291","TAPE,ADHESIVE,CLOTH,1IN","IE897","L:5","","1538-1"
"6357","TISSUE,FACIAL,2-PLY,8 X 8IN,10","IE897","L:6","","48550"
"8429","CANNULA,INNER,DISP,#6","IE897","L:2","","6IC75"
"9295","PAD,ALCOHOL,70% ISOPROPYL","IE897","L:400","","6818"
"9301","SPONGE,GAUZE,4 X 4IN,100% COTT","IE897","L:25","","3033G"
"9309","BAG,PAPER,GROCERY,# 25","IE897","L:15","","NONBPB25H"
"9311","BASIN,EMESIS,DISP,PLASTIC","IE897","L:6","","DYND80327N"
"9313","CUP,STYROFOAM,6OZ,DISP","IE897","L:5","","6J6"
"9415","URINAL,MALE,PLSTC,1000ML,W/LID","IE897","L:8","","DYND80235S"
"10931","TAPE,ADHESIVE,PAPER,1I,HYPO","IE897","L:4","","1530-1"
"10938","CUP,MEDICINE,10Z,PLASTIC","IE897","L:2","","DYND80000N"
"12562","TOOTHBRUSH,STRAIGHT,ADULT SIZE","IE897","L:6","","55501"
"13492","COMB,HAIR,PLASTIC,5IN","IE897","L:6","","MDS137007Z"
"15911","RING,BARRIER,SKIN","IE897","L:3","","7805"
"20943","GOWN,ISOLATION,DISPOSABLE,FULL","IE897","L:60","","A69961-C"
"22288","TAPE,MEDICAL,SOFT CLOTH,2IN","IE897","L:3","","2862"
"22351","SYRINGE,TB,1CC,28GAX1/2IN,SAFE","IE897","L:15","","8881882812"
"22755","DIAPER,ADULT,XLARGE","IE897","L:10","","66035"
"22917","TABLET,DENTURE,CLEANSER","IE897","L:15","","MDS136405"
"23695","SCISSORS-SHARP/BLUNT-5.5-STERI","IE897","L:5","","65945"
"24811","COVER,THERMOMETER PROBE,SURETE","IE897","L:5","","05031-750"
"27870","MEPILEX,BORDER LITE,2X5","IE897","L:10","","581100"
"27871","MEPILEX,BORDER LITE,3X3","IE897","L:5","","595200"
"29660","SLEEVE,FULL ARM,SHOWER PROT,RE","IE897","L:3","","12106"
"29662","SLEEVE,FOOT TO THIGH,SHOWER,PR","IE897","L:3","","03202-THIGH HI"
"29845","KIT,ORAL CARE","IE897","L:3","","6429"
"30016","DRESSING,BORDER LITE,MEPILEX,4","IE897","L:10","","595300"
"30062","WASH,SHAMPOO,BODY,4OZ","IE897","L:5","","MSC092SBW04"
"30172","TOOTHPASTE,TUBE,.85 OZ","IE897","L:10","","9782"
"30199","ADHESIVE,CREAM,FIXODENT","IE897","L:2","","80717506"
"31669","BARRIER,CREAM,PROTEC,4OZ","IE897","L:2","","325614"
"31670","FOAM,CLEANSING,ALOE VESTA,8OZ","IE897","L:3","","MSC092104"
"32527","GLOVE,EXAM,NITRILE,SM,LTX-FREE","IE897","L:1","","72-50901"
"32528","GLOVE,EXAM,NITRILE,MED,LTX-FRE","IE897","L:1","","72-50902"
"32529","GLOVE,EXAM,NITRILE,LG,LTX-FREE","IE897","L:2","","72-50903"
"32530","GLOVE,EXAM,NITRILE,XL,LTX-FREE","IE897","L:2","","72-50904"
"32679","CREAM,SKIN REPAIR,REMEDY,4OZ","IE897","L:2","","MSC0924004"
"35486","FLUSH,SALINE,10ML,IN 10ML SYR,","IE897","L:60","","306546"
"36580","COVER,URINARY,DRAIN,BAG,FABRIC","IE897","L:5","","DYND15200"
"37163","BASIN,WASH,PLASTIC,DISPOSABLE,","IE897","L:6","","DYND80347"
"37293","BAG,EMESIS,BLUE","IE897","L:3","","EME-BAG"
"39199","CUFF,BP,1 PIECE,ADULT,TUBELESS","IE897","L:8","","SOFT-11"
"39201","CUFF,BP,1 PIECE,ADULT,LARGE,TU","IE897","L:5","","30503-14A"
"39203","CUFF,BP,1 PIECE,ADULT,LONG,TUB","IE897","L:5","","SOFT-11L"
"39581","MEPILEX,BORDER,SACRUM,16X20CM","IE897","L:20","","282055"
"39961","BARRIER FILM,CAVILION,1.0ML WI","IE897","L:25","","3344"
"40909","DEODORANT,ROLL ON,1.5 OZ","IE897","L:4","","MSC095010"
"41595","CANNULA,NASAL,O2,NON-FLARE TIP","IE897","L:6","","1365"
"42036","LINER,PITCHER,PLSTC,CARAFE,1QT","IE897","L:50","","DYND80528"
"42037","PITCHER,HANDLE,W/LID,GRAPHITE","IE897","L:15","","DYND80535N"
"43118","SLIPPER,FALL PREVENTION,YELLOW","IE897","L:4","","MDTPS4B05FPY"
"48478","WRAP,INCONTINENCE,QUICKCHANGE","IE897","L:25","","UIM1025"
"49967","CATHETER,MALE,PUREWICK","IE897","L:4","","PWM030"
"50419","CLEANSER DERMAL OR PERINEAL NE","IE897","L:5","","MSC095311"
"50420","WIPES,PERSONAL,SKIN CLEANSING/","IE897","L:15","","MSC092503"
"50421","WIPE,PERSONAL,CLEANSING,PRE-MO","IE897","L:5","","MSC095102"
"50423","LIPBALM,REMEDY,PHYTOPLEX,0.15","IE897","L:10","",""
"59596","BAG,EMESIS,WHITE,HDPE","IE897","L:3","","NON80331"
"60061","KIT,SHAVING,1.5OZ,CREAM DISPOS","IE897","L:3","","DYKD2001S"
"99015","BAG,PATIENT,BELONGING","IE897","L:25","","BIOBAGGY1820"
"129613","CANNULA,BLUNT,PLASTIC","IE897","L:50","","8881540111"
"177","TUBING,SUCTION,1/4IN X 12FT","IE898","L:6","","8888301622"
"180","STRAW,DRINKING,FLEXIBLE","IE898","L:25","","NON02315"
"246","PITCHER,DRINKING,1QT,FOAM","IE898","L:50","","DYND80412"
"445","MOUTHWASH,4OZ,MINT,NON-ALCOHOL","IE898","L:5","","CTR000413"
"468","DIAPER,ADULT,BRIEF,LARGE,TAPE","IE898","L:12","","MSC33505"
"469","DIAPER,ADULT,BRIEF,MED,WHITE,D","IE898","L:12","","60033"
"1622","UNDERPAD,BED,30X36IN,TRANQUILI","IE898","L:20","","2710"
"1776","PACK,HOT/COLD","IE898","L:3","","33500"
"1906","DRESSING,3X16IN,NONADHERENT,ST","IE898","L:5","","CUR250317"
"1972","TUBE,SUCTION,YANKAUER","IE898","L:2","","K86"
"1986","PACKING,WOUND,PLN,1/2IN X 5YD,","IE898","L:2","","7632"
"1998","CUP,DENTURE,8OZ,W/LID,PLASTIC","IE898","L:5","","DYND70293"
"2041","DRESSING,TRANSPARENT,4X4 3/4IN","IE898","L:5","","1616"
"2042","DRESSING,TRANSPARENT,10INX5 1/","IE898","L:4","","1628"
"2043","DRESSING,IMPREGNATED,3 X 3IN,O","IE898","L:4","","6112"
"2189","WIPES,PERSONAL,TOWELETTE,PRE-M","IE898","L:15","","MDS094181"
"2314","BEDPAN,FRACTURE,PLSTC,REUSABLE","IE898","L:2","","DYNC8522"
"2629","CATHETER,COUDE,CARSON,14FR,5CC","IE898","L:8","","0168L14"
"3427","BAG,PLASTIC,12X16IN","IE898","L:25","","EKN5396"
"5038","SOLUTION,INTRAVENOUS,IN 0.9% N","IE898","L:5","","2B1323Q"
"5039","SOLUTION,INTRAVENOUS,IN 0.9% N","IE898","L:20","","2B1324X"
"5042","SOLUTION,INTRAVENOUS,LR,1000ML","IE898","L:10","","2B2324X"
"5960","SPONGE,GAUZE,2 X 2IN,STER,8-PL","IE898","L:25","","1806G"
"6288","SWAB,MOUTH,TOOTHETTE,FOAM TIPP","IE898","L:2","","6120"
"6291","TAPE,ADHESIVE,CLOTH,1IN","IE898","L:5","","1538-1"
"6357","TISSUE,FACIAL,2-PLY,8 X 8IN,10","IE898","L:10","","48550"
"8429","CANNULA,INNER,DISP,#6","IE898","L:2","","6IC75"
"9295","PAD,ALCOHOL,70% ISOPROPYL","IE898","L:400","","6818"
"9301","SPONGE,GAUZE,4 X 4IN,100% COTT","IE898","L:25","","3033G"
"9309","BAG,PAPER,GROCERY,# 25","IE898","L:15","","NONBPB25H"
"9311","BASIN,EMESIS,DISP,PLASTIC","IE898","L:6","","DYND80327N"
"9312","COTTON BALL,UNCOVERED,DIA 2IN,","IE898","L:4","","MDS21463"
"9313","CUP,STYROFOAM,6OZ,DISP","IE898","L:5","","6J6"
"9415","URINAL,MALE,PLSTC,1000ML,W/LID","IE898","L:6","","DYND80235S"
"9427","SYRINGE,3CC,L/L","IE898","L:50","","1180300777"
"10931","TAPE,ADHESIVE,PAPER,1I,HYPO","IE898","L:4","","1530-1"
"10934","SNGE,5ML,LUER LOCK","IE898","L:20","","309646"
"10938","CUP,MEDICINE,10Z,PLASTIC","IE898","L:2","","DYND80000N"
"12562","TOOTHBRUSH,STRAIGHT,ADULT SIZE","IE898","L:6","","55501"
"13492","COMB,HAIR,PLASTIC,5IN","IE898","L:6","","MDS137007Z"
"15911","RING,BARRIER,SKIN","IE898","L:3","","7805"
"16927","LANCET,SAFETY,1.8MM,21GA","IE898","L:1","","8290366577"
"20943","GOWN,ISOLATION,DISPOSABLE,FULL","IE898","L:60","","A69961-C"
"22288","TAPE,MEDICAL,SOFT CLOTH,2IN","IE898","L:3","","2862"
"22351","SYRINGE,TB,1CC,28GAX1/2IN,SAFE","IE898","L:15","","8881882812"
"22755","DIAPER,ADULT,XLARGE","IE898","L:10","","66035"
"22917","TABLET,DENTURE,CLEANSER","IE898","L:15","","MDS136405"
"23695","SCISSORS-SHARP/BLUNT-5.5-STERI","IE898","L:5","","65945"
"24811","COVER,THERMOMETER PROBE,SURETE","IE898","L:10","","05031-750"
"27870","MEPILEX,BORDER LITE,2X5","IE898","L:10","","581100"
"27871","MEPILEX,BORDER LITE,3X3","IE898","L:5","","595200"
"29660","SLEEVE,FULL ARM,SHOWER PROT,RE","IE898","L:3","","12106"
"29662","SLEEVE,FOOT TO THIGH,SHOWER,PR","IE898","L:3","","03202-THIGH HI"
"29845","KIT,ORAL CARE","IE898","L:3","","6429"
"30016","DRESSING,BORDER LITE,MEPILEX,4","IE898","L:10","","595300"
"30039","DRESSING,XEROFORM,PETROLATUM,F","IE898","L:5","","8884433605"
"30062","WASH,SHAMPOO,BODY,4OZ","IE898","L:5","","MSC092SBW04"
"30172","TOOTHPASTE,TUBE,.85 OZ","IE898","L:10","","9782"
"30199","ADHESIVE,CREAM,FIXODENT","IE898","L:2","","80717506"
"31669","BARRIER,CREAM,PROTEC,4OZ","IE898","L:2","","325614"
"31670","FOAM,CLEANSING,ALOE VESTA,8OZ","IE898","L:3","","MSC092104"
"32527","GLOVE,EXAM,NITRILE,SM,LTX-FREE","IE898","L:1","","72-50901"
"32528","GLOVE,EXAM,NITRILE,MED,LTX-FRE","IE898","L:2","","72-50902"
"32529","GLOVE,EXAM,NITRILE,LG,LTX-FREE","IE898","L:2","","72-50903"
"32530","GLOVE,EXAM,NITRILE,XL,LTX-FREE","IE898","L:2","","72-50904"
"32679","CREAM,SKIN REPAIR,REMEDY,4OZ","IE898","L:2","","MSC0924004"
"35069","CAP,IV,DISINFECT,CUROS,JET","IE898","L:10","","CFJ5-250"
"35362","BAG,PLASTIC,BEDSIDE,6.5X3.5X11","IE898","L:100","","NON24309P"
"35486","FLUSH,SALINE,10ML,IN 10ML SYR,","IE898","L:60","","306546"
"35511","JELLY,SURGILUBE,STERILE,5GM","IE898","L:0","","281020545"
"36580","COVER,URINARY,DRAIN,BAG,FABRIC","IE898","L:5","","DYND15200"
"37163","BASIN,WASH,PLASTIC,DISPOSABLE,","IE898","L:6","","DYND80347"
"37293","BAG,EMESIS,BLUE","IE898","L:3","","EME-BAG"
"37957","APPLICATOR,ULTRAMIST","IE898","L:0","","CP-80040"
"38459","CAP,MALE,TIPS,DISINFECTION,3M","IE898","L:10","","CM5-200"
"38875","TRAY,CATHETER,ITNTERMITTENT,14","IE898","L:12","","DYND10402"
"39199","CUFF,BP,1 PIECE,ADULT,TUBELESS","IE898","L:8","","SOFT-11"
"39201","CUFF,BP,1 PIECE,ADULT,LARGE,TU","IE898","L:5","","30503-14A"
"39202","CUFF,BP,1 PIECE,ADULT,SMALL,TU","IE898","L:4","","30503-12A"
"39203","CUFF,BP,1 PIECE,ADULT,LONG,TUB","IE898","L:5","","SOFT-11L"
"39581","MEPILEX,BORDER,SACRUM,16X20CM","IE898","L:20","","282055"
"39961","BARRIER FILM,CAVILION,1.0ML WI","IE898","L:25","","3344"
"40909","DEODORANT,ROLL ON,1.5 OZ","IE898","L:4","","MSC095010"
"41595","CANNULA,NASAL,O2,NON-FLARE TIP","IE898","L:6","","1365"
"42036","LINER,PITCHER,PLSTC,CARAFE,1QT","IE898","L:50","","DYND80528"
"42037","PITCHER,HANDLE,W/LID,GRAPHITE","IE898","L:15","","DYND80535N"
"42720","CATHETER,FEMALE,PUREWICK","IE898","L:6","","PWF030F"
"42735","MASK,FACE,PROCEDURE,FULL PLTD,","IE898","L:0","","PPE-M-AS-SUR-S"
"43118","SLIPPER,FALL PREVENTION,YELLOW","IE898","L:4","","MDTPS4B05FPY"
"48478","WRAP,INCONTINENCE,QUICKCHANGE","IE898","L:25","","UIM1025"
"49967","CATHETER,MALE,PUREWICK","IE898","L:6","","PWM030"
"50210","BAG,ENTERAL,DUAL,KANGAROO,OMNI","IE898","L:2","","B10FF"
"50419","CLEANSER DERMAL OR PERINEAL NE","IE898","L:5","","MSC095311"
"50420","WIPES,PERSONAL,SKIN CLEANSING/","IE898","L:25","","MSC092503"
"50421","WIPE,PERSONAL,CLEANSING,PRE-MO","IE898","L:5","","MSC095102"
"50422","CAP,SHAMPOO/CONDITIONER,ALL IN","IE898","L:6","",""
"50423","LIPBALM,REMEDY,PHYTOPLEX,0.15","IE898","L:10","",""
"50617","SET,IV ADMIN,INF,SMARTSITE,NEE","IE898","L:20","","2420-0007"
"50641","IV ADMIN SET,SECONDARY,40 W/ H","IE898","L:20","","DYNDTA1540"
"50803","KIT,DRESSING,CENTRAL LINE,PICC","IE898","L:2","",""
"59596","BAG,EMESIS,WHITE,HDPE","IE898","L:3","","NON80331"
"60061","KIT,SHAVING,1.5OZ,CREAM DISPOS","IE898","L:3","","DYKD2001S"
"99015","BAG,PATIENT,BELONGING","IE898","L:25","","BIOBAGGY1820"
"129613","CANNULA,BLUNT,PLASTIC","IE898","L:50","","8881540111"